id,mapa,poblacion_inicial,semilla,algoritmo,evacuados,fallecidos,pendientes,supervivencia,turnos_ejecutados,turno_ultimo_evacuado,motivo_termino,movimientos,esperas,planificaciones,segundos_ejecucion
0,/home/stack/schl/Escape-Torre-IA/maps/bottleneck.txt,150,30000,bfs,67,83,0,0.44666666666666666,42,41,sin_agentes_pendientes,4560,384,487,0.7403399239992723
1,/home/stack/schl/Escape-Torre-IA/maps/bottleneck.txt,150,30000,dfs,27,123,0,0.18,42,39,sin_agentes_pendientes,5594,18,1463,2.1017340759863146
2,/home/stack/schl/Escape-Torre-IA/maps/bottleneck.txt,150,30000,ucs,67,83,0,0.44666666666666666,42,41,sin_agentes_pendientes,4632,256,490,1.5547952490160242
3,/home/stack/schl/Escape-Torre-IA/maps/bottleneck.txt,150,30000,a_star,67,83,0,0.44666666666666666,42,41,sin_agentes_pendientes,4632,256,489,0.784548536001239
4,/home/stack/schl/Escape-Torre-IA/maps/bottleneck.txt,150,30000,greedy,66,84,0,0.44,42,41,sin_agentes_pendientes,4634,317,590,0.5386927900253795
5,/home/stack/schl/Escape-Torre-IA/maps/bottleneck.txt,150,30000,ida_star,67,83,0,0.44666666666666666,42,41,sin_agentes_pendientes,4604,304,533,3.466167160018813
6,/home/stack/schl/Escape-Torre-IA/maps/bottleneck.txt,150,30000,genetico,67,83,0,0.44666666666666666,42,41,sin_agentes_pendientes,4645,361,657,1.6528007829911076
7,/home/stack/schl/Escape-Torre-IA/maps/bottleneck.txt,150,30001,bfs,68,82,0,0.4533333333333333,44,43,sin_agentes_pendientes,4704,276,608,0.7397948580037337
8,/home/stack/schl/Escape-Torre-IA/maps/bottleneck.txt,150,30001,dfs,15,135,0,0.1,44,43,sin_agentes_pendientes,5933,34,1285,2.2387440309976228
9,/home/stack/schl/Escape-Torre-IA/maps/bottleneck.txt,150,30001,ucs,68,82,0,0.4533333333333333,44,43,sin_agentes_pendientes,4683,269,463,1.3278802550048567
10,/home/stack/schl/Escape-Torre-IA/maps/bottleneck.txt,150,30001,a_star,68,82,0,0.4533333333333333,44,43,sin_agentes_pendientes,4677,275,466,0.7064681490010116
11,/home/stack/schl/Escape-Torre-IA/maps/bottleneck.txt,150,30001,greedy,68,82,0,0.4533333333333333,44,43,sin_agentes_pendientes,4791,205,580,0.5236472130054608
12,/home/stack/schl/Escape-Torre-IA/maps/bottleneck.txt,150,30001,ida_star,68,82,0,0.4533333333333333,44,43,sin_agentes_pendientes,4709,279,524,3.2827657610177994
13,/home/stack/schl/Escape-Torre-IA/maps/bottleneck.txt,150,30001,genetico,68,82,0,0.4533333333333333,44,43,sin_agentes_pendientes,4799,379,643,1.5425306189863477
14,/home/stack/schl/Escape-Torre-IA/maps/bottleneck.txt,150,30002,bfs,115,35,0,0.7666666666666667,70,69,sin_agentes_pendientes,5303,408,446,0.5793295990151819
15,/home/stack/schl/Escape-Torre-IA/maps/bottleneck.txt,150,30002,dfs,42,108,0,0.28,70,64,sin_agentes_pendientes,8155,117,2085,2.628493714990327
16,/home/stack/schl/Escape-Torre-IA/maps/bottleneck.txt,150,30002,ucs,109,41,0,0.7266666666666667,70,64,sin_agentes_pendientes,5400,355,439,1.2675529119733255
17,/home/stack/schl/Escape-Torre-IA/maps/bottleneck.txt,150,30002,a_star,109,41,0,0.7266666666666667,70,64,sin_agentes_pendientes,5379,354,437,0.5453402120037936
18,/home/stack/schl/Escape-Torre-IA/maps/bottleneck.txt,150,30002,greedy,108,42,0,0.72,70,68,sin_agentes_pendientes,5420,257,512,0.39545331001863815
19,/home/stack/schl/Escape-Torre-IA/maps/bottleneck.txt,150,30002,ida_star,112,38,0,0.7466666666666667,70,65,sin_agentes_pendientes,5344,384,438,2.7676801409979817
20,/home/stack/schl/Escape-Torre-IA/maps/bottleneck.txt,150,30002,genetico,120,30,0,0.8,70,66,sin_agentes_pendientes,5474,440,673,1.3257831020164303
21,/home/stack/schl/Escape-Torre-IA/maps/bottleneck.txt,150,30003,bfs,132,18,0,0.88,75,75,sin_agentes_pendientes,5085,1320,716,0.6124136710132007
22,/home/stack/schl/Escape-Torre-IA/maps/bottleneck.txt,150,30003,dfs,57,93,0,0.38,120,113,sin_agentes_pendientes,8546,797,2072,2.0753966119955294
23,/home/stack/schl/Escape-Torre-IA/maps/bottleneck.txt,150,30003,ucs,136,14,0,0.9066666666666666,77,77,sin_agentes_pendientes,5181,1352,677,0.9694865340134129
24,/home/stack/schl/Escape-Torre-IA/maps/bottleneck.txt,150,30003,a_star,136,14,0,0.9066666666666666,77,77,sin_agentes_pendientes,5181,1352,677,0.6056907690071966
25,/home/stack/schl/Escape-Torre-IA/maps/bottleneck.txt,150,30003,greedy,131,19,0,0.8733333333333333,75,75,sin_agentes_pendientes,5257,976,565,0.45904926798539236
26,/home/stack/schl/Escape-Torre-IA/maps/bottleneck.txt,150,30003,ida_star,134,16,0,0.8933333333333333,76,76,sin_agentes_pendientes,5145,1326,712,2.584388832008699
27,/home/stack/schl/Escape-Torre-IA/maps/bottleneck.txt,150,30003,genetico,137,13,0,0.9133333333333333,78,78,sin_agentes_pendientes,5287,1369,1536,1.7911187580029946
28,/home/stack/schl/Escape-Torre-IA/maps/bottleneck.txt,150,30004,bfs,26,124,0,0.17333333333333334,30,29,sin_agentes_pendientes,3720,88,633,0.8522524519939907
29,/home/stack/schl/Escape-Torre-IA/maps/bottleneck.txt,150,30004,dfs,11,139,0,0.07333333333333333,30,27,sin_agentes_pendientes,4018,65,1230,1.7251044969889335
30,/home/stack/schl/Escape-Torre-IA/maps/bottleneck.txt,150,30004,ucs,26,124,0,0.17333333333333334,30,29,sin_agentes_pendientes,3773,55,617,1.9421335759980138
31,/home/stack/schl/Escape-Torre-IA/maps/bottleneck.txt,150,30004,a_star,26,124,0,0.17333333333333334,30,29,sin_agentes_pendientes,3729,85,600,1.0068471340055112
32,/home/stack/schl/Escape-Torre-IA/maps/bottleneck.txt,150,30004,greedy,24,126,0,0.16,30,28,sin_agentes_pendientes,3761,50,661,0.6147344039927702
33,/home/stack/schl/Escape-Torre-IA/maps/bottleneck.txt,150,30004,ida_star,26,124,0,0.17333333333333334,30,29,sin_agentes_pendientes,3772,40,633,4.1302773260104
34,/home/stack/schl/Escape-Torre-IA/maps/bottleneck.txt,150,30004,genetico,29,121,0,0.19333333333333333,30,29,sin_agentes_pendientes,3870,36,474,2.2919381789979525
35,/home/stack/schl/Escape-Torre-IA/maps/bottleneck.txt,150,30005,bfs,67,83,0,0.44666666666666666,48,46,sin_agentes_pendientes,4905,188,793,1.1614691000140738
36,/home/stack/schl/Escape-Torre-IA/maps/bottleneck.txt,150,30005,dfs,23,127,0,0.15333333333333332,48,47,sin_agentes_pendientes,6122,16,1679,2.300688374991296
37,/home/stack/schl/Escape-Torre-IA/maps/bottleneck.txt,150,30005,ucs,66,84,0,0.44,48,47,sin_agentes_pendientes,4950,187,1044,2.7718224879936315
38,/home/stack/schl/Escape-Torre-IA/maps/bottleneck.txt,150,30005,a_star,65,85,0,0.43333333333333335,48,46,sin_agentes_pendientes,4973,186,996,1.355979826010298
39,/home/stack/schl/Escape-Torre-IA/maps/bottleneck.txt,150,30005,greedy,63,87,0,0.42,48,46,sin_agentes_pendientes,4588,267,966,0.7002398380136583
40,/home/stack/schl/Escape-Torre-IA/maps/bottleneck.txt,150,30005,ida_star,67,83,0,0.44666666666666666,48,46,sin_agentes_pendientes,4955,202,917,16.306904361990746
41,/home/stack/schl/Escape-Torre-IA/maps/bottleneck.txt,150,30005,genetico,70,80,0,0.4666666666666667,48,47,sin_agentes_pendientes,5202,105,609,3.619858567020856
42,/home/stack/schl/Escape-Torre-IA/maps/bottleneck.txt,150,30006,bfs,141,9,0,0.94,88,88,sin_agentes_pendientes,5432,904,434,0.5247052710037678
43,/home/stack/schl/Escape-Torre-IA/maps/bottleneck.txt,150,30006,dfs,78,72,0,0.52,123,122,sin_agentes_pendientes,8083,703,2050,1.8959942410001531
44,/home/stack/schl/Escape-Torre-IA/maps/bottleneck.txt,150,30006,ucs,135,15,0,0.9,91,91,sin_agentes_pendientes,5382,815,471,1.0805662329948973
45,/home/stack/schl/Escape-Torre-IA/maps/bottleneck.txt,150,30006,a_star,135,15,0,0.9,91,91,sin_agentes_pendientes,5382,823,480,0.5122911100042984
46,/home/stack/schl/Escape-Torre-IA/maps/bottleneck.txt,150,30006,greedy,132,18,0,0.88,86,86,sin_agentes_pendientes,5125,848,488,0.38383975499891676
47,/home/stack/schl/Escape-Torre-IA/maps/bottleneck.txt,150,30006,ida_star,140,10,0,0.9333333333333333,89,89,sin_agentes_pendientes,5435,863,453,2.728661047993228
48,/home/stack/schl/Escape-Torre-IA/maps/bottleneck.txt,150,30006,genetico,143,7,0,0.9533333333333334,90,90,sin_agentes_pendientes,5604,839,1024,1.5153449850040488
49,/home/stack/schl/Escape-Torre-IA/maps/bottleneck.txt,150,30007,bfs,139,11,0,0.9266666666666666,79,79,sin_agentes_pendientes,5744,790,363,0.5476385859947186
50,/home/stack/schl/Escape-Torre-IA/maps/bottleneck.txt,150,30007,dfs,53,97,0,0.35333333333333333,98,97,sin_agentes_pendientes,10295,608,2213,2.794846842996776
51,/home/stack/schl/Escape-Torre-IA/maps/bottleneck.txt,150,30007,ucs,141,9,0,0.94,80,80,sin_agentes_pendientes,5737,846,365,0.9733888150076382
52,/home/stack/schl/Escape-Torre-IA/maps/bottleneck.txt,150,30007,a_star,141,9,0,0.94,80,80,sin_agentes_pendientes,5737,846,365,0.43217383400769904
53,/home/stack/schl/Escape-Torre-IA/maps/bottleneck.txt,150,30007,greedy,135,15,0,0.9,80,80,sin_agentes_pendientes,5664,713,336,0.3485295970167499
54,/home/stack/schl/Escape-Torre-IA/maps/bottleneck.txt,150,30007,ida_star,139,11,0,0.9266666666666666,79,79,sin_agentes_pendientes,5702,778,339,2.5805145949998405
55,/home/stack/schl/Escape-Torre-IA/maps/bottleneck.txt,150,30007,genetico,149,1,0,0.9933333333333333,84,84,sin_agentes_pendientes,6053,896,1050,1.3980333499785047
56,/home/stack/schl/Escape-Torre-IA/maps/bottleneck.txt,150,30008,bfs,95,55,0,0.6333333333333333,60,56,sin_agentes_pendientes,4952,245,467,0.5702416739950422
57,/home/stack/schl/Escape-Torre-IA/maps/bottleneck.txt,150,30008,dfs,36,114,0,0.24,60,56,sin_agentes_pendientes,6407,523,2119,2.070941292011412
58,/home/stack/schl/Escape-Torre-IA/maps/bottleneck.txt,150,30008,ucs,97,53,0,0.6466666666666666,60,56,sin_agentes_pendientes,4991,321,397,1.0586545660044067
59,/home/stack/schl/Escape-Torre-IA/maps/bottleneck.txt,150,30008,a_star,97,53,0,0.6466666666666666,60,56,sin_agentes_pendientes,4927,311,385,0.47244909199071117
60,/home/stack/schl/Escape-Torre-IA/maps/bottleneck.txt,150,30008,greedy,95,55,0,0.6333333333333333,60,56,sin_agentes_pendientes,4792,198,461,0.3981729789811652
61,/home/stack/schl/Escape-Torre-IA/maps/bottleneck.txt,150,30008,ida_star,97,53,0,0.6466666666666666,60,56,sin_agentes_pendientes,4812,254,457,2.8095140109944623
62,/home/stack/schl/Escape-Torre-IA/maps/bottleneck.txt,150,30008,genetico,97,53,0,0.6466666666666666,60,56,sin_agentes_pendientes,5127,491,706,1.4367782199988142
63,/home/stack/schl/Escape-Torre-IA/maps/bottleneck.txt,150,30009,bfs,134,16,0,0.8933333333333333,77,77,sin_agentes_pendientes,5489,809,437,0.7344283950224053
64,/home/stack/schl/Escape-Torre-IA/maps/bottleneck.txt,150,30009,dfs,42,108,0,0.28,75,74,sin_agentes_pendientes,7413,1176,3018,3.328940348001197
65,/home/stack/schl/Escape-Torre-IA/maps/bottleneck.txt,150,30009,ucs,135,15,0,0.9,77,77,sin_agentes_pendientes,5709,865,443,1.072331461997237
66,/home/stack/schl/Escape-Torre-IA/maps/bottleneck.txt,150,30009,a_star,135,15,0,0.9,77,77,sin_agentes_pendientes,5705,865,441,0.5616806659963913
67,/home/stack/schl/Escape-Torre-IA/maps/bottleneck.txt,150,30009,greedy,121,29,0,0.8066666666666666,73,73,sin_agentes_pendientes,5325,600,516,0.5103225889906753
68,/home/stack/schl/Escape-Torre-IA/maps/bottleneck.txt,150,30009,ida_star,129,21,0,0.86,75,74,sin_agentes_pendientes,5546,749,471,2.8010767579835374
69,/home/stack/schl/Escape-Torre-IA/maps/bottleneck.txt,150,30009,genetico,133,17,0,0.8866666666666667,77,76,sin_agentes_pendientes,5696,861,1049,1.5635830019891728
70,/home/stack/schl/Escape-Torre-IA/maps/bottleneck.txt,150,30010,bfs,66,84,0,0.44,44,43,sin_agentes_pendientes,4782,237,633,0.8686853149847593
71,/home/stack/schl/Escape-Torre-IA/maps/bottleneck.txt,150,30010,dfs,20,130,0,0.13333333333333333,44,43,sin_agentes_pendientes,5621,89,1474,2.1597254130174406
72,/home/stack/schl/Escape-Torre-IA/maps/bottleneck.txt,150,30010,ucs,66,84,0,0.44,44,43,sin_agentes_pendientes,4826,139,639,1.5704836020013317
73,/home/stack/schl/Escape-Torre-IA/maps/bottleneck.txt,150,30010,a_star,66,84,0,0.44,44,43,sin_agentes_pendientes,4790,139,636,0.7237098109908402
74,/home/stack/schl/Escape-Torre-IA/maps/bottleneck.txt,150,30010,greedy,65,85,0,0.43333333333333335,44,43,sin_agentes_pendientes,4734,175,712,0.587785048992373
75,/home/stack/schl/Escape-Torre-IA/maps/bottleneck.txt,150,30010,ida_star,66,84,0,0.44,44,43,sin_agentes_pendientes,4766,223,621,4.961051235004561
76,/home/stack/schl/Escape-Torre-IA/maps/bottleneck.txt,150,30010,genetico,66,84,0,0.44,44,43,sin_agentes_pendientes,4867,288,659,2.7422240010055248
77,/home/stack/schl/Escape-Torre-IA/maps/bottleneck.txt,150,30011,bfs,96,54,0,0.64,60,59,sin_agentes_pendientes,4513,488,755,1.630546995002078
78,/home/stack/schl/Escape-Torre-IA/maps/bottleneck.txt,150,30011,dfs,44,106,0,0.29333333333333333,71,70,sin_agentes_pendientes,6104,2082,3494,5.420768214011332
79,/home/stack/schl/Escape-Torre-IA/maps/bottleneck.txt,150,30011,ucs,97,53,0,0.6466666666666666,60,59,sin_agentes_pendientes,4573,542,732,2.2370403590030037
80,/home/stack/schl/Escape-Torre-IA/maps/bottleneck.txt,150,30011,a_star,97,53,0,0.6466666666666666,60,59,sin_agentes_pendientes,4531,500,696,1.4528111609979533
81,/home/stack/schl/Escape-Torre-IA/maps/bottleneck.txt,150,30011,greedy,96,54,0,0.64,60,59,sin_agentes_pendientes,4444,532,790,0.9294497639930341
82,/home/stack/schl/Escape-Torre-IA/maps/bottleneck.txt,150,30011,ida_star,95,55,0,0.6333333333333333,60,59,sin_agentes_pendientes,4498,457,683,6.518118498992408
83,/home/stack/schl/Escape-Torre-IA/maps/bottleneck.txt,150,30011,genetico,111,39,0,0.74,64,63,sin_agentes_pendientes,5031,754,1014,3.432130920002237
84,/home/stack/schl/Escape-Torre-IA/maps/bottleneck.txt,150,30012,bfs,142,8,0,0.9466666666666667,79,79,sin_agentes_pendientes,5364,1130,489,0.5531801519973669
85,/home/stack/schl/Escape-Torre-IA/maps/bottleneck.txt,150,30012,dfs,71,79,0,0.47333333333333333,118,114,sin_agentes_pendientes,9994,755,2247,2.2007537790050264
86,/home/stack/schl/Escape-Torre-IA/maps/bottleneck.txt,150,30012,ucs,143,7,0,0.9533333333333334,80,80,sin_agentes_pendientes,5420,1105,449,1.2145230549795087
87,/home/stack/schl/Escape-Torre-IA/maps/bottleneck.txt,150,30012,a_star,143,7,0,0.9533333333333334,80,80,sin_agentes_pendientes,5406,1103,444,0.45820350901340134
88,/home/stack/schl/Escape-Torre-IA/maps/bottleneck.txt,150,30012,greedy,143,7,0,0.9533333333333334,81,81,sin_agentes_pendientes,5470,1197,495,0.35363781900377944
89,/home/stack/schl/Escape-Torre-IA/maps/bottleneck.txt,150,30012,ida_star,143,7,0,0.9533333333333334,80,80,sin_agentes_pendientes,5432,1125,478,2.7128897919901647
90,/home/stack/schl/Escape-Torre-IA/maps/bottleneck.txt,150,30012,genetico,147,3,0,0.98,82,82,sin_agentes_pendientes,5624,1139,1294,1.439222852990497
91,/home/stack/schl/Escape-Torre-IA/maps/bottleneck.txt,150,30013,bfs,49,101,0,0.32666666666666666,38,37,sin_agentes_pendientes,4458,77,483,0.6788367450062651
92,/home/stack/schl/Escape-Torre-IA/maps/bottleneck.txt,150,30013,dfs,12,138,0,0.08,38,28,sin_agentes_pendientes,5090,46,1415,2.0470369640097488
93,/home/stack/schl/Escape-Torre-IA/maps/bottleneck.txt,150,30013,ucs,48,102,0,0.32,38,34,sin_agentes_pendientes,4597,101,402,1.108755295019364
94,/home/stack/schl/Escape-Torre-IA/maps/bottleneck.txt,150,30013,a_star,47,103,0,0.31333333333333335,38,34,sin_agentes_pendientes,4575,96,398,0.7770132570003625
95,/home/stack/schl/Escape-Torre-IA/maps/bottleneck.txt,150,30013,greedy,45,105,0,0.3,38,34,sin_agentes_pendientes,4421,57,451,0.6080457580101211
96,/home/stack/schl/Escape-Torre-IA/maps/bottleneck.txt,150,30013,ida_star,46,104,0,0.30666666666666664,38,34,sin_agentes_pendientes,4500,120,428,2.44658822499332
97,/home/stack/schl/Escape-Torre-IA/maps/bottleneck.txt,150,30013,genetico,49,101,0,0.32666666666666666,38,34,sin_agentes_pendientes,4546,153,472,1.6323995660059154
98,/home/stack/schl/Escape-Torre-IA/maps/bottleneck.txt,150,30014,bfs,135,15,0,0.9,74,74,sin_agentes_pendientes,5284,760,391,0.5151912900037132
99,/home/stack/schl/Escape-Torre-IA/maps/bottleneck.txt,150,30014,dfs,55,95,0,0.36666666666666664,90,88,sin_agentes_pendientes,7701,646,2268,2.0444886129989754
100,/home/stack/schl/Escape-Torre-IA/maps/bottleneck.txt,150,30014,ucs,138,12,0,0.92,76,76,sin_agentes_pendientes,5397,872,414,0.8772745869937353
101,/home/stack/schl/Escape-Torre-IA/maps/bottleneck.txt,150,30014,a_star,138,12,0,0.92,76,76,sin_agentes_pendientes,5397,872,415,0.4558330439904239
102,/home/stack/schl/Escape-Torre-IA/maps/bottleneck.txt,150,30014,greedy,131,19,0,0.8733333333333333,73,73,sin_agentes_pendientes,5274,573,458,0.33702118799556047
103,/home/stack/schl/Escape-Torre-IA/maps/bottleneck.txt,150,30014,ida_star,134,16,0,0.8933333333333333,74,74,sin_agentes_pendientes,5268,671,395,2.265711052023107
104,/home/stack/schl/Escape-Torre-IA/maps/bottleneck.txt,150,30014,genetico,147,3,0,0.98,80,80,sin_agentes_pendientes,5537,951,1115,1.3514688140130602
105,/home/stack/schl/Escape-Torre-IA/maps/bottleneck.txt,150,30015,bfs,99,51,0,0.66,61,60,sin_agentes_pendientes,4160,788,742,0.9979849010123871
106,/home/stack/schl/Escape-Torre-IA/maps/bottleneck.txt,150,30015,dfs,50,100,0,0.3333333333333333,78,65,sin_agentes_pendientes,5069,2654,3488,3.8419513150001876
107,/home/stack/schl/Escape-Torre-IA/maps/bottleneck.txt,150,30015,ucs,98,52,0,0.6533333333333333,59,58,sin_agentes_pendientes,4132,880,823,1.8360727439867333
108,/home/stack/schl/Escape-Torre-IA/maps/bottleneck.txt,150,30015,a_star,98,52,0,0.6533333333333333,59,58,sin_agentes_pendientes,4136,875,831,1.6106343590072356
109,/home/stack/schl/Escape-Torre-IA/maps/bottleneck.txt,150,30015,greedy,94,56,0,0.6266666666666667,67,67,sin_agentes_pendientes,4158,696,814,1.0985428650164977
110,/home/stack/schl/Escape-Torre-IA/maps/bottleneck.txt,150,30015,ida_star,99,51,0,0.66,58,57,sin_agentes_pendientes,4152,807,764,4.173477592994459
111,/home/stack/schl/Escape-Torre-IA/maps/bottleneck.txt,150,30015,genetico,112,38,0,0.7466666666666667,65,64,sin_agentes_pendientes,4590,1083,1274,3.0852963970100973
112,/home/stack/schl/Escape-Torre-IA/maps/bottleneck.txt,150,30016,bfs,142,8,0,0.9466666666666667,79,79,sin_agentes_pendientes,5492,937,405,0.4567027559969574
113,/home/stack/schl/Escape-Torre-IA/maps/bottleneck.txt,150,30016,dfs,54,96,0,0.36,122,118,sin_agentes_pendientes,9721,570,2258,2.273167665989604
114,/home/stack/schl/Escape-Torre-IA/maps/bottleneck.txt,150,30016,ucs,144,6,0,0.96,80,80,sin_agentes_pendientes,5554,975,418,0.9099036490079015
115,/home/stack/schl/Escape-Torre-IA/maps/bottleneck.txt,150,30016,a_star,144,6,0,0.96,80,80,sin_agentes_pendientes,5554,975,420,0.4723793499870226
116,/home/stack/schl/Escape-Torre-IA/maps/bottleneck.txt,150,30016,greedy,144,6,0,0.96,80,80,sin_agentes_pendientes,5666,849,377,0.4486833330010995
117,/home/stack/schl/Escape-Torre-IA/maps/bottleneck.txt,150,30016,ida_star,142,8,0,0.9466666666666667,79,79,sin_agentes_pendientes,5508,903,404,2.6807038390252274
118,/home/stack/schl/Escape-Torre-IA/maps/bottleneck.txt,150,30016,genetico,148,2,0,0.9866666666666667,82,82,sin_agentes_pendientes,5763,978,1137,1.4247470099944621
119,/home/stack/schl/Escape-Torre-IA/maps/bottleneck.txt,150,30017,bfs,96,54,0,0.64,70,69,sin_agentes_pendientes,5603,551,645,0.6552374729944859
120,/home/stack/schl/Escape-Torre-IA/maps/bottleneck.txt,150,30017,dfs,27,123,0,0.18,70,58,sin_agentes_pendientes,7426,657,2639,2.541633589018602
121,/home/stack/schl/Escape-Torre-IA/maps/bottleneck.txt,150,30017,ucs,99,51,0,0.66,70,69,sin_agentes_pendientes,5682,469,497,1.2678675630013458
122,/home/stack/schl/Escape-Torre-IA/maps/bottleneck.txt,150,30017,a_star,98,52,0,0.6533333333333333,70,69,sin_agentes_pendientes,5705,479,509,0.6101227430044673
123,/home/stack/schl/Escape-Torre-IA/maps/bottleneck.txt,150,30017,greedy,97,53,0,0.6466666666666666,70,69,sin_agentes_pendientes,5620,354,506,0.37668916600523517
124,/home/stack/schl/Escape-Torre-IA/maps/bottleneck.txt,150,30017,ida_star,96,54,0,0.64,70,69,sin_agentes_pendientes,5661,478,628,3.30167168402113
125,/home/stack/schl/Escape-Torre-IA/maps/bottleneck.txt,150,30017,genetico,118,32,0,0.7866666666666666,70,69,sin_agentes_pendientes,6094,461,698,1.3268471139890607
126,/home/stack/schl/Escape-Torre-IA/maps/bottleneck.txt,150,30018,bfs,142,8,0,0.9466666666666667,77,77,sin_agentes_pendientes,5850,357,287,0.6279227529885247
127,/home/stack/schl/Escape-Torre-IA/maps/bottleneck.txt,150,30018,dfs,63,87,0,0.42,105,104,sin_agentes_pendientes,8433,663,2042,2.1061540239898022
128,/home/stack/schl/Escape-Torre-IA/maps/bottleneck.txt,150,30018,ucs,147,3,0,0.98,80,80,sin_agentes_pendientes,5836,562,295,0.9051827230141498
129,/home/stack/schl/Escape-Torre-IA/maps/bottleneck.txt,150,30018,a_star,147,3,0,0.98,80,80,sin_agentes_pendientes,5834,564,292,0.40144093200797215
130,/home/stack/schl/Escape-Torre-IA/maps/bottleneck.txt,150,30018,greedy,145,5,0,0.9666666666666667,86,86,sin_agentes_pendientes,5975,444,283,0.33760148100554943
131,/home/stack/schl/Escape-Torre-IA/maps/bottleneck.txt,150,30018,ida_star,145,5,0,0.9666666666666667,79,79,sin_agentes_pendientes,5814,571,283,2.0424729060032405
132,/home/stack/schl/Escape-Torre-IA/maps/bottleneck.txt,150,30018,genetico,147,3,0,0.98,80,80,sin_agentes_pendientes,5804,560,717,1.0902096229838207
133,/home/stack/schl/Escape-Torre-IA/maps/bottleneck.txt,150,30019,bfs,84,66,0,0.56,61,60,sin_agentes_pendientes,5264,284,590,0.7036600319843274
134,/home/stack/schl/Escape-Torre-IA/maps/bottleneck.txt,150,30019,dfs,30,120,0,0.2,60,59,sin_agentes_pendientes,6970,96,2459,2.6245487179839984
135,/home/stack/schl/Escape-Torre-IA/maps/bottleneck.txt,150,30019,ucs,81,69,0,0.54,60,58,sin_agentes_pendientes,5420,247,605,1.3167461169941816
136,/home/stack/schl/Escape-Torre-IA/maps/bottleneck.txt,150,30019,a_star,81,69,0,0.54,60,58,sin_agentes_pendientes,5419,246,607,0.604277472011745
137,/home/stack/schl/Escape-Torre-IA/maps/bottleneck.txt,150,30019,greedy,73,77,0,0.4866666666666667,60,47,sin_agentes_pendientes,5111,169,826,0.46703647600952536
138,/home/stack/schl/Escape-Torre-IA/maps/bottleneck.txt,150,30019,ida_star,83,67,0,0.5533333333333333,61,60,sin_agentes_pendientes,5295,271,604,3.924011592986062
139,/home/stack/schl/Escape-Torre-IA/maps/bottleneck.txt,150,30019,genetico,89,61,0,0.5933333333333334,60,57,sin_agentes_pendientes,5499,379,730,2.1483212080202065
140,/home/stack/schl/Escape-Torre-IA/maps/bottleneck.txt,150,30020,bfs,35,115,0,0.23333333333333334,30,29,sin_agentes_pendientes,3821,31,559,0.8614504209836014
141,/home/stack/schl/Escape-Torre-IA/maps/bottleneck.txt,150,30020,dfs,9,141,0,0.06,30,26,sin_agentes_pendientes,4114,2,753,1.7116174550028518
142,/home/stack/schl/Escape-Torre-IA/maps/bottleneck.txt,150,30020,ucs,37,113,0,0.24666666666666667,30,29,sin_agentes_pendientes,3874,17,461,1.5504758860042784
143,/home/stack/schl/Escape-Torre-IA/maps/bottleneck.txt,150,30020,a_star,37,113,0,0.24666666666666667,30,29,sin_agentes_pendientes,3874,17,461,0.9037335810135119
144,/home/stack/schl/Escape-Torre-IA/maps/bottleneck.txt,150,30020,greedy,34,116,0,0.22666666666666666,30,29,sin_agentes_pendientes,3794,42,719,0.6007845689891838
145,/home/stack/schl/Escape-Torre-IA/maps/bottleneck.txt,150,30020,ida_star,37,113,0,0.24666666666666667,30,29,sin_agentes_pendientes,3820,29,510,3.231708979990799
146,/home/stack/schl/Escape-Torre-IA/maps/bottleneck.txt,150,30020,genetico,37,113,0,0.24666666666666667,30,29,sin_agentes_pendientes,3913,28,355,1.8310791230178438
147,/home/stack/schl/Escape-Torre-IA/maps/bottleneck.txt,150,30021,bfs,27,123,0,0.18,29,28,sin_agentes_pendientes,3428,367,793,1.7888383890094701
148,/home/stack/schl/Escape-Torre-IA/maps/bottleneck.txt,150,30021,dfs,11,139,0,0.07333333333333333,28,27,sin_agentes_pendientes,3634,266,1249,2.8592120819957927
149,/home/stack/schl/Escape-Torre-IA/maps/bottleneck.txt,150,30021,ucs,28,122,0,0.18666666666666668,29,28,sin_agentes_pendientes,3396,364,722,3.144044207991101
150,/home/stack/schl/Escape-Torre-IA/maps/bottleneck.txt,150,30021,a_star,28,122,0,0.18666666666666668,29,28,sin_agentes_pendientes,3396,364,726,2.909569031005958
151,/home/stack/schl/Escape-Torre-IA/maps/bottleneck.txt,150,30021,greedy,27,123,0,0.18,29,28,sin_agentes_pendientes,3355,353,835,1.7416113649960607
152,/home/stack/schl/Escape-Torre-IA/maps/bottleneck.txt,150,30021,ida_star,28,122,0,0.18666666666666668,29,28,sin_agentes_pendientes,3424,346,748,5.443650662986329
153,/home/stack/schl/Escape-Torre-IA/maps/bottleneck.txt,150,30021,genetico,30,120,0,0.2,29,28,sin_agentes_pendientes,3459,373,673,5.123099067976
154,/home/stack/schl/Escape-Torre-IA/maps/bottleneck.txt,150,30022,bfs,76,74,0,0.5066666666666667,48,47,sin_agentes_pendientes,4950,314,346,0.635081727989018
155,/home/stack/schl/Escape-Torre-IA/maps/bottleneck.txt,150,30022,dfs,21,129,0,0.14,48,46,sin_agentes_pendientes,6161,46,1142,2.176527673000237
156,/home/stack/schl/Escape-Torre-IA/maps/bottleneck.txt,150,30022,ucs,76,74,0,0.5066666666666667,48,47,sin_agentes_pendientes,5001,339,354,0.8849992070172448
157,/home/stack/schl/Escape-Torre-IA/maps/bottleneck.txt,150,30022,a_star,76,74,0,0.5066666666666667,48,47,sin_agentes_pendientes,4997,343,351,0.6215870949963573
158,/home/stack/schl/Escape-Torre-IA/maps/bottleneck.txt,150,30022,greedy,74,76,0,0.49333333333333335,48,47,sin_agentes_pendientes,5077,285,375,0.4187416800123174
159,/home/stack/schl/Escape-Torre-IA/maps/bottleneck.txt,150,30022,ida_star,76,74,0,0.5066666666666667,48,47,sin_agentes_pendientes,4997,331,357,2.1048803690064233
160,/home/stack/schl/Escape-Torre-IA/maps/bottleneck.txt,150,30022,genetico,76,74,0,0.5066666666666667,48,47,sin_agentes_pendientes,5096,390,622,1.2809010260098148
161,/home/stack/schl/Escape-Torre-IA/maps/bottleneck.txt,150,30023,bfs,124,26,0,0.8266666666666667,73,73,sin_agentes_pendientes,4830,1036,731,0.7029798540170304
162,/home/stack/schl/Escape-Torre-IA/maps/bottleneck.txt,150,30023,dfs,42,108,0,0.28,76,75,sin_agentes_pendientes,6215,1659,3148,2.718518015986774
163,/home/stack/schl/Escape-Torre-IA/maps/bottleneck.txt,150,30023,ucs,128,22,0,0.8533333333333334,73,73,sin_agentes_pendientes,4979,1075,625,1.0714766559831332
164,/home/stack/schl/Escape-Torre-IA/maps/bottleneck.txt,150,30023,a_star,128,22,0,0.8533333333333334,73,73,sin_agentes_pendientes,4980,1048,588,0.6434915069839917
165,/home/stack/schl/Escape-Torre-IA/maps/bottleneck.txt,150,30023,greedy,123,27,0,0.82,75,75,sin_agentes_pendientes,4852,794,624,0.4488925870100502
166,/home/stack/schl/Escape-Torre-IA/maps/bottleneck.txt,150,30023,ida_star,126,24,0,0.84,73,73,sin_agentes_pendientes,4920,1023,663,3.165121400001226
167,/home/stack/schl/Escape-Torre-IA/maps/bottleneck.txt,150,30023,genetico,130,20,0,0.8666666666666667,73,73,sin_agentes_pendientes,5193,1182,1353,1.7591948909976054
168,/home/stack/schl/Escape-Torre-IA/maps/bottleneck.txt,150,30024,bfs,133,17,0,0.8866666666666667,83,83,sin_agentes_pendientes,5342,930,486,0.5906190219975542
169,/home/stack/schl/Escape-Torre-IA/maps/bottleneck.txt,150,30024,dfs,71,79,0,0.47333333333333333,92,86,sin_agentes_pendientes,7915,1047,2581,1.994977733003907
170,/home/stack/schl/Escape-Torre-IA/maps/bottleneck.txt,150,30024,ucs,131,19,0,0.8733333333333333,92,86,sin_agentes_pendientes,5490,861,479,1.1313530989864375
171,/home/stack/schl/Escape-Torre-IA/maps/bottleneck.txt,150,30024,a_star,131,19,0,0.8733333333333333,92,86,sin_agentes_pendientes,5443,870,496,0.5473986510187387
172,/home/stack/schl/Escape-Torre-IA/maps/bottleneck.txt,150,30024,greedy,128,22,0,0.8533333333333334,84,84,sin_agentes_pendientes,5381,751,487,0.36503993801306933
173,/home/stack/schl/Escape-Torre-IA/maps/bottleneck.txt,150,30024,ida_star,133,17,0,0.8866666666666667,86,86,sin_agentes_pendientes,5412,915,510,2.7846868150227237
174,/home/stack/schl/Escape-Torre-IA/maps/bottleneck.txt,150,30024,genetico,139,11,0,0.9266666666666666,92,86,sin_agentes_pendientes,5906,873,1072,1.439499069005251
175,/home/stack/schl/Escape-Torre-IA/maps/bottleneck.txt,150,30025,bfs,124,26,0,0.8266666666666667,94,94,sin_agentes_pendientes,5301,682,431,0.60421205899911
176,/home/stack/schl/Escape-Torre-IA/maps/bottleneck.txt,150,30025,dfs,52,98,0,0.3466666666666667,94,79,sin_agentes_pendientes,7119,1084,2571,1.991448571003275
177,/home/stack/schl/Escape-Torre-IA/maps/bottleneck.txt,150,30025,ucs,125,25,0,0.8333333333333334,94,94,sin_agentes_pendientes,5414,695,475,1.0494059000047855
178,/home/stack/schl/Escape-Torre-IA/maps/bottleneck.txt,150,30025,a_star,125,25,0,0.8333333333333334,94,94,sin_agentes_pendientes,5423,692,490,0.5332554990018252
179,/home/stack/schl/Escape-Torre-IA/maps/bottleneck.txt,150,30025,greedy,118,32,0,0.7866666666666666,95,94,sin_agentes_pendientes,5390,623,550,0.4482153319986537
180,/home/stack/schl/Escape-Torre-IA/maps/bottleneck.txt,150,30025,ida_star,127,23,0,0.8466666666666667,94,94,sin_agentes_pendientes,5362,750,477,2.798997795005562
181,/home/stack/schl/Escape-Torre-IA/maps/bottleneck.txt,150,30025,genetico,129,21,0,0.86,94,94,sin_agentes_pendientes,5605,751,946,1.4144063130079303
182,/home/stack/schl/Escape-Torre-IA/maps/bottleneck.txt,150,30026,bfs,67,83,0,0.44666666666666666,45,44,sin_agentes_pendientes,4823,239,550,1.0456133460102137
183,/home/stack/schl/Escape-Torre-IA/maps/bottleneck.txt,150,30026,dfs,22,128,0,0.14666666666666667,43,42,sin_agentes_pendientes,5530,106,1550,2.361313097004313
184,/home/stack/schl/Escape-Torre-IA/maps/bottleneck.txt,150,30026,ucs,67,83,0,0.44666666666666666,45,44,sin_agentes_pendientes,4803,232,658,1.9009252729883883
185,/home/stack/schl/Escape-Torre-IA/maps/bottleneck.txt,150,30026,a_star,67,83,0,0.44666666666666666,45,44,sin_agentes_pendientes,4807,239,648,1.2419129310001153
186,/home/stack/schl/Escape-Torre-IA/maps/bottleneck.txt,150,30026,greedy,63,87,0,0.42,45,44,sin_agentes_pendientes,4806,351,1044,1.0063040789973456
187,/home/stack/schl/Escape-Torre-IA/maps/bottleneck.txt,150,30026,ida_star,64,86,0,0.4266666666666667,44,43,sin_agentes_pendientes,4754,201,602,3.4550969039846677
188,/home/stack/schl/Escape-Torre-IA/maps/bottleneck.txt,150,30026,genetico,66,84,0,0.44,45,44,sin_agentes_pendientes,4935,335,649,3.375159707997227
189,/home/stack/schl/Escape-Torre-IA/maps/bottleneck.txt,150,30027,bfs,36,114,0,0.24,40,39,sin_agentes_pendientes,4750,149,618,0.9310481270076707
190,/home/stack/schl/Escape-Torre-IA/maps/bottleneck.txt,150,30027,dfs,21,129,0,0.14,40,38,sin_agentes_pendientes,5131,11,1687,1.830163354985416
191,/home/stack/schl/Escape-Torre-IA/maps/bottleneck.txt,150,30027,ucs,34,116,0,0.22666666666666666,40,39,sin_agentes_pendientes,4824,119,602,1.8019106370047666
192,/home/stack/schl/Escape-Torre-IA/maps/bottleneck.txt,150,30027,a_star,34,116,0,0.22666666666666666,40,39,sin_agentes_pendientes,4794,113,610,0.8902954319783021
193,/home/stack/schl/Escape-Torre-IA/maps/bottleneck.txt,150,30027,greedy,35,115,0,0.23333333333333334,40,39,sin_agentes_pendientes,4593,264,805,0.572752378997393
194,/home/stack/schl/Escape-Torre-IA/maps/bottleneck.txt,150,30027,ida_star,34,116,0,0.22666666666666666,40,39,sin_agentes_pendientes,4774,81,598,4.248784177005291
195,/home/stack/schl/Escape-Torre-IA/maps/bottleneck.txt,150,30027,genetico,37,113,0,0.24666666666666667,40,39,sin_agentes_pendientes,4981,90,483,2.0930351249990053
196,/home/stack/schl/Escape-Torre-IA/maps/bottleneck.txt,150,30028,bfs,93,57,0,0.62,58,57,sin_agentes_pendientes,5120,402,537,0.6410771319933701
197,/home/stack/schl/Escape-Torre-IA/maps/bottleneck.txt,150,30028,dfs,22,128,0,0.14666666666666667,58,57,sin_agentes_pendientes,7173,299,1865,2.294919831008883
198,/home/stack/schl/Escape-Torre-IA/maps/bottleneck.txt,150,30028,ucs,87,63,0,0.58,58,54,sin_agentes_pendientes,5126,402,545,1.3657977379916701
199,/home/stack/schl/Escape-Torre-IA/maps/bottleneck.txt,150,30028,a_star,89,61,0,0.5933333333333334,58,56,sin_agentes_pendientes,5177,392,539,0.546751684974879
200,/home/stack/schl/Escape-Torre-IA/maps/bottleneck.txt,150,30028,greedy,90,60,0,0.6,58,56,sin_agentes_pendientes,5321,380,551,0.39256055100122467
201,/home/stack/schl/Escape-Torre-IA/maps/bottleneck.txt,150,30028,ida_star,93,57,0,0.62,58,57,sin_agentes_pendientes,5121,385,535,3.119652661989676
202,/home/stack/schl/Escape-Torre-IA/maps/bottleneck.txt,150,30028,genetico,93,57,0,0.62,58,57,sin_agentes_pendientes,5379,615,867,1.4779072710080072
203,/home/stack/schl/Escape-Torre-IA/maps/bottleneck.txt,150,30029,bfs,147,3,0,0.98,82,82,sin_agentes_pendientes,5505,1205,435,0.4909050450078212
204,/home/stack/schl/Escape-Torre-IA/maps/bottleneck.txt,150,30029,dfs,91,59,0,0.6066666666666667,151,150,sin_agentes_pendientes,11625,299,1804,2.411909479997121
205,/home/stack/schl/Escape-Torre-IA/maps/bottleneck.txt,150,30029,ucs,147,3,0,0.98,82,82,sin_agentes_pendientes,5529,1181,432,0.9428098160133231
206,/home/stack/schl/Escape-Torre-IA/maps/bottleneck.txt,150,30029,a_star,147,3,0,0.98,82,82,sin_agentes_pendientes,5529,1181,432,0.5070575120043941
207,/home/stack/schl/Escape-Torre-IA/maps/bottleneck.txt,150,30029,greedy,146,4,0,0.9733333333333334,82,82,sin_agentes_pendientes,5594,1061,382,0.4003105179872364
208,/home/stack/schl/Escape-Torre-IA/maps/bottleneck.txt,150,30029,ida_star,147,3,0,0.98,82,82,sin_agentes_pendientes,5511,1199,437,2.8001159459818155
209,/home/stack/schl/Escape-Torre-IA/maps/bottleneck.txt,150,30029,genetico,149,1,0,0.9933333333333333,83,83,sin_agentes_pendientes,5772,1082,1233,1.6283241609926336
210,/home/stack/schl/Escape-Torre-IA/maps/bottleneck.txt,150,30030,bfs,147,3,0,0.98,83,83,sin_agentes_pendientes,5486,1359,447,0.4994413660024293
211,/home/stack/schl/Escape-Torre-IA/maps/bottleneck.txt,150,30030,dfs,81,69,0,0.54,118,116,sin_agentes_pendientes,9718,918,2148,2.2001747459871694
212,/home/stack/schl/Escape-Torre-IA/maps/bottleneck.txt,150,30030,ucs,146,4,0,0.9733333333333334,83,83,sin_agentes_pendientes,5537,1256,442,0.9330869819968939
213,/home/stack/schl/Escape-Torre-IA/maps/bottleneck.txt,150,30030,a_star,146,4,0,0.9733333333333334,83,83,sin_agentes_pendientes,5537,1256,442,0.40357052901526913
214,/home/stack/schl/Escape-Torre-IA/maps/bottleneck.txt,150,30030,greedy,147,3,0,0.98,84,84,sin_agentes_pendientes,5650,1257,449,0.3228281410119962
215,/home/stack/schl/Escape-Torre-IA/maps/bottleneck.txt,150,30030,ida_star,147,3,0,0.98,83,83,sin_agentes_pendientes,5538,1307,475,2.3968389889923856
216,/home/stack/schl/Escape-Torre-IA/maps/bottleneck.txt,150,30030,genetico,148,2,0,0.9866666666666667,84,84,sin_agentes_pendientes,5729,1191,1342,2.326251783990301
217,/home/stack/schl/Escape-Torre-IA/maps/bottleneck.txt,150,30031,bfs,118,32,0,0.7866666666666666,84,71,sin_agentes_pendientes,5334,396,556,1.0097896450024564
218,/home/stack/schl/Escape-Torre-IA/maps/bottleneck.txt,150,30031,dfs,57,93,0,0.38,85,84,sin_agentes_pendientes,6949,957,2564,2.6626375909836497
219,/home/stack/schl/Escape-Torre-IA/maps/bottleneck.txt,150,30031,ucs,120,30,0,0.8,84,79,sin_agentes_pendientes,5419,359,518,1.3356492019956931
220,/home/stack/schl/Escape-Torre-IA/maps/bottleneck.txt,150,30031,a_star,120,30,0,0.8,84,79,sin_agentes_pendientes,5431,387,581,0.7752971229783725
221,/home/stack/schl/Escape-Torre-IA/maps/bottleneck.txt,150,30031,greedy,119,31,0,0.7933333333333333,84,72,sin_agentes_pendientes,5676,269,554,0.5011579550046008
222,/home/stack/schl/Escape-Torre-IA/maps/bottleneck.txt,150,30031,ida_star,119,31,0,0.7933333333333333,84,71,sin_agentes_pendientes,5368,343,548,3.0978534659952857
223,/home/stack/schl/Escape-Torre-IA/maps/bottleneck.txt,150,30031,genetico,125,25,0,0.8333333333333334,84,81,sin_agentes_pendientes,5729,345,568,1.6534536260005552
224,/home/stack/schl/Escape-Torre-IA/maps/bottleneck.txt,150,30032,bfs,91,59,0,0.6066666666666667,64,60,sin_agentes_pendientes,5462,694,829,0.8310015859897248
225,/home/stack/schl/Escape-Torre-IA/maps/bottleneck.txt,150,30032,dfs,23,127,0,0.15333333333333332,64,61,sin_agentes_pendientes,6695,1198,2802,3.6008117029850837
226,/home/stack/schl/Escape-Torre-IA/maps/bottleneck.txt,150,30032,ucs,95,55,0,0.6333333333333333,64,60,sin_agentes_pendientes,5617,675,668,1.4850339679978788
227,/home/stack/schl/Escape-Torre-IA/maps/bottleneck.txt,150,30032,a_star,94,56,0,0.6266666666666667,64,60,sin_agentes_pendientes,5567,670,678,0.886751448007999
228,/home/stack/schl/Escape-Torre-IA/maps/bottleneck.txt,150,30032,greedy,87,63,0,0.58,64,60,sin_agentes_pendientes,5420,551,740,0.6440529359970242
229,/home/stack/schl/Escape-Torre-IA/maps/bottleneck.txt,150,30032,ida_star,92,58,0,0.6133333333333333,64,59,sin_agentes_pendientes,5472,594,630,3.248699838994071
230,/home/stack/schl/Escape-Torre-IA/maps/bottleneck.txt,150,30032,genetico,98,52,0,0.6533333333333333,64,63,sin_agentes_pendientes,5672,809,1062,2.328377396974247
231,/home/stack/schl/Escape-Torre-IA/maps/bottleneck.txt,150,30033,bfs,123,27,0,0.82,76,74,sin_agentes_pendientes,5888,1000,464,0.49408504299935885
232,/home/stack/schl/Escape-Torre-IA/maps/bottleneck.txt,150,30033,dfs,36,114,0,0.24,76,74,sin_agentes_pendientes,8951,516,1995,2.4026905079954304
233,/home/stack/schl/Escape-Torre-IA/maps/bottleneck.txt,150,30033,ucs,123,27,0,0.82,76,74,sin_agentes_pendientes,5938,1140,460,0.8859435530030169
234,/home/stack/schl/Escape-Torre-IA/maps/bottleneck.txt,150,30033,a_star,123,27,0,0.82,76,74,sin_agentes_pendientes,5929,1145,459,0.4624617229856085
235,/home/stack/schl/Escape-Torre-IA/maps/bottleneck.txt,150,30033,greedy,120,30,0,0.8,76,75,sin_agentes_pendientes,5878,1079,454,0.3757373889966402
236,/home/stack/schl/Escape-Torre-IA/maps/bottleneck.txt,150,30033,ida_star,123,27,0,0.82,76,74,sin_agentes_pendientes,5898,1078,458,2.289094006002415
237,/home/stack/schl/Escape-Torre-IA/maps/bottleneck.txt,150,30033,genetico,124,26,0,0.8266666666666667,76,75,sin_agentes_pendientes,6020,1192,1358,1.6146975689916871
238,/home/stack/schl/Escape-Torre-IA/maps/bottleneck.txt,150,30034,bfs,148,2,0,0.9866666666666667,82,82,sin_agentes_pendientes,5708,940,383,0.45510044301045127
239,/home/stack/schl/Escape-Torre-IA/maps/bottleneck.txt,150,30034,dfs,66,84,0,0.44,112,104,sin_agentes_pendientes,8962,478,1780,2.042313195008319
240,/home/stack/schl/Escape-Torre-IA/maps/bottleneck.txt,150,30034,ucs,148,2,0,0.9866666666666667,82,82,sin_agentes_pendientes,5744,904,368,0.8279123839747626
241,/home/stack/schl/Escape-Torre-IA/maps/bottleneck.txt,150,30034,a_star,146,4,0,0.9733333333333334,81,81,sin_agentes_pendientes,5629,896,365,0.40497394901467487
242,/home/stack/schl/Escape-Torre-IA/maps/bottleneck.txt,150,30034,greedy,147,3,0,0.98,81,81,sin_agentes_pendientes,5811,821,327,0.3155482239963021
243,/home/stack/schl/Escape-Torre-IA/maps/bottleneck.txt,150,30034,ida_star,148,2,0,0.9866666666666667,82,82,sin_agentes_pendientes,5720,928,360,2.1459798220021185
244,/home/stack/schl/Escape-Torre-IA/maps/bottleneck.txt,150,30034,genetico,150,0,0,1.0,83,83,sin_agentes_pendientes,5868,919,1069,1.287167678005062
245,/home/stack/schl/Escape-Torre-IA/maps/bottleneck.txt,150,30035,bfs,59,91,0,0.3933333333333333,40,39,sin_agentes_pendientes,4753,129,540,0.7718242130067665
246,/home/stack/schl/Escape-Torre-IA/maps/bottleneck.txt,150,30035,dfs,10,140,0,0.06666666666666667,40,39,sin_agentes_pendientes,5478,7,1746,2.006358575017657
247,/home/stack/schl/Escape-Torre-IA/maps/bottleneck.txt,150,30035,ucs,59,91,0,0.3933333333333333,40,39,sin_agentes_pendientes,4714,78,596,1.5752857570187189
248,/home/stack/schl/Escape-Torre-IA/maps/bottleneck.txt,150,30035,a_star,59,91,0,0.3933333333333333,40,39,sin_agentes_pendientes,4714,78,596,0.7399914379930124
249,/home/stack/schl/Escape-Torre-IA/maps/bottleneck.txt,150,30035,greedy,59,91,0,0.3933333333333333,40,39,sin_agentes_pendientes,4654,122,694,0.47200973000144586
250,/home/stack/schl/Escape-Torre-IA/maps/bottleneck.txt,150,30035,ida_star,59,91,0,0.3933333333333333,40,39,sin_agentes_pendientes,4684,88,550,3.517658914992353
251,/home/stack/schl/Escape-Torre-IA/maps/bottleneck.txt,150,30035,genetico,59,91,0,0.3933333333333333,40,39,sin_agentes_pendientes,4853,127,476,1.6893503720057197
252,/home/stack/schl/Escape-Torre-IA/maps/bottleneck.txt,150,30036,bfs,124,26,0,0.8266666666666667,80,72,sin_agentes_pendientes,5267,752,459,0.5412755669967737
253,/home/stack/schl/Escape-Torre-IA/maps/bottleneck.txt,150,30036,dfs,48,102,0,0.32,80,79,sin_agentes_pendientes,6933,1231,2747,2.0861701389949303
254,/home/stack/schl/Escape-Torre-IA/maps/bottleneck.txt,150,30036,ucs,127,23,0,0.8466666666666667,80,77,sin_agentes_pendientes,5464,741,542,1.1861357270099688
255,/home/stack/schl/Escape-Torre-IA/maps/bottleneck.txt,150,30036,a_star,127,23,0,0.8466666666666667,80,77,sin_agentes_pendientes,5465,746,536,0.5773120460216887
256,/home/stack/schl/Escape-Torre-IA/maps/bottleneck.txt,150,30036,greedy,123,27,0,0.82,80,72,sin_agentes_pendientes,5555,627,486,0.3673968779912684
257,/home/stack/schl/Escape-Torre-IA/maps/bottleneck.txt,150,30036,ida_star,128,22,0,0.8533333333333334,80,77,sin_agentes_pendientes,5461,733,470,2.5871172180050053
258,/home/stack/schl/Escape-Torre-IA/maps/bottleneck.txt,150,30036,genetico,137,13,0,0.9133333333333333,80,79,sin_agentes_pendientes,5794,963,1130,1.514844476012513
259,/home/stack/schl/Escape-Torre-IA/maps/bottleneck.txt,150,30037,bfs,124,26,0,0.8266666666666667,71,70,sin_agentes_pendientes,5243,637,483,0.6325031449960079
260,/home/stack/schl/Escape-Torre-IA/maps/bottleneck.txt,150,30037,dfs,34,116,0,0.22666666666666666,67,66,sin_agentes_pendientes,7205,761,1713,2.851867213990772
261,/home/stack/schl/Escape-Torre-IA/maps/bottleneck.txt,150,30037,ucs,115,35,0,0.7666666666666667,67,66,sin_agentes_pendientes,5171,520,431,1.039485355024226
262,/home/stack/schl/Escape-Torre-IA/maps/bottleneck.txt,150,30037,a_star,118,32,0,0.7866666666666666,68,67,sin_agentes_pendientes,5190,584,445,0.5749721360043623
263,/home/stack/schl/Escape-Torre-IA/maps/bottleneck.txt,150,30037,greedy,124,26,0,0.8266666666666667,71,70,sin_agentes_pendientes,5415,655,465,0.4192489669949282
264,/home/stack/schl/Escape-Torre-IA/maps/bottleneck.txt,150,30037,ida_star,127,23,0,0.8466666666666667,73,72,sin_agentes_pendientes,5372,724,454,2.4994587340042926
265,/home/stack/schl/Escape-Torre-IA/maps/bottleneck.txt,150,30037,genetico,131,19,0,0.8733333333333333,74,74,sin_agentes_pendientes,5533,734,919,1.2387818150164094
266,/home/stack/schl/Escape-Torre-IA/maps/bottleneck.txt,150,30038,bfs,39,111,0,0.26,36,35,sin_agentes_pendientes,4409,97,552,0.7117115510045551
267,/home/stack/schl/Escape-Torre-IA/maps/bottleneck.txt,150,30038,dfs,11,139,0,0.07333333333333333,36,34,sin_agentes_pendientes,4873,11,1584,1.8418639049923513
268,/home/stack/schl/Escape-Torre-IA/maps/bottleneck.txt,150,30038,ucs,38,112,0,0.25333333333333335,36,35,sin_agentes_pendientes,4421,133,560,1.4206645209924318
269,/home/stack/schl/Escape-Torre-IA/maps/bottleneck.txt,150,30038,a_star,37,113,0,0.24666666666666667,36,35,sin_agentes_pendientes,4419,126,616,0.7356585380039178
270,/home/stack/schl/Escape-Torre-IA/maps/bottleneck.txt,150,30038,greedy,37,113,0,0.24666666666666667,36,35,sin_agentes_pendientes,4313,83,797,0.46339567299582995
271,/home/stack/schl/Escape-Torre-IA/maps/bottleneck.txt,150,30038,ida_star,38,112,0,0.25333333333333335,36,35,sin_agentes_pendientes,4451,109,622,3.087607149995165
272,/home/stack/schl/Escape-Torre-IA/maps/bottleneck.txt,150,30038,genetico,39,111,0,0.26,36,35,sin_agentes_pendientes,4517,85,385,1.2484119800210465
273,/home/stack/schl/Escape-Torre-IA/maps/bottleneck.txt,150,30039,bfs,136,14,0,0.9066666666666666,94,82,sin_agentes_pendientes,6090,1275,504,0.4852682910277508
274,/home/stack/schl/Escape-Torre-IA/maps/bottleneck.txt,150,30039,dfs,46,104,0,0.30666666666666664,94,86,sin_agentes_pendientes,9900,319,1959,1.9452407089993358
275,/home/stack/schl/Escape-Torre-IA/maps/bottleneck.txt,150,30039,ucs,135,15,0,0.9,94,82,sin_agentes_pendientes,6192,1446,499,0.9097727810149081
276,/home/stack/schl/Escape-Torre-IA/maps/bottleneck.txt,150,30039,a_star,136,14,0,0.9066666666666666,94,82,sin_agentes_pendientes,6182,1419,489,0.5112802229996305
277,/home/stack/schl/Escape-Torre-IA/maps/bottleneck.txt,150,30039,greedy,136,14,0,0.9066666666666666,94,82,sin_agentes_pendientes,6104,1095,425,0.3764980080013629
278,/home/stack/schl/Escape-Torre-IA/maps/bottleneck.txt,150,30039,ida_star,136,14,0,0.9066666666666666,94,82,sin_agentes_pendientes,6119,1370,516,2.491233575012302
279,/home/stack/schl/Escape-Torre-IA/maps/bottleneck.txt,150,30039,genetico,138,12,0,0.92,94,83,sin_agentes_pendientes,6273,1422,1575,1.7847459230106324
280,/home/stack/schl/Escape-Torre-IA/maps/bottleneck.txt,150,30040,bfs,98,52,0,0.6533333333333333,69,68,sin_agentes_pendientes,5306,800,549,0.525616708007874
281,/home/stack/schl/Escape-Torre-IA/maps/bottleneck.txt,150,30040,dfs,37,113,0,0.24666666666666667,68,67,sin_agentes_pendientes,7339,515,2123,1.8822293120028917
282,/home/stack/schl/Escape-Torre-IA/maps/bottleneck.txt,150,30040,ucs,94,56,0,0.6266666666666667,69,68,sin_agentes_pendientes,5225,789,594,1.1401334000111092
283,/home/stack/schl/Escape-Torre-IA/maps/bottleneck.txt,150,30040,a_star,94,56,0,0.6266666666666667,69,68,sin_agentes_pendientes,5358,820,622,0.5708499329921324
284,/home/stack/schl/Escape-Torre-IA/maps/bottleneck.txt,150,30040,greedy,90,60,0,0.6,68,67,sin_agentes_pendientes,5285,688,544,0.3738423679897096
285,/home/stack/schl/Escape-Torre-IA/maps/bottleneck.txt,150,30040,ida_star,97,53,0,0.6466666666666666,69,68,sin_agentes_pendientes,5457,831,574,2.679800730984425
286,/home/stack/schl/Escape-Torre-IA/maps/bottleneck.txt,150,30040,genetico,100,50,0,0.6666666666666666,69,68,sin_agentes_pendientes,5740,834,1054,1.5783648960059509
287,/home/stack/schl/Escape-Torre-IA/maps/bottleneck.txt,150,30041,bfs,131,19,0,0.8733333333333333,94,74,sin_agentes_pendientes,5651,290,325,0.5956764250004198
288,/home/stack/schl/Escape-Torre-IA/maps/bottleneck.txt,150,30041,dfs,60,90,0,0.4,94,90,sin_agentes_pendientes,8233,470,1948,1.9306824560044333
289,/home/stack/schl/Escape-Torre-IA/maps/bottleneck.txt,150,30041,ucs,134,16,0,0.8933333333333333,75,75,sin_agentes_pendientes,5653,331,295,1.057776189991273
290,/home/stack/schl/Escape-Torre-IA/maps/bottleneck.txt,150,30041,a_star,132,18,0,0.88,74,74,sin_agentes_pendientes,5526,336,279,0.4299302430008538
291,/home/stack/schl/Escape-Torre-IA/maps/bottleneck.txt,150,30041,greedy,127,23,0,0.8466666666666667,94,73,sin_agentes_pendientes,5572,310,400,0.3631430430104956
292,/home/stack/schl/Escape-Torre-IA/maps/bottleneck.txt,150,30041,ida_star,136,14,0,0.9066666666666666,94,76,sin_agentes_pendientes,5841,395,368,2.3568750330014154
293,/home/stack/schl/Escape-Torre-IA/maps/bottleneck.txt,150,30041,genetico,146,4,0,0.9733333333333334,84,84,sin_agentes_pendientes,6143,508,667,1.2063541680108756
294,/home/stack/schl/Escape-Torre-IA/maps/bottleneck.txt,150,30042,bfs,96,54,0,0.64,62,61,sin_agentes_pendientes,5692,613,456,0.5738404769799672
295,/home/stack/schl/Escape-Torre-IA/maps/bottleneck.txt,150,30042,dfs,23,127,0,0.15333333333333332,62,59,sin_agentes_pendientes,7732,238,1921,2.1244373510126024
296,/home/stack/schl/Escape-Torre-IA/maps/bottleneck.txt,150,30042,ucs,95,55,0,0.6333333333333333,62,60,sin_agentes_pendientes,5645,765,447,0.9652379050094169
297,/home/stack/schl/Escape-Torre-IA/maps/bottleneck.txt,150,30042,a_star,95,55,0,0.6333333333333333,62,60,sin_agentes_pendientes,5664,746,443,0.47094191500218585
298,/home/stack/schl/Escape-Torre-IA/maps/bottleneck.txt,150,30042,greedy,92,58,0,0.6133333333333333,62,60,sin_agentes_pendientes,5691,731,522,0.3473761120112613
299,/home/stack/schl/Escape-Torre-IA/maps/bottleneck.txt,150,30042,ida_star,94,56,0,0.6266666666666667,62,60,sin_agentes_pendientes,5527,650,430,2.2720407899760175
300,/home/stack/schl/Escape-Torre-IA/maps/bottleneck.txt,150,30042,genetico,97,53,0,0.6466666666666666,62,61,sin_agentes_pendientes,5844,800,997,1.3707496230199467
301,/home/stack/schl/Escape-Torre-IA/maps/bottleneck.txt,150,30043,bfs,124,26,0,0.8266666666666667,73,73,sin_agentes_pendientes,5337,698,471,0.6716722070123069
302,/home/stack/schl/Escape-Torre-IA/maps/bottleneck.txt,150,30043,dfs,49,101,0,0.32666666666666666,86,84,sin_agentes_pendientes,6598,1559,2742,2.4594503979897127
303,/home/stack/schl/Escape-Torre-IA/maps/bottleneck.txt,150,30043,ucs,120,30,0,0.8,77,76,sin_agentes_pendientes,5345,630,400,1.0314094699861016
304,/home/stack/schl/Escape-Torre-IA/maps/bottleneck.txt,150,30043,a_star,120,30,0,0.8,77,76,sin_agentes_pendientes,5350,627,397,0.4896016280108597
305,/home/stack/schl/Escape-Torre-IA/maps/bottleneck.txt,150,30043,greedy,125,25,0,0.8333333333333334,78,78,sin_agentes_pendientes,5457,672,476,0.3751294859976042
306,/home/stack/schl/Escape-Torre-IA/maps/bottleneck.txt,150,30043,ida_star,126,24,0,0.84,75,74,sin_agentes_pendientes,5526,707,451,2.574028760980582
307,/home/stack/schl/Escape-Torre-IA/maps/bottleneck.txt,150,30043,genetico,133,17,0,0.8866666666666667,82,82,sin_agentes_pendientes,5900,874,1052,1.476536968984874
308,/home/stack/schl/Escape-Torre-IA/maps/bottleneck.txt,150,30044,bfs,128,22,0,0.8533333333333334,100,99,sin_agentes_pendientes,5662,1095,596,0.672792183002457
309,/home/stack/schl/Escape-Torre-IA/maps/bottleneck.txt,150,30044,dfs,70,80,0,0.4666666666666667,126,116,sin_agentes_pendientes,10525,787,2832,2.587368761014659
310,/home/stack/schl/Escape-Torre-IA/maps/bottleneck.txt,150,30044,ucs,130,20,0,0.8666666666666667,111,110,sin_agentes_pendientes,5749,1173,678,1.2950479999999516
311,/home/stack/schl/Escape-Torre-IA/maps/bottleneck.txt,150,30044,a_star,128,22,0,0.8533333333333334,102,101,sin_agentes_pendientes,5623,1074,603,0.5862114029878285
312,/home/stack/schl/Escape-Torre-IA/maps/bottleneck.txt,150,30044,greedy,122,28,0,0.8133333333333334,107,107,sin_agentes_pendientes,5496,810,535,0.3911965540028177
313,/home/stack/schl/Escape-Torre-IA/maps/bottleneck.txt,150,30044,ida_star,130,20,0,0.8666666666666667,107,107,sin_agentes_pendientes,5520,1121,578,3.360949257010361
314,/home/stack/schl/Escape-Torre-IA/maps/bottleneck.txt,150,30044,genetico,140,10,0,0.9333333333333333,126,113,sin_agentes_pendientes,6234,1189,1379,1.6582924649992492
315,/home/stack/schl/Escape-Torre-IA/maps/bottleneck.txt,150,30045,bfs,128,22,0,0.8533333333333334,84,76,sin_agentes_pendientes,5223,1515,659,0.6057621079962701
316,/home/stack/schl/Escape-Torre-IA/maps/bottleneck.txt,150,30045,dfs,55,95,0,0.36666666666666664,84,80,sin_agentes_pendientes,6143,1801,3059,2.555404209997505
317,/home/stack/schl/Escape-Torre-IA/maps/bottleneck.txt,150,30045,ucs,128,22,0,0.8533333333333334,84,76,sin_agentes_pendientes,5378,1438,646,1.042402951978147
318,/home/stack/schl/Escape-Torre-IA/maps/bottleneck.txt,150,30045,a_star,128,22,0,0.8533333333333334,84,76,sin_agentes_pendientes,5328,1466,607,0.5956165949755814
319,/home/stack/schl/Escape-Torre-IA/maps/bottleneck.txt,150,30045,greedy,126,24,0,0.84,84,76,sin_agentes_pendientes,5088,1386,630,0.4866943309898488
320,/home/stack/schl/Escape-Torre-IA/maps/bottleneck.txt,150,30045,ida_star,128,22,0,0.8533333333333334,84,76,sin_agentes_pendientes,5337,1417,623,2.999624638003297
321,/home/stack/schl/Escape-Torre-IA/maps/bottleneck.txt,150,30045,genetico,129,21,0,0.86,84,77,sin_agentes_pendientes,5644,1524,1703,1.9730155610013753
322,/home/stack/schl/Escape-Torre-IA/maps/bottleneck.txt,150,30046,bfs,147,3,0,0.98,87,87,sin_agentes_pendientes,5623,1397,495,0.4974991680064704
323,/home/stack/schl/Escape-Torre-IA/maps/bottleneck.txt,150,30046,dfs,55,95,0,0.36666666666666664,102,101,sin_agentes_pendientes,9974,297,1455,2.0145558140065987
324,/home/stack/schl/Escape-Torre-IA/maps/bottleneck.txt,150,30046,ucs,150,0,0,1.0,89,89,sin_agentes_pendientes,5830,1375,476,0.9133861449954566
325,/home/stack/schl/Escape-Torre-IA/maps/bottleneck.txt,150,30046,a_star,150,0,0,1.0,89,89,sin_agentes_pendientes,5838,1367,472,0.4463787429849617
326,/home/stack/schl/Escape-Torre-IA/maps/bottleneck.txt,150,30046,greedy,146,4,0,0.9733333333333334,84,84,sin_agentes_pendientes,5728,1191,430,0.33196127097471617
327,/home/stack/schl/Escape-Torre-IA/maps/bottleneck.txt,150,30046,ida_star,147,3,0,0.98,91,91,sin_agentes_pendientes,5636,1418,505,2.63615106701036
328,/home/stack/schl/Escape-Torre-IA/maps/bottleneck.txt,150,30046,genetico,150,0,0,1.0,86,86,sin_agentes_pendientes,5852,1350,1501,1.628042775002541
329,/home/stack/schl/Escape-Torre-IA/maps/bottleneck.txt,150,30047,bfs,145,5,0,0.9666666666666667,89,89,sin_agentes_pendientes,6507,1221,472,0.6323818920063786
330,/home/stack/schl/Escape-Torre-IA/maps/bottleneck.txt,150,30047,dfs,59,91,0,0.3933333333333333,110,101,sin_agentes_pendientes,9706,618,1951,2.012500765005825
331,/home/stack/schl/Escape-Torre-IA/maps/bottleneck.txt,150,30047,ucs,145,5,0,0.9666666666666667,89,89,sin_agentes_pendientes,6524,1210,456,1.0802290529827587
332,/home/stack/schl/Escape-Torre-IA/maps/bottleneck.txt,150,30047,a_star,144,6,0,0.96,89,89,sin_agentes_pendientes,6446,1212,450,0.5732784440042451
333,/home/stack/schl/Escape-Torre-IA/maps/bottleneck.txt,150,30047,greedy,139,11,0,0.9266666666666666,87,87,sin_agentes_pendientes,6276,1141,452,0.36340323500917293
334,/home/stack/schl/Escape-Torre-IA/maps/bottleneck.txt,150,30047,ida_star,143,7,0,0.9533333333333334,88,88,sin_agentes_pendientes,6323,1275,486,2.6354864049935713
335,/home/stack/schl/Escape-Torre-IA/maps/bottleneck.txt,150,30047,genetico,149,1,0,0.9933333333333333,91,91,sin_agentes_pendientes,6733,1247,1404,1.786660824000137
336,/home/stack/schl/Escape-Torre-IA/maps/bottleneck.txt,150,30048,bfs,118,32,0,0.7866666666666666,76,74,sin_agentes_pendientes,5062,827,593,0.661668254993856
337,/home/stack/schl/Escape-Torre-IA/maps/bottleneck.txt,150,30048,dfs,40,110,0,0.26666666666666666,94,92,sin_agentes_pendientes,7463,1051,2923,2.6742251240066253
338,/home/stack/schl/Escape-Torre-IA/maps/bottleneck.txt,150,30048,ucs,120,30,0,0.8,76,73,sin_agentes_pendientes,5130,780,561,1.2121309619979002
339,/home/stack/schl/Escape-Torre-IA/maps/bottleneck.txt,150,30048,a_star,120,30,0,0.8,76,73,sin_agentes_pendientes,5108,766,543,0.6053367459971923
340,/home/stack/schl/Escape-Torre-IA/maps/bottleneck.txt,150,30048,greedy,113,37,0,0.7533333333333333,77,76,sin_agentes_pendientes,5058,654,632,0.4516808239859529
341,/home/stack/schl/Escape-Torre-IA/maps/bottleneck.txt,150,30048,ida_star,122,28,0,0.8133333333333334,76,73,sin_agentes_pendientes,5211,809,569,3.3660908020101488
342,/home/stack/schl/Escape-Torre-IA/maps/bottleneck.txt,150,30048,genetico,129,21,0,0.86,78,77,sin_agentes_pendientes,5419,918,1112,1.5708783669979312
343,/home/stack/schl/Escape-Torre-IA/maps/bottleneck.txt,150,30049,bfs,45,105,0,0.3,36,34,sin_agentes_pendientes,4222,70,751,0.9017786579788662
344,/home/stack/schl/Escape-Torre-IA/maps/bottleneck.txt,150,30049,dfs,14,136,0,0.09333333333333334,36,35,sin_agentes_pendientes,4848,41,1383,1.8383876730222255
345,/home/stack/schl/Escape-Torre-IA/maps/bottleneck.txt,150,30049,ucs,41,109,0,0.2733333333333333,36,34,sin_agentes_pendientes,4340,97,850,1.9709310189937241
346,/home/stack/schl/Escape-Torre-IA/maps/bottleneck.txt,150,30049,a_star,41,109,0,0.2733333333333333,36,34,sin_agentes_pendientes,4317,106,853,0.9776795009966008
347,/home/stack/schl/Escape-Torre-IA/maps/bottleneck.txt,150,30049,greedy,43,107,0,0.2866666666666667,36,34,sin_agentes_pendientes,4255,108,1011,0.5580925850081258
348,/home/stack/schl/Escape-Torre-IA/maps/bottleneck.txt,150,30049,ida_star,45,105,0,0.3,36,34,sin_agentes_pendientes,4245,81,720,4.5482889779959805
349,/home/stack/schl/Escape-Torre-IA/maps/bottleneck.txt,150,30049,genetico,45,105,0,0.3,36,35,sin_agentes_pendientes,4340,151,598,2.1376758459955454
350,/home/stack/schl/Escape-Torre-IA/maps/bottleneck.txt,150,30050,bfs,43,107,0,0.2866666666666667,34,33,sin_agentes_pendientes,4148,68,512,0.8774990419915412
351,/home/stack/schl/Escape-Torre-IA/maps/bottleneck.txt,150,30050,dfs,15,135,0,0.1,34,33,sin_agentes_pendientes,4530,3,1415,1.96034214500105
352,/home/stack/schl/Escape-Torre-IA/maps/bottleneck.txt,150,30050,ucs,38,112,0,0.25333333333333335,34,32,sin_agentes_pendientes,4094,75,585,1.8286317780148238
353,/home/stack/schl/Escape-Torre-IA/maps/bottleneck.txt,150,30050,a_star,38,112,0,0.25333333333333335,34,32,sin_agentes_pendientes,4087,76,634,0.9579603880119976
354,/home/stack/schl/Escape-Torre-IA/maps/bottleneck.txt,150,30050,greedy,39,111,0,0.26,34,28,sin_agentes_pendientes,4130,49,610,0.634687033976661
355,/home/stack/schl/Escape-Torre-IA/maps/bottleneck.txt,150,30050,ida_star,39,111,0,0.26,34,33,sin_agentes_pendientes,4116,71,608,8.500605865992839
356,/home/stack/schl/Escape-Torre-IA/maps/bottleneck.txt,150,30050,genetico,43,107,0,0.2866666666666667,34,33,sin_agentes_pendientes,4221,59,419,2.256746649974957
357,/home/stack/schl/Escape-Torre-IA/maps/bottleneck.txt,150,30051,bfs,67,83,0,0.44666666666666666,48,47,sin_agentes_pendientes,5075,249,460,0.6151017810043413
358,/home/stack/schl/Escape-Torre-IA/maps/bottleneck.txt,150,30051,dfs,20,130,0,0.13333333333333333,48,47,sin_agentes_pendientes,5900,152,1899,2.1263485310191754
359,/home/stack/schl/Escape-Torre-IA/maps/bottleneck.txt,150,30051,ucs,67,83,0,0.44666666666666666,48,47,sin_agentes_pendientes,5057,245,456,1.1895759489852935
360,/home/stack/schl/Escape-Torre-IA/maps/bottleneck.txt,150,30051,a_star,67,83,0,0.44666666666666666,48,47,sin_agentes_pendientes,5057,245,456,0.6480196999909822
361,/home/stack/schl/Escape-Torre-IA/maps/bottleneck.txt,150,30051,greedy,67,83,0,0.44666666666666666,48,47,sin_agentes_pendientes,4942,221,484,0.42230181899503805
362,/home/stack/schl/Escape-Torre-IA/maps/bottleneck.txt,150,30051,ida_star,67,83,0,0.44666666666666666,48,47,sin_agentes_pendientes,4952,212,446,2.708227695984533
363,/home/stack/schl/Escape-Torre-IA/maps/bottleneck.txt,150,30051,genetico,69,81,0,0.46,48,47,sin_agentes_pendientes,5289,201,500,1.4097577040083706
364,/home/stack/schl/Escape-Torre-IA/maps/bottleneck.txt,150,30052,bfs,123,27,0,0.82,74,73,sin_agentes_pendientes,5185,899,653,0.8835359210206661
365,/home/stack/schl/Escape-Torre-IA/maps/bottleneck.txt,150,30052,dfs,38,112,0,0.25333333333333335,102,93,sin_agentes_pendientes,7695,1635,3208,2.8377152720058803
366,/home/stack/schl/Escape-Torre-IA/maps/bottleneck.txt,150,30052,ucs,124,26,0,0.8266666666666667,74,73,sin_agentes_pendientes,5292,1034,713,1.5324807669967413
367,/home/stack/schl/Escape-Torre-IA/maps/bottleneck.txt,150,30052,a_star,124,26,0,0.8266666666666667,74,73,sin_agentes_pendientes,5292,1012,694,0.9604332229937427
368,/home/stack/schl/Escape-Torre-IA/maps/bottleneck.txt,150,30052,greedy,121,29,0,0.8066666666666666,73,72,sin_agentes_pendientes,5297,846,708,0.6787481080100406
369,/home/stack/schl/Escape-Torre-IA/maps/bottleneck.txt,150,30052,ida_star,122,28,0,0.8133333333333334,73,72,sin_agentes_pendientes,5196,944,734,3.3666202729800716
370,/home/stack/schl/Escape-Torre-IA/maps/bottleneck.txt,150,30052,genetico,128,22,0,0.8533333333333334,76,75,sin_agentes_pendientes,5491,1115,1310,1.9826011149853002
371,/home/stack/schl/Escape-Torre-IA/maps/bottleneck.txt,150,30053,bfs,146,4,0,0.9733333333333334,82,82,sin_agentes_pendientes,5611,1024,422,0.4806151869997848
372,/home/stack/schl/Escape-Torre-IA/maps/bottleneck.txt,150,30053,dfs,87,63,0,0.58,128,116,sin_agentes_pendientes,8665,419,1819,2.109750547009753
373,/home/stack/schl/Escape-Torre-IA/maps/bottleneck.txt,150,30053,ucs,144,6,0,0.96,82,82,sin_agentes_pendientes,5547,989,434,0.9339604460110422
374,/home/stack/schl/Escape-Torre-IA/maps/bottleneck.txt,150,30053,a_star,145,5,0,0.9666666666666667,82,82,sin_agentes_pendientes,5569,1016,429,0.5316663180128671
375,/home/stack/schl/Escape-Torre-IA/maps/bottleneck.txt,150,30053,greedy,144,6,0,0.96,81,81,sin_agentes_pendientes,5656,953,432,0.39466031300253235
376,/home/stack/schl/Escape-Torre-IA/maps/bottleneck.txt,150,30053,ida_star,144,6,0,0.96,83,83,sin_agentes_pendientes,5500,1036,429,2.5365240029932465
377,/home/stack/schl/Escape-Torre-IA/maps/bottleneck.txt,150,30053,genetico,146,4,0,0.9733333333333334,81,81,sin_agentes_pendientes,5630,1015,1171,1.3577572940266691
378,/home/stack/schl/Escape-Torre-IA/maps/bottleneck.txt,150,30054,bfs,145,5,0,0.9666666666666667,82,82,sin_agentes_pendientes,5745,957,380,0.4800219049793668
379,/home/stack/schl/Escape-Torre-IA/maps/bottleneck.txt,150,30054,dfs,49,101,0,0.32666666666666666,86,85,sin_agentes_pendientes,8514,430,1826,2.081414579995908
380,/home/stack/schl/Escape-Torre-IA/maps/bottleneck.txt,150,30054,ucs,144,6,0,0.96,81,81,sin_agentes_pendientes,5759,906,365,0.8278629200067371
381,/home/stack/schl/Escape-Torre-IA/maps/bottleneck.txt,150,30054,a_star,144,6,0,0.96,81,81,sin_agentes_pendientes,5763,902,363,0.440213763009524
382,/home/stack/schl/Escape-Torre-IA/maps/bottleneck.txt,150,30054,greedy,146,4,0,0.9733333333333334,83,83,sin_agentes_pendientes,5896,946,315,0.34545143201830797
383,/home/stack/schl/Escape-Torre-IA/maps/bottleneck.txt,150,30054,ida_star,146,4,0,0.9733333333333334,82,82,sin_agentes_pendientes,5813,958,363,2.1056051200139336
384,/home/stack/schl/Escape-Torre-IA/maps/bottleneck.txt,150,30054,genetico,150,0,0,1.0,84,84,sin_agentes_pendientes,5974,1049,1200,1.4600112159969285
385,/home/stack/schl/Escape-Torre-IA/maps/bottleneck.txt,150,30055,bfs,73,77,0,0.4866666666666667,54,48,sin_agentes_pendientes,4877,527,1015,1.1677350199897774
386,/home/stack/schl/Escape-Torre-IA/maps/bottleneck.txt,150,30055,dfs,30,120,0,0.2,54,50,sin_agentes_pendientes,6148,703,2107,3.1899202890053857
387,/home/stack/schl/Escape-Torre-IA/maps/bottleneck.txt,150,30055,ucs,70,80,0,0.4666666666666667,54,45,sin_agentes_pendientes,4812,575,1002,2.3654986739857122
388,/home/stack/schl/Escape-Torre-IA/maps/bottleneck.txt,150,30055,a_star,70,80,0,0.4666666666666667,54,45,sin_agentes_pendientes,4831,582,1018,1.6046590979967732
389,/home/stack/schl/Escape-Torre-IA/maps/bottleneck.txt,150,30055,greedy,70,80,0,0.4666666666666667,51,50,sin_agentes_pendientes,4829,415,923,0.7670923099794891
390,/home/stack/schl/Escape-Torre-IA/maps/bottleneck.txt,150,30055,ida_star,74,76,0,0.49333333333333335,54,48,sin_agentes_pendientes,4902,521,1091,7.488328586012358
391,/home/stack/schl/Escape-Torre-IA/maps/bottleneck.txt,150,30055,genetico,79,71,0,0.5266666666666666,54,48,sin_agentes_pendientes,4954,648,1060,4.768695118982578
392,/home/stack/schl/Escape-Torre-IA/maps/bottleneck.txt,150,30056,bfs,136,14,0,0.9066666666666666,78,78,sin_agentes_pendientes,5648,750,418,0.5087977670191322
393,/home/stack/schl/Escape-Torre-IA/maps/bottleneck.txt,150,30056,dfs,60,90,0,0.4,96,95,sin_agentes_pendientes,6791,1144,2694,2.3033291009778623
394,/home/stack/schl/Escape-Torre-IA/maps/bottleneck.txt,150,30056,ucs,133,17,0,0.8866666666666667,77,77,sin_agentes_pendientes,5561,733,411,0.9246215479797684
395,/home/stack/schl/Escape-Torre-IA/maps/bottleneck.txt,150,30056,a_star,133,17,0,0.8866666666666667,77,77,sin_agentes_pendientes,5561,737,415,0.4888950449822005
396,/home/stack/schl/Escape-Torre-IA/maps/bottleneck.txt,150,30056,greedy,128,22,0,0.8533333333333334,83,83,sin_agentes_pendientes,5590,524,438,0.3792675030126702
397,/home/stack/schl/Escape-Torre-IA/maps/bottleneck.txt,150,30056,ida_star,134,16,0,0.8933333333333333,77,77,sin_agentes_pendientes,5615,741,446,2.127004402980674
398,/home/stack/schl/Escape-Torre-IA/maps/bottleneck.txt,150,30056,genetico,140,10,0,0.9333333333333333,84,84,sin_agentes_pendientes,5926,793,974,1.465001934004249
399,/home/stack/schl/Escape-Torre-IA/maps/bottleneck.txt,150,30057,bfs,47,103,0,0.31333333333333335,36,35,sin_agentes_pendientes,3851,407,928,1.7151475529826712
400,/home/stack/schl/Escape-Torre-IA/maps/bottleneck.txt,150,30057,dfs,15,135,0,0.1,33,32,sin_agentes_pendientes,4302,124,1450,2.264786458981689
401,/home/stack/schl/Escape-Torre-IA/maps/bottleneck.txt,150,30057,ucs,43,107,0,0.2866666666666667,34,33,sin_agentes_pendientes,3780,250,750,2.426106372004142
402,/home/stack/schl/Escape-Torre-IA/maps/bottleneck.txt,150,30057,a_star,43,107,0,0.2866666666666667,34,33,sin_agentes_pendientes,3779,251,769,1.6613686819910072
403,/home/stack/schl/Escape-Torre-IA/maps/bottleneck.txt,150,30057,greedy,43,107,0,0.2866666666666667,35,34,sin_agentes_pendientes,3832,309,903,1.4347522480238695
404,/home/stack/schl/Escape-Torre-IA/maps/bottleneck.txt,150,30057,ida_star,46,104,0,0.30666666666666664,36,35,sin_agentes_pendientes,3829,403,927,7.973896652023541
405,/home/stack/schl/Escape-Torre-IA/maps/bottleneck.txt,150,30057,genetico,44,106,0,0.29333333333333333,36,35,sin_agentes_pendientes,3896,443,900,5.56095365199144
406,/home/stack/schl/Escape-Torre-IA/maps/bottleneck.txt,150,30058,bfs,126,24,0,0.84,82,71,sin_agentes_pendientes,5472,758,503,0.6682480160088744
407,/home/stack/schl/Escape-Torre-IA/maps/bottleneck.txt,150,30058,dfs,51,99,0,0.34,82,80,sin_agentes_pendientes,7869,380,1680,1.8263435170229059
408,/home/stack/schl/Escape-Torre-IA/maps/bottleneck.txt,150,30058,ucs,130,20,0,0.8666666666666667,82,73,sin_agentes_pendientes,5533,785,425,0.9648869060038123
409,/home/stack/schl/Escape-Torre-IA/maps/bottleneck.txt,150,30058,a_star,130,20,0,0.8666666666666667,82,73,sin_agentes_pendientes,5531,787,415,0.49694883698248304
410,/home/stack/schl/Escape-Torre-IA/maps/bottleneck.txt,150,30058,greedy,123,27,0,0.82,82,70,sin_agentes_pendientes,5401,618,436,0.38367948099039495
411,/home/stack/schl/Escape-Torre-IA/maps/bottleneck.txt,150,30058,ida_star,130,20,0,0.8666666666666667,82,73,sin_agentes_pendientes,5423,773,417,2.351575389999198
412,/home/stack/schl/Escape-Torre-IA/maps/bottleneck.txt,150,30058,genetico,133,17,0,0.8866666666666667,82,75,sin_agentes_pendientes,5771,871,1061,1.4645083009963855
413,/home/stack/schl/Escape-Torre-IA/maps/bottleneck.txt,150,30059,bfs,95,55,0,0.6333333333333333,65,65,sin_agentes_pendientes,4020,716,924,1.0963657769898418
414,/home/stack/schl/Escape-Torre-IA/maps/bottleneck.txt,150,30059,dfs,63,87,0,0.42,94,90,sin_agentes_pendientes,5740,2634,4106,3.6127772990148515
415,/home/stack/schl/Escape-Torre-IA/maps/bottleneck.txt,150,30059,ucs,95,55,0,0.6333333333333333,65,65,sin_agentes_pendientes,4067,787,950,2.0070993620029185
416,/home/stack/schl/Escape-Torre-IA/maps/bottleneck.txt,150,30059,a_star,95,55,0,0.6333333333333333,65,65,sin_agentes_pendientes,4015,739,887,1.4442386419977993
417,/home/stack/schl/Escape-Torre-IA/maps/bottleneck.txt,150,30059,greedy,93,57,0,0.62,65,65,sin_agentes_pendientes,4071,519,904,0.9005613439949229
418,/home/stack/schl/Escape-Torre-IA/maps/bottleneck.txt,150,30059,ida_star,95,55,0,0.6333333333333333,65,65,sin_agentes_pendientes,4001,667,841,5.465050981001696
419,/home/stack/schl/Escape-Torre-IA/maps/bottleneck.txt,150,30059,genetico,99,51,0,0.66,66,65,sin_agentes_pendientes,4257,1032,1300,3.818069230997935
420,/home/stack/schl/Escape-Torre-IA/maps/bottleneck.txt,150,30060,bfs,57,93,0,0.38,42,40,sin_agentes_pendientes,4653,145,417,0.6599038029962685
421,/home/stack/schl/Escape-Torre-IA/maps/bottleneck.txt,150,30060,dfs,9,141,0,0.06,42,41,sin_agentes_pendientes,5672,71,1629,2.2836857640068047
422,/home/stack/schl/Escape-Torre-IA/maps/bottleneck.txt,150,30060,ucs,46,104,0,0.30666666666666664,42,34,sin_agentes_pendientes,4690,257,420,1.136549593997188
423,/home/stack/schl/Escape-Torre-IA/maps/bottleneck.txt,150,30060,a_star,46,104,0,0.30666666666666664,42,34,sin_agentes_pendientes,4680,237,414,0.6684119289857335
424,/home/stack/schl/Escape-Torre-IA/maps/bottleneck.txt,150,30060,greedy,51,99,0,0.34,42,41,sin_agentes_pendientes,4706,200,487,0.398825690994272
425,/home/stack/schl/Escape-Torre-IA/maps/bottleneck.txt,150,30060,ida_star,54,96,0,0.36,42,40,sin_agentes_pendientes,4717,162,433,2.4288194490072783
426,/home/stack/schl/Escape-Torre-IA/maps/bottleneck.txt,150,30060,genetico,47,103,0,0.31333333333333335,42,34,sin_agentes_pendientes,4852,271,566,1.517563422996318
427,/home/stack/schl/Escape-Torre-IA/maps/bottleneck.txt,150,30061,bfs,114,36,0,0.76,76,67,sin_agentes_pendientes,5000,712,718,0.7335008009977173
428,/home/stack/schl/Escape-Torre-IA/maps/bottleneck.txt,150,30061,dfs,45,105,0,0.3,76,67,sin_agentes_pendientes,6950,1456,2782,2.0829620519944
429,/home/stack/schl/Escape-Torre-IA/maps/bottleneck.txt,150,30061,ucs,117,33,0,0.78,76,68,sin_agentes_pendientes,5030,756,633,1.1981466000142973
430,/home/stack/schl/Escape-Torre-IA/maps/bottleneck.txt,150,30061,a_star,117,33,0,0.78,76,68,sin_agentes_pendientes,5010,732,622,0.701984552986687
431,/home/stack/schl/Escape-Torre-IA/maps/bottleneck.txt,150,30061,greedy,114,36,0,0.76,76,67,sin_agentes_pendientes,4762,801,754,0.5745444020139985
432,/home/stack/schl/Escape-Torre-IA/maps/bottleneck.txt,150,30061,ida_star,117,33,0,0.78,76,68,sin_agentes_pendientes,4946,836,709,2.976935789018171
433,/home/stack/schl/Escape-Torre-IA/maps/bottleneck.txt,150,30061,genetico,117,33,0,0.78,76,69,sin_agentes_pendientes,5251,915,1115,1.7309645329951309
434,/home/stack/schl/Escape-Torre-IA/maps/bottleneck.txt,150,30062,bfs,141,9,0,0.94,81,81,sin_agentes_pendientes,5520,1135,521,0.586207830987405
435,/home/stack/schl/Escape-Torre-IA/maps/bottleneck.txt,150,30062,dfs,73,77,0,0.4866666666666667,124,121,sin_agentes_pendientes,11816,277,1489,2.210659948992543
436,/home/stack/schl/Escape-Torre-IA/maps/bottleneck.txt,150,30062,ucs,140,10,0,0.9333333333333333,86,80,sin_agentes_pendientes,5662,1113,518,1.0941028259985615
437,/home/stack/schl/Escape-Torre-IA/maps/bottleneck.txt,150,30062,a_star,141,9,0,0.94,81,81,sin_agentes_pendientes,5550,1123,491,0.5262572229839861
438,/home/stack/schl/Escape-Torre-IA/maps/bottleneck.txt,150,30062,greedy,141,9,0,0.94,81,81,sin_agentes_pendientes,5586,1013,462,0.33630055500543676
439,/home/stack/schl/Escape-Torre-IA/maps/bottleneck.txt,150,30062,ida_star,141,9,0,0.94,81,81,sin_agentes_pendientes,5528,1119,480,2.812380597984884
440,/home/stack/schl/Escape-Torre-IA/maps/bottleneck.txt,150,30062,genetico,147,3,0,0.98,84,84,sin_agentes_pendientes,5844,1138,1292,1.520013683999423
441,/home/stack/schl/Escape-Torre-IA/maps/bottleneck.txt,150,30063,bfs,67,83,0,0.44666666666666666,47,46,sin_agentes_pendientes,4148,781,1284,1.6354958149895538
442,/home/stack/schl/Escape-Torre-IA/maps/bottleneck.txt,150,30063,dfs,33,117,0,0.22,60,59,sin_agentes_pendientes,4743,2165,3387,4.639984949986683
443,/home/stack/schl/Escape-Torre-IA/maps/bottleneck.txt,150,30063,ucs,70,80,0,0.4666666666666667,47,46,sin_agentes_pendientes,4184,769,1212,2.851078037987463
444,/home/stack/schl/Escape-Torre-IA/maps/bottleneck.txt,150,30063,a_star,70,80,0,0.4666666666666667,47,46,sin_agentes_pendientes,4146,737,1191,2.118462949001696
445,/home/stack/schl/Escape-Torre-IA/maps/bottleneck.txt,150,30063,greedy,67,83,0,0.44666666666666666,53,52,sin_agentes_pendientes,4232,733,1311,1.3342429200129118
446,/home/stack/schl/Escape-Torre-IA/maps/bottleneck.txt,150,30063,ida_star,68,82,0,0.4533333333333333,47,46,sin_agentes_pendientes,4103,684,1178,6.992207848990802
447,/home/stack/schl/Escape-Torre-IA/maps/bottleneck.txt,150,30063,genetico,73,77,0,0.4866666666666667,49,48,sin_agentes_pendientes,4295,916,1406,6.491088195005432
448,/home/stack/schl/Escape-Torre-IA/maps/bottleneck.txt,150,30064,bfs,61,89,0,0.4066666666666667,47,46,sin_agentes_pendientes,5018,286,810,0.8336299599905033
449,/home/stack/schl/Escape-Torre-IA/maps/bottleneck.txt,150,30064,dfs,17,133,0,0.11333333333333333,46,45,sin_agentes_pendientes,6104,242,1472,2.5114642480039038
450,/home/stack/schl/Escape-Torre-IA/maps/bottleneck.txt,150,30064,ucs,68,82,0,0.4533333333333333,47,46,sin_agentes_pendientes,4955,432,733,1.8872200100158807
451,/home/stack/schl/Escape-Torre-IA/maps/bottleneck.txt,150,30064,a_star,69,81,0,0.46,48,47,sin_agentes_pendientes,4992,443,744,1.084076602011919
452,/home/stack/schl/Escape-Torre-IA/maps/bottleneck.txt,150,30064,greedy,61,89,0,0.4066666666666667,47,46,sin_agentes_pendientes,4971,271,900,0.6810977979912423
453,/home/stack/schl/Escape-Torre-IA/maps/bottleneck.txt,150,30064,ida_star,68,82,0,0.4533333333333333,47,46,sin_agentes_pendientes,5028,274,695,7.013656236988027
454,/home/stack/schl/Escape-Torre-IA/maps/bottleneck.txt,150,30064,genetico,68,82,0,0.4533333333333333,47,46,sin_agentes_pendientes,4995,570,857,2.450034259003587
455,/home/stack/schl/Escape-Torre-IA/maps/bottleneck.txt,150,30065,bfs,116,34,0,0.7733333333333333,76,72,sin_agentes_pendientes,5140,503,558,0.7333744050120004
456,/home/stack/schl/Escape-Torre-IA/maps/bottleneck.txt,150,30065,dfs,53,97,0,0.35333333333333333,90,86,sin_agentes_pendientes,8730,639,3172,2.5853149509930518
457,/home/stack/schl/Escape-Torre-IA/maps/bottleneck.txt,150,30065,ucs,114,36,0,0.76,76,69,sin_agentes_pendientes,5180,510,571,1.3215651249920484
458,/home/stack/schl/Escape-Torre-IA/maps/bottleneck.txt,150,30065,a_star,114,36,0,0.76,76,70,sin_agentes_pendientes,5190,500,578,0.6281431719835382
459,/home/stack/schl/Escape-Torre-IA/maps/bottleneck.txt,150,30065,greedy,106,44,0,0.7066666666666667,84,84,sin_agentes_pendientes,4891,349,647,0.45136701298179105
460,/home/stack/schl/Escape-Torre-IA/maps/bottleneck.txt,150,30065,ida_star,114,36,0,0.76,76,72,sin_agentes_pendientes,5107,493,611,3.554092406993732
461,/home/stack/schl/Escape-Torre-IA/maps/bottleneck.txt,150,30065,genetico,124,26,0,0.8266666666666667,73,72,sin_agentes_pendientes,5545,692,955,1.6248812970006838
462,/home/stack/schl/Escape-Torre-IA/maps/bottleneck.txt,150,30066,bfs,96,54,0,0.64,56,54,sin_agentes_pendientes,4980,370,492,0.6234098869899753
463,/home/stack/schl/Escape-Torre-IA/maps/bottleneck.txt,150,30066,dfs,32,118,0,0.21333333333333335,56,52,sin_agentes_pendientes,6456,315,2016,1.8705692169896793
464,/home/stack/schl/Escape-Torre-IA/maps/bottleneck.txt,150,30066,ucs,96,54,0,0.64,56,54,sin_agentes_pendientes,5043,403,444,1.1331933610199485
465,/home/stack/schl/Escape-Torre-IA/maps/bottleneck.txt,150,30066,a_star,96,54,0,0.64,56,54,sin_agentes_pendientes,5045,401,449,0.49483586399583146
466,/home/stack/schl/Escape-Torre-IA/maps/bottleneck.txt,150,30066,greedy,96,54,0,0.64,56,54,sin_agentes_pendientes,5085,309,446,0.3275689829897601
467,/home/stack/schl/Escape-Torre-IA/maps/bottleneck.txt,150,30066,ida_star,96,54,0,0.64,56,54,sin_agentes_pendientes,4949,381,421,2.613131771009648
468,/home/stack/schl/Escape-Torre-IA/maps/bottleneck.txt,150,30066,genetico,98,52,0,0.6533333333333333,56,55,sin_agentes_pendientes,5148,535,771,1.2425720509781968
469,/home/stack/schl/Escape-Torre-IA/maps/bottleneck.txt,150,30067,bfs,149,1,0,0.9933333333333333,85,85,sin_agentes_pendientes,6065,986,369,0.42426070300280116
470,/home/stack/schl/Escape-Torre-IA/maps/bottleneck.txt,150,30067,dfs,103,47,0,0.6866666666666666,157,156,sin_agentes_pendientes,11948,205,1555,2.2976716379926074
471,/home/stack/schl/Escape-Torre-IA/maps/bottleneck.txt,150,30067,ucs,149,1,0,0.9933333333333333,85,85,sin_agentes_pendientes,6139,912,310,0.8243020059890114
472,/home/stack/schl/Escape-Torre-IA/maps/bottleneck.txt,150,30067,a_star,149,1,0,0.9933333333333333,85,85,sin_agentes_pendientes,6137,914,322,0.4511369630054105
473,/home/stack/schl/Escape-Torre-IA/maps/bottleneck.txt,150,30067,greedy,149,1,0,0.9933333333333333,86,86,sin_agentes_pendientes,6187,992,313,0.3342696230101865
474,/home/stack/schl/Escape-Torre-IA/maps/bottleneck.txt,150,30067,ida_star,149,1,0,0.9933333333333333,85,85,sin_agentes_pendientes,6091,960,353,2.150049092975678
475,/home/stack/schl/Escape-Torre-IA/maps/bottleneck.txt,150,30067,genetico,150,0,0,1.0,85,85,sin_agentes_pendientes,6184,949,1101,1.3356977770163212
476,/home/stack/schl/Escape-Torre-IA/maps/bottleneck.txt,150,30068,bfs,101,49,0,0.6733333333333333,64,63,sin_agentes_pendientes,5021,496,692,0.8217133180005476
477,/home/stack/schl/Escape-Torre-IA/maps/bottleneck.txt,150,30068,dfs,27,123,0,0.18,64,63,sin_agentes_pendientes,5983,1842,3490,4.521115926996572
478,/home/stack/schl/Escape-Torre-IA/maps/bottleneck.txt,150,30068,ucs,100,50,0,0.6666666666666666,64,59,sin_agentes_pendientes,5082,716,933,2.2083682829979807
479,/home/stack/schl/Escape-Torre-IA/maps/bottleneck.txt,150,30068,a_star,99,51,0,0.66,64,58,sin_agentes_pendientes,5063,715,943,1.9564667399972677
480,/home/stack/schl/Escape-Torre-IA/maps/bottleneck.txt,150,30068,greedy,95,55,0,0.6333333333333333,64,63,sin_agentes_pendientes,5013,565,894,0.7811866320262197
481,/home/stack/schl/Escape-Torre-IA/maps/bottleneck.txt,150,30068,ida_star,100,50,0,0.6666666666666666,60,59,sin_agentes_pendientes,5039,601,778,3.716172064014245
482,/home/stack/schl/Escape-Torre-IA/maps/bottleneck.txt,150,30068,genetico,109,41,0,0.7266666666666667,64,63,sin_agentes_pendientes,5294,916,1144,3.8750045759952627
483,/home/stack/schl/Escape-Torre-IA/maps/bottleneck.txt,150,30069,bfs,100,50,0,0.6666666666666666,62,61,sin_agentes_pendientes,5632,420,406,0.6084628050157335
484,/home/stack/schl/Escape-Torre-IA/maps/bottleneck.txt,150,30069,dfs,31,119,0,0.20666666666666667,62,60,sin_agentes_pendientes,6696,929,3003,2.9492681120173074
485,/home/stack/schl/Escape-Torre-IA/maps/bottleneck.txt,150,30069,ucs,98,52,0,0.6533333333333333,62,61,sin_agentes_pendientes,5760,366,467,1.2218058760045096
486,/home/stack/schl/Escape-Torre-IA/maps/bottleneck.txt,150,30069,a_star,100,50,0,0.6666666666666666,62,61,sin_agentes_pendientes,5777,349,455,0.6140020590100903
487,/home/stack/schl/Escape-Torre-IA/maps/bottleneck.txt,150,30069,greedy,89,61,0,0.5933333333333334,62,61,sin_agentes_pendientes,5359,251,654,0.47339864299283363
488,/home/stack/schl/Escape-Torre-IA/maps/bottleneck.txt,150,30069,ida_star,97,53,0,0.6466666666666666,62,61,sin_agentes_pendientes,5750,358,443,2.5080140070058405
489,/home/stack/schl/Escape-Torre-IA/maps/bottleneck.txt,150,30069,genetico,99,51,0,0.66,62,61,sin_agentes_pendientes,5961,485,719,1.3227894440060481
490,/home/stack/schl/Escape-Torre-IA/maps/bottleneck.txt,150,30070,bfs,99,51,0,0.66,64,56,sin_agentes_pendientes,4940,517,510,0.7127734980022069
491,/home/stack/schl/Escape-Torre-IA/maps/bottleneck.txt,150,30070,dfs,33,117,0,0.22,64,60,sin_agentes_pendientes,7106,144,1722,2.098486934992252
492,/home/stack/schl/Escape-Torre-IA/maps/bottleneck.txt,150,30070,ucs,99,51,0,0.66,64,56,sin_agentes_pendientes,5014,517,464,1.331236889003776
493,/home/stack/schl/Escape-Torre-IA/maps/bottleneck.txt,150,30070,a_star,99,51,0,0.66,64,56,sin_agentes_pendientes,5014,517,464,0.6053221120091621
494,/home/stack/schl/Escape-Torre-IA/maps/bottleneck.txt,150,30070,greedy,98,52,0,0.6533333333333333,64,56,sin_agentes_pendientes,4879,403,464,0.3453027329815086
495,/home/stack/schl/Escape-Torre-IA/maps/bottleneck.txt,150,30070,ida_star,100,50,0,0.6666666666666666,64,57,sin_agentes_pendientes,4849,490,438,3.2699228260025848
496,/home/stack/schl/Escape-Torre-IA/maps/bottleneck.txt,150,30070,genetico,105,45,0,0.7,64,59,sin_agentes_pendientes,5425,598,813,1.3919279900146648
497,/home/stack/schl/Escape-Torre-IA/maps/bottleneck.txt,150,30071,bfs,64,86,0,0.4266666666666667,50,47,sin_agentes_pendientes,5054,329,950,0.9589821929985192
498,/home/stack/schl/Escape-Torre-IA/maps/bottleneck.txt,150,30071,dfs,22,128,0,0.14666666666666667,50,48,sin_agentes_pendientes,5651,641,2219,2.3729586509871297
499,/home/stack/schl/Escape-Torre-IA/maps/bottleneck.txt,150,30071,ucs,60,90,0,0.4,50,48,sin_agentes_pendientes,5033,375,851,1.6661183749965858
500,/home/stack/schl/Escape-Torre-IA/maps/bottleneck.txt,150,30071,a_star,61,89,0,0.4066666666666667,50,48,sin_agentes_pendientes,5037,370,881,0.830497202987317
501,/home/stack/schl/Escape-Torre-IA/maps/bottleneck.txt,150,30071,greedy,59,91,0,0.3933333333333333,50,48,sin_agentes_pendientes,5024,506,988,0.6621896190044936
502,/home/stack/schl/Escape-Torre-IA/maps/bottleneck.txt,150,30071,ida_star,61,89,0,0.4066666666666667,50,47,sin_agentes_pendientes,5179,379,839,4.8902856149943545
503,/home/stack/schl/Escape-Torre-IA/maps/bottleneck.txt,150,30071,genetico,67,83,0,0.44666666666666666,50,49,sin_agentes_pendientes,5177,473,863,1.8773326970112976
504,/home/stack/schl/Escape-Torre-IA/maps/bottleneck.txt,150,30072,bfs,84,66,0,0.56,58,56,sin_agentes_pendientes,5114,379,702,0.7174441629904322
505,/home/stack/schl/Escape-Torre-IA/maps/bottleneck.txt,150,30072,dfs,23,127,0,0.15333333333333332,58,55,sin_agentes_pendientes,6501,321,1974,2.247211790003348
506,/home/stack/schl/Escape-Torre-IA/maps/bottleneck.txt,150,30072,ucs,79,71,0,0.5266666666666666,58,56,sin_agentes_pendientes,5170,379,741,1.4815696589939762
507,/home/stack/schl/Escape-Torre-IA/maps/bottleneck.txt,150,30072,a_star,79,71,0,0.5266666666666666,58,56,sin_agentes_pendientes,5145,378,728,0.610910243995022
508,/home/stack/schl/Escape-Torre-IA/maps/bottleneck.txt,150,30072,greedy,79,71,0,0.5266666666666666,58,55,sin_agentes_pendientes,5249,570,938,0.507018275995506
509,/home/stack/schl/Escape-Torre-IA/maps/bottleneck.txt,150,30072,ida_star,77,73,0,0.5133333333333333,58,56,sin_agentes_pendientes,5070,394,727,3.44821880600648
510,/home/stack/schl/Escape-Torre-IA/maps/bottleneck.txt,150,30072,genetico,97,53,0,0.6466666666666666,58,57,sin_agentes_pendientes,5443,417,716,1.4430779189860914
511,/home/stack/schl/Escape-Torre-IA/maps/bottleneck.txt,150,30073,bfs,79,71,0,0.5266666666666666,52,51,sin_agentes_pendientes,5254,295,744,0.9013738239882514
512,/home/stack/schl/Escape-Torre-IA/maps/bottleneck.txt,150,30073,dfs,24,126,0,0.16,52,46,sin_agentes_pendientes,6627,47,2087,2.47758584501571
513,/home/stack/schl/Escape-Torre-IA/maps/bottleneck.txt,150,30073,ucs,78,72,0,0.52,52,51,sin_agentes_pendientes,5108,188,728,1.7033522270212416
514,/home/stack/schl/Escape-Torre-IA/maps/bottleneck.txt,150,30073,a_star,77,73,0,0.5133333333333333,52,50,sin_agentes_pendientes,5092,199,732,0.9515072880021762
515,/home/stack/schl/Escape-Torre-IA/maps/bottleneck.txt,150,30073,greedy,77,73,0,0.5133333333333333,52,51,sin_agentes_pendientes,5083,171,911,0.5122169810056221
516,/home/stack/schl/Escape-Torre-IA/maps/bottleneck.txt,150,30073,ida_star,79,71,0,0.5266666666666666,52,51,sin_agentes_pendientes,5052,283,726,11.709861426003044
517,/home/stack/schl/Escape-Torre-IA/maps/bottleneck.txt,150,30073,genetico,79,71,0,0.5266666666666666,52,51,sin_agentes_pendientes,5325,366,727,2.041499095998006
518,/home/stack/schl/Escape-Torre-IA/maps/bottleneck.txt,150,30074,bfs,115,35,0,0.7666666666666667,93,93,sin_agentes_pendientes,4891,863,825,0.7325188289978541
519,/home/stack/schl/Escape-Torre-IA/maps/bottleneck.txt,150,30074,dfs,58,92,0,0.38666666666666666,104,103,sin_agentes_pendientes,8065,1436,2965,2.5574720010044985
520,/home/stack/schl/Escape-Torre-IA/maps/bottleneck.txt,150,30074,ucs,115,35,0,0.7666666666666667,95,95,sin_agentes_pendientes,4923,771,734,1.4109219520178158
521,/home/stack/schl/Escape-Torre-IA/maps/bottleneck.txt,150,30074,a_star,115,35,0,0.7666666666666667,93,93,sin_agentes_pendientes,4915,771,738,0.8914854630129412
522,/home/stack/schl/Escape-Torre-IA/maps/bottleneck.txt,150,30074,greedy,109,41,0,0.7266666666666667,101,101,sin_agentes_pendientes,4840,677,803,0.6277397259837016
523,/home/stack/schl/Escape-Torre-IA/maps/bottleneck.txt,150,30074,ida_star,113,37,0,0.7533333333333333,65,64,sin_agentes_pendientes,4833,693,677,4.377367453009356
524,/home/stack/schl/Escape-Torre-IA/maps/bottleneck.txt,150,30074,genetico,117,33,0,0.78,67,66,sin_agentes_pendientes,5051,758,1011,1.8059847469849046
525,/home/stack/schl/Escape-Torre-IA/maps/bottleneck.txt,150,30075,bfs,37,113,0,0.24666666666666667,34,33,sin_agentes_pendientes,3255,939,1343,2.2802514059876557
526,/home/stack/schl/Escape-Torre-IA/maps/bottleneck.txt,150,30075,dfs,10,140,0,0.06666666666666667,37,36,sin_agentes_pendientes,3367,1596,2940,5.56865710899001
527,/home/stack/schl/Escape-Torre-IA/maps/bottleneck.txt,150,30075,ucs,41,109,0,0.2733333333333333,36,35,sin_agentes_pendientes,3317,1078,1429,4.469702931004576
528,/home/stack/schl/Escape-Torre-IA/maps/bottleneck.txt,150,30075,a_star,41,109,0,0.2733333333333333,36,35,sin_agentes_pendientes,3317,1058,1412,4.415227989986306
529,/home/stack/schl/Escape-Torre-IA/maps/bottleneck.txt,150,30075,greedy,34,116,0,0.22666666666666666,36,35,sin_agentes_pendientes,3205,1079,1641,3.2450276839954313
530,/home/stack/schl/Escape-Torre-IA/maps/bottleneck.txt,150,30075,ida_star,41,109,0,0.2733333333333333,36,35,sin_agentes_pendientes,3326,1043,1365,8.001593741006218
531,/home/stack/schl/Escape-Torre-IA/maps/bottleneck.txt,150,30075,genetico,45,105,0,0.3,38,37,sin_agentes_pendientes,3365,1221,1510,9.772084178985097
532,/home/stack/schl/Escape-Torre-IA/maps/bottleneck.txt,150,30076,bfs,93,57,0,0.62,60,54,sin_agentes_pendientes,5419,249,391,0.5671426980115939
533,/home/stack/schl/Escape-Torre-IA/maps/bottleneck.txt,150,30076,dfs,20,130,0,0.13333333333333333,60,56,sin_agentes_pendientes,7676,142,1713,2.013088286999846
534,/home/stack/schl/Escape-Torre-IA/maps/bottleneck.txt,150,30076,ucs,93,57,0,0.62,60,54,sin_agentes_pendientes,5453,467,381,0.8997693699784577
535,/home/stack/schl/Escape-Torre-IA/maps/bottleneck.txt,150,30076,a_star,93,57,0,0.62,60,54,sin_agentes_pendientes,5453,467,381,0.4743665359856095
536,/home/stack/schl/Escape-Torre-IA/maps/bottleneck.txt,150,30076,greedy,91,59,0,0.6066666666666667,60,54,sin_agentes_pendientes,5479,297,409,0.3428883469896391
537,/home/stack/schl/Escape-Torre-IA/maps/bottleneck.txt,150,30076,ida_star,93,57,0,0.62,60,54,sin_agentes_pendientes,5462,464,409,2.1282845020177774
538,/home/stack/schl/Escape-Torre-IA/maps/bottleneck.txt,150,30076,genetico,94,56,0,0.6266666666666667,60,54,sin_agentes_pendientes,5597,502,740,1.4043936419766396
539,/home/stack/schl/Escape-Torre-IA/maps/bottleneck.txt,150,30077,bfs,110,40,0,0.7333333333333333,84,70,sin_agentes_pendientes,4980,715,653,0.7657570860174019
540,/home/stack/schl/Escape-Torre-IA/maps/bottleneck.txt,150,30077,dfs,43,107,0,0.2866666666666667,84,80,sin_agentes_pendientes,6349,1924,3383,2.925861800002167
541,/home/stack/schl/Escape-Torre-IA/maps/bottleneck.txt,150,30077,ucs,111,39,0,0.74,81,81,sin_agentes_pendientes,4991,812,790,1.658778821991291
542,/home/stack/schl/Escape-Torre-IA/maps/bottleneck.txt,150,30077,a_star,108,42,0,0.72,80,80,sin_agentes_pendientes,4904,732,729,0.8503270590153988
543,/home/stack/schl/Escape-Torre-IA/maps/bottleneck.txt,150,30077,greedy,101,49,0,0.6733333333333333,71,70,sin_agentes_pendientes,4896,491,822,0.5834188580047339
544,/home/stack/schl/Escape-Torre-IA/maps/bottleneck.txt,150,30077,ida_star,106,44,0,0.7066666666666667,84,70,sin_agentes_pendientes,4819,688,708,3.5999333529907744
545,/home/stack/schl/Escape-Torre-IA/maps/bottleneck.txt,150,30077,genetico,122,28,0,0.8133333333333334,80,80,sin_agentes_pendientes,5356,931,1160,2.535229047003668
546,/home/stack/schl/Escape-Torre-IA/maps/bottleneck.txt,150,30078,bfs,115,35,0,0.7666666666666667,68,67,sin_agentes_pendientes,5397,993,486,0.5497511560097337
547,/home/stack/schl/Escape-Torre-IA/maps/bottleneck.txt,150,30078,dfs,42,108,0,0.28,68,67,sin_agentes_pendientes,7262,480,1899,1.9681461910076905
548,/home/stack/schl/Escape-Torre-IA/maps/bottleneck.txt,150,30078,ucs,115,35,0,0.7666666666666667,68,67,sin_agentes_pendientes,5505,1029,472,0.9091570059827063
549,/home/stack/schl/Escape-Torre-IA/maps/bottleneck.txt,150,30078,a_star,115,35,0,0.7666666666666667,68,67,sin_agentes_pendientes,5531,1039,478,0.43904505801037885
550,/home/stack/schl/Escape-Torre-IA/maps/bottleneck.txt,150,30078,greedy,114,36,0,0.76,68,67,sin_agentes_pendientes,5450,966,421,0.3150601950183045
551,/home/stack/schl/Escape-Torre-IA/maps/bottleneck.txt,150,30078,ida_star,115,35,0,0.7666666666666667,68,67,sin_agentes_pendientes,5437,1001,450,2.209915807005018
552,/home/stack/schl/Escape-Torre-IA/maps/bottleneck.txt,150,30078,genetico,115,35,0,0.7666666666666667,68,67,sin_agentes_pendientes,5631,1113,1281,1.667840612004511
553,/home/stack/schl/Escape-Torre-IA/maps/bottleneck.txt,150,30079,bfs,67,83,0,0.44666666666666666,44,43,sin_agentes_pendientes,4678,267,532,0.6328945780114736
554,/home/stack/schl/Escape-Torre-IA/maps/bottleneck.txt,150,30079,dfs,24,126,0,0.16,44,43,sin_agentes_pendientes,5607,6,1850,2.0507182630244642
555,/home/stack/schl/Escape-Torre-IA/maps/bottleneck.txt,150,30079,ucs,68,82,0,0.4533333333333333,44,43,sin_agentes_pendientes,4768,248,413,1.1112450360087678
556,/home/stack/schl/Escape-Torre-IA/maps/bottleneck.txt,150,30079,a_star,68,82,0,0.4533333333333333,44,43,sin_agentes_pendientes,4664,226,422,0.5404490380024072
557,/home/stack/schl/Escape-Torre-IA/maps/bottleneck.txt,150,30079,greedy,66,84,0,0.44,44,43,sin_agentes_pendientes,4684,136,643,0.4235773380205501
558,/home/stack/schl/Escape-Torre-IA/maps/bottleneck.txt,150,30079,ida_star,67,83,0,0.44666666666666666,44,43,sin_agentes_pendientes,4573,260,448,2.665039658983005
559,/home/stack/schl/Escape-Torre-IA/maps/bottleneck.txt,150,30079,genetico,67,83,0,0.44666666666666666,44,43,sin_agentes_pendientes,4826,307,590,1.545807173999492
560,/home/stack/schl/Escape-Torre-IA/maps/bottleneck.txt,150,30080,bfs,135,15,0,0.9,85,84,sin_agentes_pendientes,5552,697,389,0.5898395279946271
561,/home/stack/schl/Escape-Torre-IA/maps/bottleneck.txt,150,30080,dfs,36,114,0,0.24,88,80,sin_agentes_pendientes,7417,966,2731,2.19960165899829
562,/home/stack/schl/Escape-Torre-IA/maps/bottleneck.txt,150,30080,ucs,133,17,0,0.8866666666666667,77,76,sin_agentes_pendientes,5593,674,342,0.9848567460139748
563,/home/stack/schl/Escape-Torre-IA/maps/bottleneck.txt,150,30080,a_star,132,18,0,0.88,76,75,sin_agentes_pendientes,5565,654,340,0.46472969799651764
564,/home/stack/schl/Escape-Torre-IA/maps/bottleneck.txt,150,30080,greedy,131,19,0,0.8733333333333333,88,86,sin_agentes_pendientes,5753,658,386,0.36742778902407736
565,/home/stack/schl/Escape-Torre-IA/maps/bottleneck.txt,150,30080,ida_star,133,17,0,0.8866666666666667,79,78,sin_agentes_pendientes,5580,700,393,2.425692717981292
566,/home/stack/schl/Escape-Torre-IA/maps/bottleneck.txt,150,30080,genetico,146,4,0,0.9733333333333334,83,82,sin_agentes_pendientes,5877,1024,1188,1.5614091719908174
567,/home/stack/schl/Escape-Torre-IA/maps/bottleneck.txt,150,30081,bfs,137,13,0,0.9133333333333333,78,78,sin_agentes_pendientes,5743,674,362,0.4547305989835877
568,/home/stack/schl/Escape-Torre-IA/maps/bottleneck.txt,150,30081,dfs,26,124,0,0.17333333333333334,84,79,sin_agentes_pendientes,10225,197,1238,2.5362312260258477
569,/home/stack/schl/Escape-Torre-IA/maps/bottleneck.txt,150,30081,ucs,133,17,0,0.8866666666666667,84,76,sin_agentes_pendientes,5763,692,354,0.8314356750051957
570,/home/stack/schl/Escape-Torre-IA/maps/bottleneck.txt,150,30081,a_star,133,17,0,0.8866666666666667,84,76,sin_agentes_pendientes,5763,692,354,0.3917973279894795
571,/home/stack/schl/Escape-Torre-IA/maps/bottleneck.txt,150,30081,greedy,131,19,0,0.8733333333333333,76,76,sin_agentes_pendientes,5819,741,361,0.31149301599361934
572,/home/stack/schl/Escape-Torre-IA/maps/bottleneck.txt,150,30081,ida_star,128,22,0,0.8533333333333334,76,76,sin_agentes_pendientes,5661,533,300,1.9559822470182553
573,/home/stack/schl/Escape-Torre-IA/maps/bottleneck.txt,150,30081,genetico,139,11,0,0.9266666666666666,84,83,sin_agentes_pendientes,6027,917,1066,1.3477025309985038
574,/home/stack/schl/Escape-Torre-IA/maps/bottleneck.txt,150,30082,bfs,86,64,0,0.5733333333333334,54,53,sin_agentes_pendientes,5099,517,511,0.5999087139789481
575,/home/stack/schl/Escape-Torre-IA/maps/bottleneck.txt,150,30082,dfs,27,123,0,0.18,54,52,sin_agentes_pendientes,6693,144,1504,2.0385794269968756
576,/home/stack/schl/Escape-Torre-IA/maps/bottleneck.txt,150,30082,ucs,86,64,0,0.5733333333333334,54,53,sin_agentes_pendientes,5125,523,522,1.242631330009317
577,/home/stack/schl/Escape-Torre-IA/maps/bottleneck.txt,150,30082,a_star,86,64,0,0.5733333333333334,54,53,sin_agentes_pendientes,5125,523,522,0.5865089670114685
578,/home/stack/schl/Escape-Torre-IA/maps/bottleneck.txt,150,30082,greedy,82,68,0,0.5466666666666666,54,52,sin_agentes_pendientes,5068,411,474,0.34869897802127525
579,/home/stack/schl/Escape-Torre-IA/maps/bottleneck.txt,150,30082,ida_star,86,64,0,0.5733333333333334,54,53,sin_agentes_pendientes,5122,518,544,2.9494932939996943
580,/home/stack/schl/Escape-Torre-IA/maps/bottleneck.txt,150,30082,genetico,86,64,0,0.5733333333333334,54,53,sin_agentes_pendientes,5452,512,754,1.2285686180111952
581,/home/stack/schl/Escape-Torre-IA/maps/bottleneck.txt,150,30083,bfs,138,12,0,0.92,80,79,sin_agentes_pendientes,5540,986,401,0.45262300901231356
582,/home/stack/schl/Escape-Torre-IA/maps/bottleneck.txt,150,30083,dfs,36,114,0,0.24,80,78,sin_agentes_pendientes,8925,424,1866,2.1033375799888745
583,/home/stack/schl/Escape-Torre-IA/maps/bottleneck.txt,150,30083,ucs,138,12,0,0.92,80,79,sin_agentes_pendientes,5678,1170,419,0.8749533709778916
584,/home/stack/schl/Escape-Torre-IA/maps/bottleneck.txt,150,30083,a_star,138,12,0,0.92,80,79,sin_agentes_pendientes,5662,1186,424,0.454278566990979
585,/home/stack/schl/Escape-Torre-IA/maps/bottleneck.txt,150,30083,greedy,137,13,0,0.9133333333333333,80,79,sin_agentes_pendientes,5735,869,381,0.3290448309853673
586,/home/stack/schl/Escape-Torre-IA/maps/bottleneck.txt,150,30083,ida_star,138,12,0,0.92,80,79,sin_agentes_pendientes,5639,1207,451,2.2321258260053582
587,/home/stack/schl/Escape-Torre-IA/maps/bottleneck.txt,150,30083,genetico,138,12,0,0.92,80,79,sin_agentes_pendientes,5835,1267,1424,1.6495550999825355
588,/home/stack/schl/Escape-Torre-IA/maps/bottleneck.txt,150,30084,bfs,75,75,0,0.5,52,51,sin_agentes_pendientes,4952,306,486,0.7201580940163694
589,/home/stack/schl/Escape-Torre-IA/maps/bottleneck.txt,150,30084,dfs,11,139,0,0.07333333333333333,52,48,sin_agentes_pendientes,6813,100,1823,2.213404565991368
590,/home/stack/schl/Escape-Torre-IA/maps/bottleneck.txt,150,30084,ucs,75,75,0,0.5,52,51,sin_agentes_pendientes,5281,393,565,1.4291751419950742
591,/home/stack/schl/Escape-Torre-IA/maps/bottleneck.txt,150,30084,a_star,75,75,0,0.5,52,51,sin_agentes_pendientes,5207,353,561,0.7200950940023176
592,/home/stack/schl/Escape-Torre-IA/maps/bottleneck.txt,150,30084,greedy,73,77,0,0.4866666666666667,52,51,sin_agentes_pendientes,4930,262,597,0.42219828799716197
593,/home/stack/schl/Escape-Torre-IA/maps/bottleneck.txt,150,30084,ida_star,75,75,0,0.5,52,51,sin_agentes_pendientes,5037,353,560,6.072025311994366
594,/home/stack/schl/Escape-Torre-IA/maps/bottleneck.txt,150,30084,genetico,76,74,0,0.5066666666666667,52,51,sin_agentes_pendientes,5507,451,713,1.680056043987861
595,/home/stack/schl/Escape-Torre-IA/maps/bottleneck.txt,150,30085,bfs,88,62,0,0.5866666666666667,64,63,sin_agentes_pendientes,5573,401,488,0.6924926399951801
596,/home/stack/schl/Escape-Torre-IA/maps/bottleneck.txt,150,30085,dfs,24,126,0,0.16,64,63,sin_agentes_pendientes,7662,251,1783,1.8279989860020578
597,/home/stack/schl/Escape-Torre-IA/maps/bottleneck.txt,150,30085,ucs,84,66,0,0.56,64,63,sin_agentes_pendientes,5649,399,477,1.1520247159933206
598,/home/stack/schl/Escape-Torre-IA/maps/bottleneck.txt,150,30085,a_star,84,66,0,0.56,64,63,sin_agentes_pendientes,5663,431,486,0.5590775049931835
599,/home/stack/schl/Escape-Torre-IA/maps/bottleneck.txt,150,30085,greedy,83,67,0,0.5533333333333333,64,60,sin_agentes_pendientes,5671,310,543,0.37683604401536286
600,/home/stack/schl/Escape-Torre-IA/maps/bottleneck.txt,150,30085,ida_star,86,64,0,0.5733333333333334,64,63,sin_agentes_pendientes,5685,452,502,3.075561731995549
601,/home/stack/schl/Escape-Torre-IA/maps/bottleneck.txt,150,30085,genetico,93,57,0,0.62,64,63,sin_agentes_pendientes,5916,541,843,1.6176349259912968
602,/home/stack/schl/Escape-Torre-IA/maps/bottleneck.txt,150,30086,bfs,144,6,0,0.96,82,82,sin_agentes_pendientes,5402,1446,541,0.4349138829857111
603,/home/stack/schl/Escape-Torre-IA/maps/bottleneck.txt,150,30086,dfs,51,99,0,0.34,100,92,sin_agentes_pendientes,9478,842,2297,2.2212927369982935
604,/home/stack/schl/Escape-Torre-IA/maps/bottleneck.txt,150,30086,ucs,145,5,0,0.9666666666666667,82,82,sin_agentes_pendientes,5466,1435,518,0.8976770640001632
605,/home/stack/schl/Escape-Torre-IA/maps/bottleneck.txt,150,30086,a_star,145,5,0,0.9666666666666667,82,82,sin_agentes_pendientes,5502,1403,533,0.5393112699966878
606,/home/stack/schl/Escape-Torre-IA/maps/bottleneck.txt,150,30086,greedy,144,6,0,0.96,82,82,sin_agentes_pendientes,5550,1274,500,0.40291972598060966
607,/home/stack/schl/Escape-Torre-IA/maps/bottleneck.txt,150,30086,ida_star,145,5,0,0.9666666666666667,82,82,sin_agentes_pendientes,5446,1433,540,2.5378424669906963
608,/home/stack/schl/Escape-Torre-IA/maps/bottleneck.txt,150,30086,genetico,148,2,0,0.9866666666666667,84,84,sin_agentes_pendientes,5639,1409,1561,1.8033687110000756
609,/home/stack/schl/Escape-Torre-IA/maps/bottleneck.txt,150,30087,bfs,127,23,0,0.8466666666666667,78,77,sin_agentes_pendientes,5808,996,464,0.6050204340135679
610,/home/stack/schl/Escape-Torre-IA/maps/bottleneck.txt,150,30087,dfs,38,112,0,0.25333333333333335,78,76,sin_agentes_pendientes,8083,1143,3004,2.4962054710194934
611,/home/stack/schl/Escape-Torre-IA/maps/bottleneck.txt,150,30087,ucs,127,23,0,0.8466666666666667,78,77,sin_agentes_pendientes,5969,957,477,1.147509541013278
612,/home/stack/schl/Escape-Torre-IA/maps/bottleneck.txt,150,30087,a_star,127,23,0,0.8466666666666667,78,77,sin_agentes_pendientes,5919,913,471,0.537071939004818
613,/home/stack/schl/Escape-Torre-IA/maps/bottleneck.txt,150,30087,greedy,125,25,0,0.8333333333333334,78,76,sin_agentes_pendientes,5618,686,438,0.3736233249946963
614,/home/stack/schl/Escape-Torre-IA/maps/bottleneck.txt,150,30087,ida_star,125,25,0,0.8333333333333334,78,76,sin_agentes_pendientes,5873,939,480,2.7161629190086387
615,/home/stack/schl/Escape-Torre-IA/maps/bottleneck.txt,150,30087,genetico,127,23,0,0.8466666666666667,78,77,sin_agentes_pendientes,6234,1138,1329,1.5991296230058651
616,/home/stack/schl/Escape-Torre-IA/maps/bottleneck.txt,150,30088,bfs,137,13,0,0.9133333333333333,97,97,sin_agentes_pendientes,5259,954,481,0.6027131180162542
617,/home/stack/schl/Escape-Torre-IA/maps/bottleneck.txt,150,30088,dfs,54,96,0,0.36,104,95,sin_agentes_pendientes,8095,1170,2688,2.4661625289882068
618,/home/stack/schl/Escape-Torre-IA/maps/bottleneck.txt,150,30088,ucs,140,10,0,0.9333333333333333,98,98,sin_agentes_pendientes,5438,951,453,0.9108355070056859
619,/home/stack/schl/Escape-Torre-IA/maps/bottleneck.txt,150,30088,a_star,138,12,0,0.92,97,97,sin_agentes_pendientes,5300,948,447,0.4760187229840085
620,/home/stack/schl/Escape-Torre-IA/maps/bottleneck.txt,150,30088,greedy,137,13,0,0.9133333333333333,99,99,sin_agentes_pendientes,5382,834,465,0.3864369179937057
621,/home/stack/schl/Escape-Torre-IA/maps/bottleneck.txt,150,30088,ida_star,137,13,0,0.9133333333333333,97,97,sin_agentes_pendientes,5301,956,480,2.8386509850097355
622,/home/stack/schl/Escape-Torre-IA/maps/bottleneck.txt,150,30088,genetico,144,6,0,0.96,94,94,sin_agentes_pendientes,5493,1029,1194,1.4078506490041036
623,/home/stack/schl/Escape-Torre-IA/maps/bottleneck.txt,150,30089,bfs,139,11,0,0.9266666666666666,82,82,sin_agentes_pendientes,5490,1286,500,0.5099810870015062
624,/home/stack/schl/Escape-Torre-IA/maps/bottleneck.txt,150,30089,dfs,55,95,0,0.36666666666666664,98,95,sin_agentes_pendientes,8622,744,2275,2.3996472060098313
625,/home/stack/schl/Escape-Torre-IA/maps/bottleneck.txt,150,30089,ucs,137,13,0,0.9133333333333333,81,81,sin_agentes_pendientes,5458,1261,514,0.9816010200011078
626,/home/stack/schl/Escape-Torre-IA/maps/bottleneck.txt,150,30089,a_star,137,13,0,0.9133333333333333,81,81,sin_agentes_pendientes,5458,1261,512,0.4963426539907232
627,/home/stack/schl/Escape-Torre-IA/maps/bottleneck.txt,150,30089,greedy,137,13,0,0.9133333333333333,81,81,sin_agentes_pendientes,5515,1202,515,0.3751342740142718
628,/home/stack/schl/Escape-Torre-IA/maps/bottleneck.txt,150,30089,ida_star,140,10,0,0.9333333333333333,82,82,sin_agentes_pendientes,5524,1331,503,2.6003197059908416
629,/home/stack/schl/Escape-Torre-IA/maps/bottleneck.txt,150,30089,genetico,144,6,0,0.96,84,84,sin_agentes_pendientes,5728,1355,1515,1.6847480139986146
630,/home/stack/schl/Escape-Torre-IA/maps/bottleneck.txt,150,30090,bfs,112,38,0,0.7466666666666667,73,72,sin_agentes_pendientes,4786,882,801,0.7024909860047046
631,/home/stack/schl/Escape-Torre-IA/maps/bottleneck.txt,150,30090,dfs,39,111,0,0.26,72,67,sin_agentes_pendientes,7380,584,2054,2.317677349987207
632,/home/stack/schl/Escape-Torre-IA/maps/bottleneck.txt,150,30090,ucs,115,35,0,0.7666666666666667,72,72,sin_agentes_pendientes,4804,878,686,1.0184508130187169
633,/home/stack/schl/Escape-Torre-IA/maps/bottleneck.txt,150,30090,a_star,115,35,0,0.7666666666666667,72,72,sin_agentes_pendientes,4804,850,657,0.6365323470090516
634,/home/stack/schl/Escape-Torre-IA/maps/bottleneck.txt,150,30090,greedy,117,33,0,0.78,72,72,sin_agentes_pendientes,4952,682,643,0.4580630320124328
635,/home/stack/schl/Escape-Torre-IA/maps/bottleneck.txt,150,30090,ida_star,114,36,0,0.76,73,73,sin_agentes_pendientes,4893,769,677,3.640000903978944
636,/home/stack/schl/Escape-Torre-IA/maps/bottleneck.txt,150,30090,genetico,121,29,0,0.8066666666666666,72,72,sin_agentes_pendientes,4960,952,1172,1.8960646760242525
637,/home/stack/schl/Escape-Torre-IA/maps/bottleneck.txt,150,30091,bfs,146,4,0,0.9733333333333334,87,87,sin_agentes_pendientes,5724,1057,416,0.512733906012727
638,/home/stack/schl/Escape-Torre-IA/maps/bottleneck.txt,150,30091,dfs,49,101,0,0.32666666666666666,99,98,sin_agentes_pendientes,8171,1109,2469,2.4417133960232604
639,/home/stack/schl/Escape-Torre-IA/maps/bottleneck.txt,150,30091,ucs,148,2,0,0.9866666666666667,87,87,sin_agentes_pendientes,5807,1099,418,0.873274322017096
640,/home/stack/schl/Escape-Torre-IA/maps/bottleneck.txt,150,30091,a_star,148,2,0,0.9866666666666667,89,89,sin_agentes_pendientes,5815,1093,423,0.48344543599523604
641,/home/stack/schl/Escape-Torre-IA/maps/bottleneck.txt,150,30091,greedy,146,4,0,0.9733333333333334,83,83,sin_agentes_pendientes,5852,1043,406,0.3544434020004701
642,/home/stack/schl/Escape-Torre-IA/maps/bottleneck.txt,150,30091,ida_star,147,3,0,0.98,83,83,sin_agentes_pendientes,5734,1104,431,2.1454142029979266
643,/home/stack/schl/Escape-Torre-IA/maps/bottleneck.txt,150,30091,genetico,150,0,0,1.0,84,84,sin_agentes_pendientes,5934,1080,1232,1.4407743359915912
644,/home/stack/schl/Escape-Torre-IA/maps/bottleneck.txt,150,30092,bfs,101,49,0,0.6733333333333333,78,72,sin_agentes_pendientes,5375,665,944,0.9515632689872291
645,/home/stack/schl/Escape-Torre-IA/maps/bottleneck.txt,150,30092,dfs,48,102,0,0.32,78,73,sin_agentes_pendientes,6510,984,2445,2.0206826960202307
646,/home/stack/schl/Escape-Torre-IA/maps/bottleneck.txt,150,30092,ucs,106,44,0,0.7066666666666667,78,72,sin_agentes_pendientes,5482,582,861,1.7925347840064205
647,/home/stack/schl/Escape-Torre-IA/maps/bottleneck.txt,150,30092,a_star,105,45,0,0.7,78,72,sin_agentes_pendientes,5316,348,656,0.7607296689820942
648,/home/stack/schl/Escape-Torre-IA/maps/bottleneck.txt,150,30092,greedy,95,55,0,0.6333333333333333,78,70,sin_agentes_pendientes,5182,344,784,0.6207290700112935
649,/home/stack/schl/Escape-Torre-IA/maps/bottleneck.txt,150,30092,ida_star,103,47,0,0.6866666666666666,78,72,sin_agentes_pendientes,5360,376,726,5.271274700004142
650,/home/stack/schl/Escape-Torre-IA/maps/bottleneck.txt,150,30092,genetico,106,44,0,0.7066666666666667,78,76,sin_agentes_pendientes,5515,697,993,2.7098389019956812
651,/home/stack/schl/Escape-Torre-IA/maps/bottleneck.txt,150,30093,bfs,78,72,0,0.52,60,50,sin_agentes_pendientes,5387,205,768,0.9619677410228178
652,/home/stack/schl/Escape-Torre-IA/maps/bottleneck.txt,150,30093,dfs,25,125,0,0.16666666666666666,60,56,sin_agentes_pendientes,6789,498,2318,2.680012597993482
653,/home/stack/schl/Escape-Torre-IA/maps/bottleneck.txt,150,30093,ucs,78,72,0,0.52,60,50,sin_agentes_pendientes,5440,252,710,1.6609678649983834
654,/home/stack/schl/Escape-Torre-IA/maps/bottleneck.txt,150,30093,a_star,78,72,0,0.52,60,50,sin_agentes_pendientes,5304,208,700,0.7932388260087464
655,/home/stack/schl/Escape-Torre-IA/maps/bottleneck.txt,150,30093,greedy,77,73,0,0.5133333333333333,60,50,sin_agentes_pendientes,5051,215,720,0.4775707880035043
656,/home/stack/schl/Escape-Torre-IA/maps/bottleneck.txt,150,30093,ida_star,79,71,0,0.5266666666666666,60,50,sin_agentes_pendientes,5325,243,681,4.4286091290123295
657,/home/stack/schl/Escape-Torre-IA/maps/bottleneck.txt,150,30093,genetico,81,69,0,0.54,60,51,sin_agentes_pendientes,5522,300,651,1.733978484000545
658,/home/stack/schl/Escape-Torre-IA/maps/bottleneck.txt,150,30094,bfs,56,94,0,0.37333333333333335,41,40,sin_agentes_pendientes,4157,729,1111,2.3298649600183126
659,/home/stack/schl/Escape-Torre-IA/maps/bottleneck.txt,150,30094,dfs,17,133,0,0.11333333333333333,38,37,sin_agentes_pendientes,4398,769,2210,4.033355196996126
660,/home/stack/schl/Escape-Torre-IA/maps/bottleneck.txt,150,30094,ucs,53,97,0,0.35333333333333333,39,38,sin_agentes_pendientes,4118,569,1029,3.5968226740078535
661,/home/stack/schl/Escape-Torre-IA/maps/bottleneck.txt,150,30094,a_star,54,96,0,0.36,40,39,sin_agentes_pendientes,4131,630,1096,3.311998439981835
662,/home/stack/schl/Escape-Torre-IA/maps/bottleneck.txt,150,30094,greedy,47,103,0,0.31333333333333335,40,39,sin_agentes_pendientes,4106,690,1389,2.3017202320042998
663,/home/stack/schl/Escape-Torre-IA/maps/bottleneck.txt,150,30094,ida_star,53,97,0,0.35333333333333333,39,38,sin_agentes_pendientes,4145,586,1012,6.35587379601202
664,/home/stack/schl/Escape-Torre-IA/maps/bottleneck.txt,150,30094,genetico,61,89,0,0.4066666666666667,41,40,sin_agentes_pendientes,4167,788,1114,7.158141224994324
665,/home/stack/schl/Escape-Torre-IA/maps/bottleneck.txt,150,30095,bfs,148,2,0,0.9866666666666667,101,101,sin_agentes_pendientes,5651,1158,426,0.4841388849890791
666,/home/stack/schl/Escape-Torre-IA/maps/bottleneck.txt,150,30095,dfs,69,81,0,0.46,100,94,sin_agentes_pendientes,8198,723,2337,1.7839239749882836
667,/home/stack/schl/Escape-Torre-IA/maps/bottleneck.txt,150,30095,ucs,144,6,0,0.96,80,80,sin_agentes_pendientes,5541,1029,387,0.7347870800003875
668,/home/stack/schl/Escape-Torre-IA/maps/bottleneck.txt,150,30095,a_star,144,6,0,0.96,80,80,sin_agentes_pendientes,5541,1029,388,0.39667112100869417
669,/home/stack/schl/Escape-Torre-IA/maps/bottleneck.txt,150,30095,greedy,145,5,0,0.9666666666666667,103,103,sin_agentes_pendientes,5657,1025,433,0.36205324000911787
670,/home/stack/schl/Escape-Torre-IA/maps/bottleneck.txt,150,30095,ida_star,144,6,0,0.96,80,80,sin_agentes_pendientes,5493,1077,417,2.2903953759814613
671,/home/stack/schl/Escape-Torre-IA/maps/bottleneck.txt,150,30095,genetico,149,1,0,0.9933333333333333,102,102,sin_agentes_pendientes,5719,1124,1281,1.4656267969985493
672,/home/stack/schl/Escape-Torre-IA/maps/bottleneck.txt,150,30096,bfs,32,118,0,0.21333333333333335,30,28,sin_agentes_pendientes,3662,35,753,1.0278932610235643
673,/home/stack/schl/Escape-Torre-IA/maps/bottleneck.txt,150,30096,dfs,12,138,0,0.08,30,29,sin_agentes_pendientes,4025,5,1253,1.6304715919832233
674,/home/stack/schl/Escape-Torre-IA/maps/bottleneck.txt,150,30096,ucs,34,116,0,0.22666666666666666,30,28,sin_agentes_pendientes,3700,25,626,1.8748132449982222
675,/home/stack/schl/Escape-Torre-IA/maps/bottleneck.txt,150,30096,a_star,34,116,0,0.22666666666666666,30,28,sin_agentes_pendientes,3688,45,626,0.9723476000071969
676,/home/stack/schl/Escape-Torre-IA/maps/bottleneck.txt,150,30096,greedy,32,118,0,0.21333333333333335,30,29,sin_agentes_pendientes,3660,49,741,0.6517855950223748
677,/home/stack/schl/Escape-Torre-IA/maps/bottleneck.txt,150,30096,ida_star,34,116,0,0.22666666666666666,30,28,sin_agentes_pendientes,3679,44,632,5.141141930012964
678,/home/stack/schl/Escape-Torre-IA/maps/bottleneck.txt,150,30096,genetico,35,115,0,0.23333333333333334,30,28,sin_agentes_pendientes,3751,25,451,2.4539096490188967
679,/home/stack/schl/Escape-Torre-IA/maps/bottleneck.txt,150,30097,bfs,50,100,0,0.3333333333333333,36,35,sin_agentes_pendientes,4226,73,604,0.7508712220005691
680,/home/stack/schl/Escape-Torre-IA/maps/bottleneck.txt,150,30097,dfs,10,140,0,0.06666666666666667,36,35,sin_agentes_pendientes,4900,3,1208,2.1105590559891425
681,/home/stack/schl/Escape-Torre-IA/maps/bottleneck.txt,150,30097,ucs,48,102,0,0.32,36,35,sin_agentes_pendientes,4264,76,500,1.334654710983159
682,/home/stack/schl/Escape-Torre-IA/maps/bottleneck.txt,150,30097,a_star,48,102,0,0.32,36,35,sin_agentes_pendientes,4280,74,490,0.6740331769979093
683,/home/stack/schl/Escape-Torre-IA/maps/bottleneck.txt,150,30097,greedy,48,102,0,0.32,36,35,sin_agentes_pendientes,4197,71,657,0.5085795350023545
684,/home/stack/schl/Escape-Torre-IA/maps/bottleneck.txt,150,30097,ida_star,51,99,0,0.34,36,35,sin_agentes_pendientes,4228,85,463,2.8560129900288302
685,/home/stack/schl/Escape-Torre-IA/maps/bottleneck.txt,150,30097,genetico,52,98,0,0.3466666666666667,36,35,sin_agentes_pendientes,4342,81,396,1.444153438002104
686,/home/stack/schl/Escape-Torre-IA/maps/bottleneck.txt,150,30098,bfs,77,73,0,0.5133333333333333,50,49,sin_agentes_pendientes,5140,241,371,0.5289469690178521
687,/home/stack/schl/Escape-Torre-IA/maps/bottleneck.txt,150,30098,dfs,14,136,0,0.09333333333333334,50,48,sin_agentes_pendientes,6464,92,1625,2.181246955995448
688,/home/stack/schl/Escape-Torre-IA/maps/bottleneck.txt,150,30098,ucs,69,81,0,0.46,50,48,sin_agentes_pendientes,5044,335,408,0.9633750150096603
689,/home/stack/schl/Escape-Torre-IA/maps/bottleneck.txt,150,30098,a_star,69,81,0,0.46,50,48,sin_agentes_pendientes,5077,320,410,0.5082100149884354
690,/home/stack/schl/Escape-Torre-IA/maps/bottleneck.txt,150,30098,greedy,73,77,0,0.4866666666666667,50,49,sin_agentes_pendientes,5187,244,439,0.3382053759996779
691,/home/stack/schl/Escape-Torre-IA/maps/bottleneck.txt,150,30098,ida_star,66,84,0,0.44,50,48,sin_agentes_pendientes,5126,292,413,2.21480098500615
692,/home/stack/schl/Escape-Torre-IA/maps/bottleneck.txt,150,30098,genetico,77,73,0,0.5133333333333333,50,49,sin_agentes_pendientes,5272,337,569,1.1875363629951607
693,/home/stack/schl/Escape-Torre-IA/maps/bottleneck.txt,150,30099,bfs,86,64,0,0.5733333333333334,54,52,sin_agentes_pendientes,5204,293,367,0.5405296880053356
694,/home/stack/schl/Escape-Torre-IA/maps/bottleneck.txt,150,30099,dfs,17,133,0,0.11333333333333333,54,52,sin_agentes_pendientes,7147,12,1768,2.222103129985044
695,/home/stack/schl/Escape-Torre-IA/maps/bottleneck.txt,150,30099,ucs,86,64,0,0.5733333333333334,54,52,sin_agentes_pendientes,5269,356,389,1.0876599060138687
696,/home/stack/schl/Escape-Torre-IA/maps/bottleneck.txt,150,30099,a_star,86,64,0,0.5733333333333334,54,52,sin_agentes_pendientes,5273,356,392,0.5793935140245594
697,/home/stack/schl/Escape-Torre-IA/maps/bottleneck.txt,150,30099,greedy,86,64,0,0.5733333333333334,54,53,sin_agentes_pendientes,5216,316,397,0.380011977016693
698,/home/stack/schl/Escape-Torre-IA/maps/bottleneck.txt,150,30099,ida_star,86,64,0,0.5733333333333334,54,52,sin_agentes_pendientes,5181,330,374,2.451876623003045
699,/home/stack/schl/Escape-Torre-IA/maps/bottleneck.txt,150,30099,genetico,87,63,0,0.58,54,52,sin_agentes_pendientes,5381,498,731,1.4884087750106119
700,/home/stack/schl/Escape-Torre-IA/maps/corporate_maze.txt,150,30000,bfs,145,5,0,0.9666666666666667,108,108,sin_agentes_pendientes,5945,1196,425,0.6768484690110199
701,/home/stack/schl/Escape-Torre-IA/maps/corporate_maze.txt,150,30000,dfs,76,74,0,0.5066666666666667,110,108,sin_agentes_pendientes,10063,356,1736,2.665269201010233
702,/home/stack/schl/Escape-Torre-IA/maps/corporate_maze.txt,150,30000,ucs,145,5,0,0.9666666666666667,108,108,sin_agentes_pendientes,5945,1196,457,1.0115357520116959
703,/home/stack/schl/Escape-Torre-IA/maps/corporate_maze.txt,150,30000,a_star,145,5,0,0.9666666666666667,108,108,sin_agentes_pendientes,5941,1190,465,0.5380958110035863
704,/home/stack/schl/Escape-Torre-IA/maps/corporate_maze.txt,150,30000,greedy,140,10,0,0.9333333333333333,107,107,sin_agentes_pendientes,6197,902,425,0.4071891039784532
705,/home/stack/schl/Escape-Torre-IA/maps/corporate_maze.txt,150,30000,ida_star,145,5,0,0.9666666666666667,108,108,sin_agentes_pendientes,5939,1192,455,3.5189215820282698
706,/home/stack/schl/Escape-Torre-IA/maps/corporate_maze.txt,150,30000,genetico,146,4,0,0.9733333333333334,99,99,sin_agentes_pendientes,5937,1239,1397,1.6852156500099227
707,/home/stack/schl/Escape-Torre-IA/maps/corporate_maze.txt,150,30001,bfs,39,111,0,0.26,41,40,sin_agentes_pendientes,4066,847,1326,2.2085639919969253
708,/home/stack/schl/Escape-Torre-IA/maps/corporate_maze.txt,150,30001,dfs,14,136,0,0.09333333333333334,48,47,sin_agentes_pendientes,4231,1680,2910,6.385069695999846
709,/home/stack/schl/Escape-Torre-IA/maps/corporate_maze.txt,150,30001,ucs,39,111,0,0.26,41,40,sin_agentes_pendientes,4056,799,1252,3.8765722360112704
710,/home/stack/schl/Escape-Torre-IA/maps/corporate_maze.txt,150,30001,a_star,41,109,0,0.2733333333333333,41,40,sin_agentes_pendientes,4113,813,1269,3.709601003996795
711,/home/stack/schl/Escape-Torre-IA/maps/corporate_maze.txt,150,30001,greedy,43,107,0,0.2866666666666667,48,47,sin_agentes_pendientes,4253,1390,1975,4.103376960993046
712,/home/stack/schl/Escape-Torre-IA/maps/corporate_maze.txt,150,30001,ida_star,41,109,0,0.2733333333333333,41,40,sin_agentes_pendientes,4102,811,1268,11.184794029977638
713,/home/stack/schl/Escape-Torre-IA/maps/corporate_maze.txt,150,30001,genetico,45,105,0,0.3,43,42,sin_agentes_pendientes,4169,1036,1401,10.27772477499093
714,/home/stack/schl/Escape-Torre-IA/maps/corporate_maze.txt,150,30002,bfs,125,25,0,0.8333333333333334,77,77,sin_agentes_pendientes,5582,890,446,0.602069764980115
715,/home/stack/schl/Escape-Torre-IA/maps/corporate_maze.txt,150,30002,dfs,51,99,0,0.34,94,93,sin_agentes_pendientes,7638,1186,2439,2.598594298993703
716,/home/stack/schl/Escape-Torre-IA/maps/corporate_maze.txt,150,30002,ucs,130,20,0,0.8666666666666667,79,79,sin_agentes_pendientes,5691,887,461,1.1038302509987261
717,/home/stack/schl/Escape-Torre-IA/maps/corporate_maze.txt,150,30002,a_star,130,20,0,0.8666666666666667,79,79,sin_agentes_pendientes,5688,882,473,0.5665285309951287
718,/home/stack/schl/Escape-Torre-IA/maps/corporate_maze.txt,150,30002,greedy,115,35,0,0.7666666666666667,94,82,sin_agentes_pendientes,6120,577,536,0.4601816710201092
719,/home/stack/schl/Escape-Torre-IA/maps/corporate_maze.txt,150,30002,ida_star,130,20,0,0.8666666666666667,79,79,sin_agentes_pendientes,5704,882,441,2.9741169899934903
720,/home/stack/schl/Escape-Torre-IA/maps/corporate_maze.txt,150,30002,genetico,134,16,0,0.8933333333333333,81,81,sin_agentes_pendientes,5820,968,1158,1.5995834770146757
721,/home/stack/schl/Escape-Torre-IA/maps/corporate_maze.txt,150,30003,bfs,112,38,0,0.7466666666666667,67,66,sin_agentes_pendientes,4753,1177,993,0.9290225649892818
722,/home/stack/schl/Escape-Torre-IA/maps/corporate_maze.txt,150,30003,dfs,55,95,0,0.36666666666666664,84,81,sin_agentes_pendientes,6293,989,2275,2.770147535018623
723,/home/stack/schl/Escape-Torre-IA/maps/corporate_maze.txt,150,30003,ucs,113,37,0,0.7533333333333333,68,67,sin_agentes_pendientes,4784,1196,1006,1.8635018909990322
724,/home/stack/schl/Escape-Torre-IA/maps/corporate_maze.txt,150,30003,a_star,113,37,0,0.7533333333333333,68,67,sin_agentes_pendientes,4784,1196,1009,1.2324341670027934
725,/home/stack/schl/Escape-Torre-IA/maps/corporate_maze.txt,150,30003,greedy,105,45,0,0.7,64,63,sin_agentes_pendientes,4756,1044,1098,0.9122608239995316
726,/home/stack/schl/Escape-Torre-IA/maps/corporate_maze.txt,150,30003,ida_star,113,37,0,0.7533333333333333,68,67,sin_agentes_pendientes,4799,1201,1025,6.2237414109986275
727,/home/stack/schl/Escape-Torre-IA/maps/corporate_maze.txt,150,30003,genetico,115,35,0,0.7666666666666667,68,68,sin_agentes_pendientes,4886,1147,1362,2.617819185979897
728,/home/stack/schl/Escape-Torre-IA/maps/corporate_maze.txt,150,30004,bfs,105,45,0,0.7,85,85,sin_agentes_pendientes,5261,638,798,0.8942706570087466
729,/home/stack/schl/Escape-Torre-IA/maps/corporate_maze.txt,150,30004,dfs,42,108,0,0.28,92,87,sin_agentes_pendientes,7385,1485,2553,2.736189650982851
730,/home/stack/schl/Escape-Torre-IA/maps/corporate_maze.txt,150,30004,ucs,103,47,0,0.6866666666666666,85,85,sin_agentes_pendientes,5186,701,894,1.966948946006596
731,/home/stack/schl/Escape-Torre-IA/maps/corporate_maze.txt,150,30004,a_star,103,47,0,0.6866666666666666,85,85,sin_agentes_pendientes,5186,715,908,1.2699240570073016
732,/home/stack/schl/Escape-Torre-IA/maps/corporate_maze.txt,150,30004,greedy,96,54,0,0.64,80,80,sin_agentes_pendientes,5216,666,932,0.7025376289966516
733,/home/stack/schl/Escape-Torre-IA/maps/corporate_maze.txt,150,30004,ida_star,105,45,0,0.7,85,85,sin_agentes_pendientes,5235,676,860,6.894724576006411
734,/home/stack/schl/Escape-Torre-IA/maps/corporate_maze.txt,150,30004,genetico,115,35,0,0.7666666666666667,85,85,sin_agentes_pendientes,5777,652,894,2.225133380998159
735,/home/stack/schl/Escape-Torre-IA/maps/corporate_maze.txt,150,30005,bfs,134,16,0,0.8933333333333333,86,86,sin_agentes_pendientes,6025,889,506,0.7591961549769621
736,/home/stack/schl/Escape-Torre-IA/maps/corporate_maze.txt,150,30005,dfs,48,102,0,0.32,114,113,sin_agentes_pendientes,9167,1351,2759,3.1171267730242107
737,/home/stack/schl/Escape-Torre-IA/maps/corporate_maze.txt,150,30005,ucs,130,20,0,0.8666666666666667,78,78,sin_agentes_pendientes,5916,952,661,1.6152577009925153
738,/home/stack/schl/Escape-Torre-IA/maps/corporate_maze.txt,150,30005,a_star,130,20,0,0.8666666666666667,78,78,sin_agentes_pendientes,5916,964,655,0.8672194030077662
739,/home/stack/schl/Escape-Torre-IA/maps/corporate_maze.txt,150,30005,greedy,145,5,0,0.9666666666666667,91,91,sin_agentes_pendientes,6791,824,322,0.4060715590021573
740,/home/stack/schl/Escape-Torre-IA/maps/corporate_maze.txt,150,30005,ida_star,132,18,0,0.88,79,79,sin_agentes_pendientes,5930,970,612,4.512052769016009
741,/home/stack/schl/Escape-Torre-IA/maps/corporate_maze.txt,150,30005,genetico,143,7,0,0.9533333333333334,85,85,sin_agentes_pendientes,6325,979,1144,1.599168517976068
742,/home/stack/schl/Escape-Torre-IA/maps/corporate_maze.txt,150,30006,bfs,27,123,0,0.18,32,31,sin_agentes_pendientes,3725,124,692,1.2091258069849573
743,/home/stack/schl/Escape-Torre-IA/maps/corporate_maze.txt,150,30006,dfs,12,138,0,0.08,32,29,sin_agentes_pendientes,4082,92,1176,2.1908264349913225
744,/home/stack/schl/Escape-Torre-IA/maps/corporate_maze.txt,150,30006,ucs,27,123,0,0.18,32,31,sin_agentes_pendientes,3734,131,702,2.7174342249927577
745,/home/stack/schl/Escape-Torre-IA/maps/corporate_maze.txt,150,30006,a_star,27,123,0,0.18,32,31,sin_agentes_pendientes,3752,151,716,1.4879276959982235
746,/home/stack/schl/Escape-Torre-IA/maps/corporate_maze.txt,150,30006,greedy,25,125,0,0.16666666666666666,32,31,sin_agentes_pendientes,3877,150,868,0.8292654459946789
747,/home/stack/schl/Escape-Torre-IA/maps/corporate_maze.txt,150,30006,ida_star,27,123,0,0.18,32,31,sin_agentes_pendientes,3734,141,709,8.048773870017612
748,/home/stack/schl/Escape-Torre-IA/maps/corporate_maze.txt,150,30006,genetico,27,123,0,0.18,32,31,sin_agentes_pendientes,3833,164,489,2.4833266569767147
749,/home/stack/schl/Escape-Torre-IA/maps/corporate_maze.txt,150,30007,bfs,131,19,0,0.8733333333333333,80,80,sin_agentes_pendientes,5876,849,523,0.8020308570121415
750,/home/stack/schl/Escape-Torre-IA/maps/corporate_maze.txt,150,30007,dfs,45,105,0,0.3,115,114,sin_agentes_pendientes,8322,1986,3106,3.2863569690089207
751,/home/stack/schl/Escape-Torre-IA/maps/corporate_maze.txt,150,30007,ucs,137,13,0,0.9133333333333333,83,83,sin_agentes_pendientes,6198,913,509,1.4737599009822588
752,/home/stack/schl/Escape-Torre-IA/maps/corporate_maze.txt,150,30007,a_star,136,14,0,0.9066666666666666,83,83,sin_agentes_pendientes,6175,904,507,0.7371266469999682
753,/home/stack/schl/Escape-Torre-IA/maps/corporate_maze.txt,150,30007,greedy,126,24,0,0.84,79,79,sin_agentes_pendientes,6042,681,562,0.5741196120216046
754,/home/stack/schl/Escape-Torre-IA/maps/corporate_maze.txt,150,30007,ida_star,133,17,0,0.8866666666666667,81,81,sin_agentes_pendientes,6019,852,496,3.9543482349836268
755,/home/stack/schl/Escape-Torre-IA/maps/corporate_maze.txt,150,30007,genetico,143,7,0,0.9533333333333334,86,86,sin_agentes_pendientes,6560,899,1084,1.8131725580024067
756,/home/stack/schl/Escape-Torre-IA/maps/corporate_maze.txt,150,30008,bfs,128,22,0,0.8533333333333334,83,83,sin_agentes_pendientes,5802,707,378,0.6367221199907362
757,/home/stack/schl/Escape-Torre-IA/maps/corporate_maze.txt,150,30008,dfs,51,99,0,0.34,128,127,sin_agentes_pendientes,12434,408,1526,2.447181314986665
758,/home/stack/schl/Escape-Torre-IA/maps/corporate_maze.txt,150,30008,ucs,129,21,0,0.86,83,83,sin_agentes_pendientes,5863,784,425,1.2421333829988725
759,/home/stack/schl/Escape-Torre-IA/maps/corporate_maze.txt,150,30008,a_star,129,21,0,0.86,83,83,sin_agentes_pendientes,5863,784,423,0.622318603011081
760,/home/stack/schl/Escape-Torre-IA/maps/corporate_maze.txt,150,30008,greedy,130,20,0,0.8666666666666667,83,83,sin_agentes_pendientes,6000,840,399,0.384294982010033
761,/home/stack/schl/Escape-Torre-IA/maps/corporate_maze.txt,150,30008,ida_star,130,20,0,0.8666666666666667,83,83,sin_agentes_pendientes,5841,764,387,3.5720487869984936
762,/home/stack/schl/Escape-Torre-IA/maps/corporate_maze.txt,150,30008,genetico,150,0,0,1.0,90,90,sin_agentes_pendientes,6639,1175,1340,1.7836066809832118
763,/home/stack/schl/Escape-Torre-IA/maps/corporate_maze.txt,150,30009,bfs,100,50,0,0.6666666666666666,72,71,sin_agentes_pendientes,6413,218,414,0.8568895079952199
764,/home/stack/schl/Escape-Torre-IA/maps/corporate_maze.txt,150,30009,dfs,37,113,0,0.24666666666666667,72,71,sin_agentes_pendientes,8502,49,1519,2.6975499270192813
765,/home/stack/schl/Escape-Torre-IA/maps/corporate_maze.txt,150,30009,ucs,99,51,0,0.66,72,71,sin_agentes_pendientes,6553,256,401,1.696424161986215
766,/home/stack/schl/Escape-Torre-IA/maps/corporate_maze.txt,150,30009,a_star,100,50,0,0.6666666666666666,72,71,sin_agentes_pendientes,6546,287,407,0.7255640020011924
767,/home/stack/schl/Escape-Torre-IA/maps/corporate_maze.txt,150,30009,greedy,91,59,0,0.6066666666666667,72,71,sin_agentes_pendientes,6691,42,531,0.5009777119848877
768,/home/stack/schl/Escape-Torre-IA/maps/corporate_maze.txt,150,30009,ida_star,101,49,0,0.6733333333333333,72,71,sin_agentes_pendientes,6482,265,423,6.1590034420078155
769,/home/stack/schl/Escape-Torre-IA/maps/corporate_maze.txt,150,30009,genetico,106,44,0,0.7066666666666667,72,71,sin_agentes_pendientes,6713,176,443,1.8542652010219172
770,/home/stack/schl/Escape-Torre-IA/maps/corporate_maze.txt,150,30010,bfs,136,14,0,0.9066666666666666,82,82,sin_agentes_pendientes,5829,992,401,0.6290784630109556
771,/home/stack/schl/Escape-Torre-IA/maps/corporate_maze.txt,150,30010,dfs,50,100,0,0.3333333333333333,128,126,sin_agentes_pendientes,11458,562,1657,2.501444599998649
772,/home/stack/schl/Escape-Torre-IA/maps/corporate_maze.txt,150,30010,ucs,136,14,0,0.9066666666666666,82,82,sin_agentes_pendientes,5851,988,424,1.1534267960232683
773,/home/stack/schl/Escape-Torre-IA/maps/corporate_maze.txt,150,30010,a_star,136,14,0,0.9066666666666666,82,82,sin_agentes_pendientes,5847,992,424,0.5955218370072544
774,/home/stack/schl/Escape-Torre-IA/maps/corporate_maze.txt,150,30010,greedy,131,19,0,0.8733333333333333,128,81,sin_agentes_pendientes,6218,962,442,0.4701877309998963
775,/home/stack/schl/Escape-Torre-IA/maps/corporate_maze.txt,150,30010,ida_star,137,13,0,0.9133333333333333,83,83,sin_agentes_pendientes,5857,1016,427,3.9765322979947086
776,/home/stack/schl/Escape-Torre-IA/maps/corporate_maze.txt,150,30010,genetico,149,1,0,0.9933333333333333,89,89,sin_agentes_pendientes,6351,1316,1471,1.7165770180290565
777,/home/stack/schl/Escape-Torre-IA/maps/corporate_maze.txt,150,30011,bfs,18,132,0,0.12,26,25,sin_agentes_pendientes,3306,270,763,1.6553714590263553
778,/home/stack/schl/Escape-Torre-IA/maps/corporate_maze.txt,150,30011,dfs,7,143,0,0.04666666666666667,26,25,sin_agentes_pendientes,3351,275,975,2.675703129993053
779,/home/stack/schl/Escape-Torre-IA/maps/corporate_maze.txt,150,30011,ucs,18,132,0,0.12,26,25,sin_agentes_pendientes,3304,274,725,3.2185359569848515
780,/home/stack/schl/Escape-Torre-IA/maps/corporate_maze.txt,150,30011,a_star,18,132,0,0.12,26,25,sin_agentes_pendientes,3279,263,719,2.450296688009985
781,/home/stack/schl/Escape-Torre-IA/maps/corporate_maze.txt,150,30011,greedy,18,132,0,0.12,26,25,sin_agentes_pendientes,3268,241,829,1.6088201369857416
782,/home/stack/schl/Escape-Torre-IA/maps/corporate_maze.txt,150,30011,ida_star,18,132,0,0.12,26,25,sin_agentes_pendientes,3287,255,720,8.481571953976527
783,/home/stack/schl/Escape-Torre-IA/maps/corporate_maze.txt,150,30011,genetico,21,129,0,0.14,27,26,sin_agentes_pendientes,3296,416,720,6.247210522007663
784,/home/stack/schl/Escape-Torre-IA/maps/corporate_maze.txt,150,30012,bfs,113,37,0,0.7533333333333333,80,79,sin_agentes_pendientes,5722,681,594,0.6669924710004125
785,/home/stack/schl/Escape-Torre-IA/maps/corporate_maze.txt,150,30012,dfs,40,110,0,0.26666666666666666,84,83,sin_agentes_pendientes,6648,1241,2536,2.569499753008131
786,/home/stack/schl/Escape-Torre-IA/maps/corporate_maze.txt,150,30012,ucs,113,37,0,0.7533333333333333,79,78,sin_agentes_pendientes,5665,722,588,1.2434659239952452
787,/home/stack/schl/Escape-Torre-IA/maps/corporate_maze.txt,150,30012,a_star,113,37,0,0.7533333333333333,79,78,sin_agentes_pendientes,5665,722,588,0.6551090730063152
788,/home/stack/schl/Escape-Torre-IA/maps/corporate_maze.txt,150,30012,greedy,103,47,0,0.6866666666666666,82,81,sin_agentes_pendientes,5266,772,758,0.556565100006992
789,/home/stack/schl/Escape-Torre-IA/maps/corporate_maze.txt,150,30012,ida_star,113,37,0,0.7533333333333333,80,79,sin_agentes_pendientes,5726,721,622,3.2401140439906158
790,/home/stack/schl/Escape-Torre-IA/maps/corporate_maze.txt,150,30012,genetico,128,22,0,0.8533333333333334,82,81,sin_agentes_pendientes,5829,651,835,1.4955862680217251
791,/home/stack/schl/Escape-Torre-IA/maps/corporate_maze.txt,150,30013,bfs,101,49,0,0.6733333333333333,76,75,sin_agentes_pendientes,6428,251,417,0.7350407159829047
792,/home/stack/schl/Escape-Torre-IA/maps/corporate_maze.txt,150,30013,dfs,34,116,0,0.22666666666666666,76,69,sin_agentes_pendientes,7007,1387,3139,3.734818360011559
793,/home/stack/schl/Escape-Torre-IA/maps/corporate_maze.txt,150,30013,ucs,97,53,0,0.6466666666666666,76,74,sin_agentes_pendientes,6393,222,439,1.6788884669949766
794,/home/stack/schl/Escape-Torre-IA/maps/corporate_maze.txt,150,30013,a_star,98,52,0,0.6533333333333333,76,75,sin_agentes_pendientes,6332,223,433,0.7162054649961647
795,/home/stack/schl/Escape-Torre-IA/maps/corporate_maze.txt,150,30013,greedy,97,53,0,0.6466666666666666,76,75,sin_agentes_pendientes,6310,307,674,0.6845912790158764
796,/home/stack/schl/Escape-Torre-IA/maps/corporate_maze.txt,150,30013,ida_star,97,53,0,0.6466666666666666,76,75,sin_agentes_pendientes,6414,269,443,3.835374023998156
797,/home/stack/schl/Escape-Torre-IA/maps/corporate_maze.txt,150,30013,genetico,113,37,0,0.7533333333333333,76,74,sin_agentes_pendientes,6638,275,518,1.3626539109973237
798,/home/stack/schl/Escape-Torre-IA/maps/corporate_maze.txt,150,30014,bfs,57,93,0,0.38,42,41,sin_agentes_pendientes,4491,268,678,0.9507270730100572
799,/home/stack/schl/Escape-Torre-IA/maps/corporate_maze.txt,150,30014,dfs,24,126,0,0.16,42,39,sin_agentes_pendientes,4670,534,1863,2.5767704519967083
800,/home/stack/schl/Escape-Torre-IA/maps/corporate_maze.txt,150,30014,ucs,56,94,0,0.37333333333333335,42,41,sin_agentes_pendientes,4495,302,750,2.1634886960091535
801,/home/stack/schl/Escape-Torre-IA/maps/corporate_maze.txt,150,30014,a_star,56,94,0,0.37333333333333335,42,41,sin_agentes_pendientes,4512,305,737,1.299239211017266
802,/home/stack/schl/Escape-Torre-IA/maps/corporate_maze.txt,150,30014,greedy,55,95,0,0.36666666666666664,42,39,sin_agentes_pendientes,4570,311,842,0.8143219240009785
803,/home/stack/schl/Escape-Torre-IA/maps/corporate_maze.txt,150,30014,ida_star,55,95,0,0.36666666666666664,42,41,sin_agentes_pendientes,4482,276,700,7.751841883000452
804,/home/stack/schl/Escape-Torre-IA/maps/corporate_maze.txt,150,30014,genetico,59,91,0,0.3933333333333333,42,41,sin_agentes_pendientes,4605,297,664,2.782439450005768
805,/home/stack/schl/Escape-Torre-IA/maps/corporate_maze.txt,150,30015,bfs,124,26,0,0.8266666666666667,79,78,sin_agentes_pendientes,5858,906,558,0.7581342740159016
806,/home/stack/schl/Escape-Torre-IA/maps/corporate_maze.txt,150,30015,dfs,51,99,0,0.34,82,78,sin_agentes_pendientes,7369,1051,2622,3.084080544009339
807,/home/stack/schl/Escape-Torre-IA/maps/corporate_maze.txt,150,30015,ucs,129,21,0,0.86,79,78,sin_agentes_pendientes,5888,884,525,1.5074666349973995
808,/home/stack/schl/Escape-Torre-IA/maps/corporate_maze.txt,150,30015,a_star,128,22,0,0.8533333333333334,79,78,sin_agentes_pendientes,5853,854,524,0.6791752789868042
809,/home/stack/schl/Escape-Torre-IA/maps/corporate_maze.txt,150,30015,greedy,113,37,0,0.7533333333333333,74,73,sin_agentes_pendientes,5644,510,487,0.4514860160124954
810,/home/stack/schl/Escape-Torre-IA/maps/corporate_maze.txt,150,30015,ida_star,129,21,0,0.86,79,78,sin_agentes_pendientes,5927,911,543,4.456566111999564
811,/home/stack/schl/Escape-Torre-IA/maps/corporate_maze.txt,150,30015,genetico,135,15,0,0.9,82,81,sin_agentes_pendientes,6116,1022,1196,1.6509008690190967
812,/home/stack/schl/Escape-Torre-IA/maps/corporate_maze.txt,150,30016,bfs,110,40,0,0.7333333333333333,78,70,sin_agentes_pendientes,5614,540,501,0.665615103993332
813,/home/stack/schl/Escape-Torre-IA/maps/corporate_maze.txt,150,30016,dfs,25,125,0,0.16666666666666666,78,72,sin_agentes_pendientes,8226,621,2020,2.4889496410032734
814,/home/stack/schl/Escape-Torre-IA/maps/corporate_maze.txt,150,30016,ucs,107,43,0,0.7133333333333334,78,68,sin_agentes_pendientes,5612,510,495,1.3193750150094274
815,/home/stack/schl/Escape-Torre-IA/maps/corporate_maze.txt,150,30016,a_star,107,43,0,0.7133333333333334,78,68,sin_agentes_pendientes,5612,510,495,0.6318027089873794
816,/home/stack/schl/Escape-Torre-IA/maps/corporate_maze.txt,150,30016,greedy,102,48,0,0.68,78,67,sin_agentes_pendientes,5888,666,764,0.5025603929825593
817,/home/stack/schl/Escape-Torre-IA/maps/corporate_maze.txt,150,30016,ida_star,111,39,0,0.74,78,70,sin_agentes_pendientes,5654,540,488,4.019925226981286
818,/home/stack/schl/Escape-Torre-IA/maps/corporate_maze.txt,150,30016,genetico,120,30,0,0.8,78,74,sin_agentes_pendientes,6075,691,938,1.6363510079972912
819,/home/stack/schl/Escape-Torre-IA/maps/corporate_maze.txt,150,30017,bfs,146,4,0,0.9733333333333334,111,111,sin_agentes_pendientes,6218,892,349,0.5941222909896169
820,/home/stack/schl/Escape-Torre-IA/maps/corporate_maze.txt,150,30017,dfs,51,99,0,0.34,116,115,sin_agentes_pendientes,10796,156,1779,2.938070592994336
821,/home/stack/schl/Escape-Torre-IA/maps/corporate_maze.txt,150,30017,ucs,146,4,0,0.9733333333333334,111,111,sin_agentes_pendientes,6216,888,376,1.1080827160039917
822,/home/stack/schl/Escape-Torre-IA/maps/corporate_maze.txt,150,30017,a_star,145,5,0,0.9666666666666667,111,111,sin_agentes_pendientes,6177,850,367,0.5868777580035385
823,/home/stack/schl/Escape-Torre-IA/maps/corporate_maze.txt,150,30017,greedy,141,9,0,0.94,108,108,sin_agentes_pendientes,6367,574,287,0.3922519240004476
824,/home/stack/schl/Escape-Torre-IA/maps/corporate_maze.txt,150,30017,ida_star,145,5,0,0.9666666666666667,111,111,sin_agentes_pendientes,6177,850,363,3.3319175469805487
825,/home/stack/schl/Escape-Torre-IA/maps/corporate_maze.txt,150,30017,genetico,147,3,0,0.98,110,110,sin_agentes_pendientes,6284,883,1047,1.5732858869887423
826,/home/stack/schl/Escape-Torre-IA/maps/corporate_maze.txt,150,30018,bfs,125,25,0,0.8333333333333334,78,77,sin_agentes_pendientes,6285,843,398,0.6590733640186954
827,/home/stack/schl/Escape-Torre-IA/maps/corporate_maze.txt,150,30018,dfs,19,131,0,0.12666666666666668,78,77,sin_agentes_pendientes,9277,196,1379,2.3405831569980364
828,/home/stack/schl/Escape-Torre-IA/maps/corporate_maze.txt,150,30018,ucs,125,25,0,0.8333333333333334,78,77,sin_agentes_pendientes,6535,827,391,1.1383337829902302
829,/home/stack/schl/Escape-Torre-IA/maps/corporate_maze.txt,150,30018,a_star,125,25,0,0.8333333333333334,78,77,sin_agentes_pendientes,6527,835,390,0.5799185149953701
830,/home/stack/schl/Escape-Torre-IA/maps/corporate_maze.txt,150,30018,greedy,119,31,0,0.7933333333333333,78,77,sin_agentes_pendientes,6982,412,348,0.41075877199182287
831,/home/stack/schl/Escape-Torre-IA/maps/corporate_maze.txt,150,30018,ida_star,125,25,0,0.8333333333333334,78,77,sin_agentes_pendientes,6494,814,381,3.4919047089933883
832,/home/stack/schl/Escape-Torre-IA/maps/corporate_maze.txt,150,30018,genetico,125,25,0,0.8333333333333334,78,77,sin_agentes_pendientes,6523,881,1059,1.7261287820001598
833,/home/stack/schl/Escape-Torre-IA/maps/corporate_maze.txt,150,30019,bfs,107,43,0,0.7133333333333334,76,75,sin_agentes_pendientes,5858,424,470,0.7552195679745637
834,/home/stack/schl/Escape-Torre-IA/maps/corporate_maze.txt,150,30019,dfs,38,112,0,0.25333333333333335,80,79,sin_agentes_pendientes,8137,449,2382,2.83815927800606
835,/home/stack/schl/Escape-Torre-IA/maps/corporate_maze.txt,150,30019,ucs,100,50,0,0.6666666666666666,80,72,sin_agentes_pendientes,5976,488,559,1.5805872000055388
836,/home/stack/schl/Escape-Torre-IA/maps/corporate_maze.txt,150,30019,a_star,107,43,0,0.7133333333333334,76,75,sin_agentes_pendientes,5769,389,461,0.7032584359985776
837,/home/stack/schl/Escape-Torre-IA/maps/corporate_maze.txt,150,30019,greedy,101,49,0,0.6733333333333333,81,80,sin_agentes_pendientes,5995,447,605,0.5704863719874993
838,/home/stack/schl/Escape-Torre-IA/maps/corporate_maze.txt,150,30019,ida_star,108,42,0,0.72,76,75,sin_agentes_pendientes,5871,414,488,5.764665754017187
839,/home/stack/schl/Escape-Torre-IA/maps/corporate_maze.txt,150,30019,genetico,112,38,0,0.7466666666666667,80,75,sin_agentes_pendientes,6221,513,782,2.1493677899998147
840,/home/stack/schl/Escape-Torre-IA/maps/corporate_maze.txt,150,30020,bfs,124,26,0,0.8266666666666667,82,76,sin_agentes_pendientes,5800,699,390,0.619210208998993
841,/home/stack/schl/Escape-Torre-IA/maps/corporate_maze.txt,150,30020,dfs,25,125,0,0.16666666666666666,82,78,sin_agentes_pendientes,9801,202,1387,2.6510830630140845
842,/home/stack/schl/Escape-Torre-IA/maps/corporate_maze.txt,150,30020,ucs,124,26,0,0.8266666666666667,82,76,sin_agentes_pendientes,5763,702,376,1.117007245979039
843,/home/stack/schl/Escape-Torre-IA/maps/corporate_maze.txt,150,30020,a_star,123,27,0,0.82,82,76,sin_agentes_pendientes,5734,670,378,0.5697215090040118
844,/home/stack/schl/Escape-Torre-IA/maps/corporate_maze.txt,150,30020,greedy,126,24,0,0.84,82,80,sin_agentes_pendientes,6417,677,414,0.4477980639785528
845,/home/stack/schl/Escape-Torre-IA/maps/corporate_maze.txt,150,30020,ida_star,123,27,0,0.82,82,76,sin_agentes_pendientes,5726,690,402,3.376974662998691
846,/home/stack/schl/Escape-Torre-IA/maps/corporate_maze.txt,150,30020,genetico,132,18,0,0.88,82,80,sin_agentes_pendientes,6054,893,1076,1.9539829959976487
847,/home/stack/schl/Escape-Torre-IA/maps/corporate_maze.txt,150,30021,bfs,39,111,0,0.26,38,37,sin_agentes_pendientes,4342,304,735,1.465081349015236
848,/home/stack/schl/Escape-Torre-IA/maps/corporate_maze.txt,150,30021,dfs,12,138,0,0.08,38,37,sin_agentes_pendientes,5060,73,1252,2.3507388920115773
849,/home/stack/schl/Escape-Torre-IA/maps/corporate_maze.txt,150,30021,ucs,39,111,0,0.26,38,37,sin_agentes_pendientes,4454,214,804,3.0856969589949585
850,/home/stack/schl/Escape-Torre-IA/maps/corporate_maze.txt,150,30021,a_star,39,111,0,0.26,38,37,sin_agentes_pendientes,4418,214,792,1.3708095229812898
851,/home/stack/schl/Escape-Torre-IA/maps/corporate_maze.txt,150,30021,greedy,36,114,0,0.24,38,35,sin_agentes_pendientes,4411,95,872,0.8609550909895916
852,/home/stack/schl/Escape-Torre-IA/maps/corporate_maze.txt,150,30021,ida_star,39,111,0,0.26,38,37,sin_agentes_pendientes,4377,203,810,9.82254380901577
853,/home/stack/schl/Escape-Torre-IA/maps/corporate_maze.txt,150,30021,genetico,40,110,0,0.26666666666666666,38,37,sin_agentes_pendientes,4533,217,590,3.3576230900071096
854,/home/stack/schl/Escape-Torre-IA/maps/corporate_maze.txt,150,30022,bfs,24,126,0,0.16,30,29,sin_agentes_pendientes,3965,145,679,1.3569141149928328
855,/home/stack/schl/Escape-Torre-IA/maps/corporate_maze.txt,150,30022,dfs,10,140,0,0.06666666666666667,30,29,sin_agentes_pendientes,4100,4,1381,2.23687828599941
856,/home/stack/schl/Escape-Torre-IA/maps/corporate_maze.txt,150,30022,ucs,24,126,0,0.16,30,29,sin_agentes_pendientes,3980,150,536,2.36932253499981
857,/home/stack/schl/Escape-Torre-IA/maps/corporate_maze.txt,150,30022,a_star,24,126,0,0.16,30,29,sin_agentes_pendientes,3983,145,537,1.3272891129890922
858,/home/stack/schl/Escape-Torre-IA/maps/corporate_maze.txt,150,30022,greedy,21,129,0,0.14,30,29,sin_agentes_pendientes,4014,39,1041,0.9993107189948205
859,/home/stack/schl/Escape-Torre-IA/maps/corporate_maze.txt,150,30022,ida_star,24,126,0,0.16,30,29,sin_agentes_pendientes,4001,119,580,11.136197575018741
860,/home/stack/schl/Escape-Torre-IA/maps/corporate_maze.txt,150,30022,genetico,24,126,0,0.16,30,29,sin_agentes_pendientes,4019,103,475,3.3818494029983412
861,/home/stack/schl/Escape-Torre-IA/maps/corporate_maze.txt,150,30023,bfs,98,52,0,0.6533333333333333,74,74,sin_agentes_pendientes,4672,958,966,1.1151525090099312
862,/home/stack/schl/Escape-Torre-IA/maps/corporate_maze.txt,150,30023,dfs,49,101,0,0.32666666666666666,98,95,sin_agentes_pendientes,6864,1450,2640,2.8267971290042624
863,/home/stack/schl/Escape-Torre-IA/maps/corporate_maze.txt,150,30023,ucs,97,53,0,0.6466666666666666,74,74,sin_agentes_pendientes,4678,968,973,2.195996261027176
864,/home/stack/schl/Escape-Torre-IA/maps/corporate_maze.txt,150,30023,a_star,97,53,0,0.6466666666666666,74,74,sin_agentes_pendientes,4699,993,995,1.3722972849791404
865,/home/stack/schl/Escape-Torre-IA/maps/corporate_maze.txt,150,30023,greedy,96,54,0,0.64,76,75,sin_agentes_pendientes,4929,937,1114,1.1678765440010466
866,/home/stack/schl/Escape-Torre-IA/maps/corporate_maze.txt,150,30023,ida_star,97,53,0,0.6466666666666666,74,74,sin_agentes_pendientes,4703,943,967,6.708675049012527
867,/home/stack/schl/Escape-Torre-IA/maps/corporate_maze.txt,150,30023,genetico,102,48,0,0.68,74,74,sin_agentes_pendientes,4789,1064,1327,3.13608862698311
868,/home/stack/schl/Escape-Torre-IA/maps/corporate_maze.txt,150,30024,bfs,127,23,0,0.8466666666666667,78,77,sin_agentes_pendientes,6383,806,528,0.8082888869976159
869,/home/stack/schl/Escape-Torre-IA/maps/corporate_maze.txt,150,30024,dfs,36,114,0,0.24,116,115,sin_agentes_pendientes,11133,1355,2622,2.7655187610071152
870,/home/stack/schl/Escape-Torre-IA/maps/corporate_maze.txt,150,30024,ucs,127,23,0,0.8466666666666667,78,77,sin_agentes_pendientes,6381,808,567,1.6251991240133066
871,/home/stack/schl/Escape-Torre-IA/maps/corporate_maze.txt,150,30024,a_star,127,23,0,0.8466666666666667,78,77,sin_agentes_pendientes,6323,830,561,0.8216312029981054
872,/home/stack/schl/Escape-Torre-IA/maps/corporate_maze.txt,150,30024,greedy,125,25,0,0.8333333333333334,102,79,sin_agentes_pendientes,6496,801,618,0.5743251609965228
873,/home/stack/schl/Escape-Torre-IA/maps/corporate_maze.txt,150,30024,ida_star,127,23,0,0.8466666666666667,78,77,sin_agentes_pendientes,6380,837,584,8.257347456004936
874,/home/stack/schl/Escape-Torre-IA/maps/corporate_maze.txt,150,30024,genetico,129,21,0,0.86,87,87,sin_agentes_pendientes,6472,817,1066,2.174456459993962
875,/home/stack/schl/Escape-Torre-IA/maps/corporate_maze.txt,150,30025,bfs,134,16,0,0.8933333333333333,79,79,sin_agentes_pendientes,5699,789,394,0.6350928280153312
876,/home/stack/schl/Escape-Torre-IA/maps/corporate_maze.txt,150,30025,dfs,64,86,0,0.4266666666666667,124,117,sin_agentes_pendientes,8966,998,1905,2.3375614440010395
877,/home/stack/schl/Escape-Torre-IA/maps/corporate_maze.txt,150,30025,ucs,134,16,0,0.8933333333333333,79,79,sin_agentes_pendientes,5691,783,397,1.1739944809814915
878,/home/stack/schl/Escape-Torre-IA/maps/corporate_maze.txt,150,30025,a_star,135,15,0,0.9,79,79,sin_agentes_pendientes,5723,817,397,0.6101576789806131
879,/home/stack/schl/Escape-Torre-IA/maps/corporate_maze.txt,150,30025,greedy,134,16,0,0.8933333333333333,80,79,sin_agentes_pendientes,5959,796,470,0.4904044560098555
880,/home/stack/schl/Escape-Torre-IA/maps/corporate_maze.txt,150,30025,ida_star,136,14,0,0.9066666666666666,80,80,sin_agentes_pendientes,5777,820,419,3.4878825370105915
881,/home/stack/schl/Escape-Torre-IA/maps/corporate_maze.txt,150,30025,genetico,146,4,0,0.9733333333333334,85,85,sin_agentes_pendientes,6318,880,1039,1.4348332750087138
882,/home/stack/schl/Escape-Torre-IA/maps/corporate_maze.txt,150,30026,bfs,132,18,0,0.88,78,78,sin_agentes_pendientes,5358,1041,468,0.6022732329729479
883,/home/stack/schl/Escape-Torre-IA/maps/corporate_maze.txt,150,30026,dfs,48,102,0,0.32,104,103,sin_agentes_pendientes,8186,1176,3143,3.1238061689946335
884,/home/stack/schl/Escape-Torre-IA/maps/corporate_maze.txt,150,30026,ucs,139,11,0,0.9266666666666666,81,81,sin_agentes_pendientes,5595,1175,480,1.042932173004374
885,/home/stack/schl/Escape-Torre-IA/maps/corporate_maze.txt,150,30026,a_star,139,11,0,0.9266666666666666,81,81,sin_agentes_pendientes,5595,1171,495,0.5358099269797094
886,/home/stack/schl/Escape-Torre-IA/maps/corporate_maze.txt,150,30026,greedy,128,22,0,0.8533333333333334,80,76,sin_agentes_pendientes,5516,791,466,0.39241725899046287
887,/home/stack/schl/Escape-Torre-IA/maps/corporate_maze.txt,150,30026,ida_star,139,11,0,0.9266666666666666,81,81,sin_agentes_pendientes,5601,1179,500,3.62765074998606
888,/home/stack/schl/Escape-Torre-IA/maps/corporate_maze.txt,150,30026,genetico,143,7,0,0.9533333333333334,87,87,sin_agentes_pendientes,5762,1264,1424,1.6681773040036205
889,/home/stack/schl/Escape-Torre-IA/maps/corporate_maze.txt,150,30027,bfs,133,17,0,0.8866666666666667,81,81,sin_agentes_pendientes,5735,1125,497,0.6777419470017776
890,/home/stack/schl/Escape-Torre-IA/maps/corporate_maze.txt,150,30027,dfs,38,112,0,0.25333333333333335,94,91,sin_agentes_pendientes,8931,970,2491,2.9496610289788805
891,/home/stack/schl/Escape-Torre-IA/maps/corporate_maze.txt,150,30027,ucs,134,16,0,0.8933333333333333,81,81,sin_agentes_pendientes,5790,1144,522,1.2875837739848066
892,/home/stack/schl/Escape-Torre-IA/maps/corporate_maze.txt,150,30027,a_star,134,16,0,0.8933333333333333,82,81,sin_agentes_pendientes,5834,1144,523,0.7491113120049704
893,/home/stack/schl/Escape-Torre-IA/maps/corporate_maze.txt,150,30027,greedy,116,34,0,0.7733333333333333,74,73,sin_agentes_pendientes,5814,793,704,0.5304362940078136
894,/home/stack/schl/Escape-Torre-IA/maps/corporate_maze.txt,150,30027,ida_star,133,17,0,0.8866666666666667,82,81,sin_agentes_pendientes,5772,1134,512,3.940083594992757
895,/home/stack/schl/Escape-Torre-IA/maps/corporate_maze.txt,150,30027,genetico,139,11,0,0.9266666666666666,84,84,sin_agentes_pendientes,5929,1212,1377,1.734477196005173
896,/home/stack/schl/Escape-Torre-IA/maps/corporate_maze.txt,150,30028,bfs,27,123,0,0.18,36,34,sin_agentes_pendientes,4489,66,701,1.2844423970091157
897,/home/stack/schl/Escape-Torre-IA/maps/corporate_maze.txt,150,30028,dfs,12,138,0,0.08,36,35,sin_agentes_pendientes,4674,12,1014,2.2125617590209004
898,/home/stack/schl/Escape-Torre-IA/maps/corporate_maze.txt,150,30028,ucs,28,122,0,0.18666666666666668,36,34,sin_agentes_pendientes,4488,52,682,2.7365574550058227
899,/home/stack/schl/Escape-Torre-IA/maps/corporate_maze.txt,150,30028,a_star,29,121,0,0.19333333333333333,36,34,sin_agentes_pendientes,4483,55,693,1.6376803019957151
900,/home/stack/schl/Escape-Torre-IA/maps/corporate_maze.txt,150,30028,greedy,27,123,0,0.18,36,32,sin_agentes_pendientes,4660,32,698,0.8601495730108581
901,/home/stack/schl/Escape-Torre-IA/maps/corporate_maze.txt,150,30028,ida_star,29,121,0,0.19333333333333333,36,34,sin_agentes_pendientes,4466,52,673,26.252298414998222
902,/home/stack/schl/Escape-Torre-IA/maps/corporate_maze.txt,150,30028,genetico,32,118,0,0.21333333333333335,36,34,sin_agentes_pendientes,4569,38,496,4.072735786001431
903,/home/stack/schl/Escape-Torre-IA/maps/corporate_maze.txt,150,30029,bfs,143,7,0,0.9533333333333334,84,84,sin_agentes_pendientes,5861,1082,382,0.6122672899800818
904,/home/stack/schl/Escape-Torre-IA/maps/corporate_maze.txt,150,30029,dfs,54,96,0,0.36,88,85,sin_agentes_pendientes,9674,27,1939,3.0935136399930343
905,/home/stack/schl/Escape-Torre-IA/maps/corporate_maze.txt,150,30029,ucs,143,7,0,0.9533333333333334,84,84,sin_agentes_pendientes,5800,1150,422,1.0390535730111878
906,/home/stack/schl/Escape-Torre-IA/maps/corporate_maze.txt,150,30029,a_star,143,7,0,0.9533333333333334,84,84,sin_agentes_pendientes,5800,1150,437,0.5939871409791522
907,/home/stack/schl/Escape-Torre-IA/maps/corporate_maze.txt,150,30029,greedy,142,8,0,0.9466666666666667,88,85,sin_agentes_pendientes,6316,791,326,0.3708303409803193
908,/home/stack/schl/Escape-Torre-IA/maps/corporate_maze.txt,150,30029,ida_star,143,7,0,0.9533333333333334,84,84,sin_agentes_pendientes,5857,1086,424,4.0451273859944195
909,/home/stack/schl/Escape-Torre-IA/maps/corporate_maze.txt,150,30029,genetico,147,3,0,0.98,86,86,sin_agentes_pendientes,6047,1267,1418,1.6398059130006004
910,/home/stack/schl/Escape-Torre-IA/maps/corporate_maze.txt,150,30030,bfs,32,118,0,0.21333333333333335,34,33,sin_agentes_pendientes,3922,216,566,0.9192625810101163
911,/home/stack/schl/Escape-Torre-IA/maps/corporate_maze.txt,150,30030,dfs,1,149,0,0.006666666666666667,34,3,sin_agentes_pendientes,4395,103,1434,2.3810820629878435
912,/home/stack/schl/Escape-Torre-IA/maps/corporate_maze.txt,150,30030,ucs,32,118,0,0.21333333333333335,34,33,sin_agentes_pendientes,3969,189,551,2.009729953977512
913,/home/stack/schl/Escape-Torre-IA/maps/corporate_maze.txt,150,30030,a_star,32,118,0,0.21333333333333335,34,33,sin_agentes_pendientes,3993,167,551,0.9764529730018694
914,/home/stack/schl/Escape-Torre-IA/maps/corporate_maze.txt,150,30030,greedy,31,119,0,0.20666666666666667,34,33,sin_agentes_pendientes,4122,104,582,0.6836174899945036
915,/home/stack/schl/Escape-Torre-IA/maps/corporate_maze.txt,150,30030,ida_star,32,118,0,0.21333333333333335,34,33,sin_agentes_pendientes,3983,181,554,4.9819698089850135
916,/home/stack/schl/Escape-Torre-IA/maps/corporate_maze.txt,150,30030,genetico,33,117,0,0.22,34,33,sin_agentes_pendientes,4273,187,515,2.4530571939831134
917,/home/stack/schl/Escape-Torre-IA/maps/corporate_maze.txt,150,30031,bfs,13,137,0,0.08666666666666667,24,23,sin_agentes_pendientes,3210,31,662,1.1590261640085373
918,/home/stack/schl/Escape-Torre-IA/maps/corporate_maze.txt,150,30031,dfs,6,144,0,0.04,24,22,sin_agentes_pendientes,3331,0,1167,2.3326388529967517
919,/home/stack/schl/Escape-Torre-IA/maps/corporate_maze.txt,150,30031,ucs,13,137,0,0.08666666666666667,24,23,sin_agentes_pendientes,3226,35,600,2.4187802860105876
920,/home/stack/schl/Escape-Torre-IA/maps/corporate_maze.txt,150,30031,a_star,13,137,0,0.08666666666666667,24,23,sin_agentes_pendientes,3226,35,592,1.5401932510139886
921,/home/stack/schl/Escape-Torre-IA/maps/corporate_maze.txt,150,30031,greedy,12,138,0,0.08,24,23,sin_agentes_pendientes,3236,14,633,0.9173173470189795
922,/home/stack/schl/Escape-Torre-IA/maps/corporate_maze.txt,150,30031,ida_star,13,137,0,0.08666666666666667,24,23,sin_agentes_pendientes,3209,32,634,10.820131146989297
923,/home/stack/schl/Escape-Torre-IA/maps/corporate_maze.txt,150,30031,genetico,15,135,0,0.1,24,23,sin_agentes_pendientes,3244,30,419,2.8889632640057243
924,/home/stack/schl/Escape-Torre-IA/maps/corporate_maze.txt,150,30032,bfs,64,86,0,0.4266666666666667,56,53,sin_agentes_pendientes,5990,414,744,1.2026271779905073
925,/home/stack/schl/Escape-Torre-IA/maps/corporate_maze.txt,150,30032,dfs,23,127,0,0.15333333333333332,56,55,sin_agentes_pendientes,5869,876,2244,2.961301122995792
926,/home/stack/schl/Escape-Torre-IA/maps/corporate_maze.txt,150,30032,ucs,64,86,0,0.4266666666666667,56,51,sin_agentes_pendientes,6043,471,665,2.097497086011572
927,/home/stack/schl/Escape-Torre-IA/maps/corporate_maze.txt,150,30032,a_star,66,84,0,0.44,56,53,sin_agentes_pendientes,6035,478,649,1.0311597760010045
928,/home/stack/schl/Escape-Torre-IA/maps/corporate_maze.txt,150,30032,greedy,60,90,0,0.4,56,55,sin_agentes_pendientes,5642,291,732,0.6660389140015468
929,/home/stack/schl/Escape-Torre-IA/maps/corporate_maze.txt,150,30032,ida_star,66,84,0,0.44,56,53,sin_agentes_pendientes,6026,379,656,7.520803585997783
930,/home/stack/schl/Escape-Torre-IA/maps/corporate_maze.txt,150,30032,genetico,69,81,0,0.46,56,53,sin_agentes_pendientes,6160,533,840,2.6551122079836205
931,/home/stack/schl/Escape-Torre-IA/maps/corporate_maze.txt,150,30033,bfs,55,95,0,0.36666666666666664,46,45,sin_agentes_pendientes,5139,510,839,0.8082011110091116
932,/home/stack/schl/Escape-Torre-IA/maps/corporate_maze.txt,150,30033,dfs,8,142,0,0.05333333333333334,46,36,sin_agentes_pendientes,6084,181,1338,2.1060913469991647
933,/home/stack/schl/Escape-Torre-IA/maps/corporate_maze.txt,150,30033,ucs,55,95,0,0.36666666666666664,46,45,sin_agentes_pendientes,5162,453,785,1.8729378290008754
934,/home/stack/schl/Escape-Torre-IA/maps/corporate_maze.txt,150,30033,a_star,55,95,0,0.36666666666666664,46,45,sin_agentes_pendientes,5162,457,787,1.026566908985842
935,/home/stack/schl/Escape-Torre-IA/maps/corporate_maze.txt,150,30033,greedy,53,97,0,0.35333333333333333,46,45,sin_agentes_pendientes,5202,376,761,0.5846728270116728
936,/home/stack/schl/Escape-Torre-IA/maps/corporate_maze.txt,150,30033,ida_star,55,95,0,0.36666666666666664,46,45,sin_agentes_pendientes,5122,531,862,5.8632828279805835
937,/home/stack/schl/Escape-Torre-IA/maps/corporate_maze.txt,150,30033,genetico,55,95,0,0.36666666666666664,46,45,sin_agentes_pendientes,5268,467,839,2.5813756140123587
938,/home/stack/schl/Escape-Torre-IA/maps/corporate_maze.txt,150,30034,bfs,51,99,0,0.34,40,39,sin_agentes_pendientes,4737,150,461,0.8451708989741746
939,/home/stack/schl/Escape-Torre-IA/maps/corporate_maze.txt,150,30034,dfs,21,129,0,0.14,40,38,sin_agentes_pendientes,4924,3,1627,2.438430670998059
940,/home/stack/schl/Escape-Torre-IA/maps/corporate_maze.txt,150,30034,ucs,51,99,0,0.34,40,39,sin_agentes_pendientes,4730,110,465,1.771790545026306
941,/home/stack/schl/Escape-Torre-IA/maps/corporate_maze.txt,150,30034,a_star,51,99,0,0.34,40,39,sin_agentes_pendientes,4725,103,465,0.9991039950109553
942,/home/stack/schl/Escape-Torre-IA/maps/corporate_maze.txt,150,30034,greedy,41,109,0,0.2733333333333333,40,39,sin_agentes_pendientes,4911,86,790,0.649678332003532
943,/home/stack/schl/Escape-Torre-IA/maps/corporate_maze.txt,150,30034,ida_star,51,99,0,0.34,40,39,sin_agentes_pendientes,4759,136,487,11.214484631986124
944,/home/stack/schl/Escape-Torre-IA/maps/corporate_maze.txt,150,30034,genetico,54,96,0,0.36,40,39,sin_agentes_pendientes,4839,119,444,2.2614139610086568
945,/home/stack/schl/Escape-Torre-IA/maps/corporate_maze.txt,150,30035,bfs,106,44,0,0.7066666666666667,96,96,sin_agentes_pendientes,5299,1434,1253,1.0741428819892462
946,/home/stack/schl/Escape-Torre-IA/maps/corporate_maze.txt,150,30035,dfs,50,100,0,0.3333333333333333,94,92,sin_agentes_pendientes,6993,1435,2891,3.003623783995863
947,/home/stack/schl/Escape-Torre-IA/maps/corporate_maze.txt,150,30035,ucs,109,41,0,0.7266666666666667,96,96,sin_agentes_pendientes,5442,1429,1212,1.9382945800025482
948,/home/stack/schl/Escape-Torre-IA/maps/corporate_maze.txt,150,30035,a_star,111,39,0,0.74,96,96,sin_agentes_pendientes,5504,1445,1231,1.360301064007217
949,/home/stack/schl/Escape-Torre-IA/maps/corporate_maze.txt,150,30035,greedy,112,38,0,0.7466666666666667,97,97,sin_agentes_pendientes,5897,1125,1074,0.9463866839942057
950,/home/stack/schl/Escape-Torre-IA/maps/corporate_maze.txt,150,30035,ida_star,108,42,0,0.72,96,96,sin_agentes_pendientes,5405,1418,1249,5.69763368499116
951,/home/stack/schl/Escape-Torre-IA/maps/corporate_maze.txt,150,30035,genetico,121,29,0,0.8066666666666666,96,96,sin_agentes_pendientes,5964,1332,1565,2.8552955449849833
952,/home/stack/schl/Escape-Torre-IA/maps/corporate_maze.txt,150,30036,bfs,146,4,0,0.9733333333333334,94,94,sin_agentes_pendientes,6492,1203,466,0.6567279110022355
953,/home/stack/schl/Escape-Torre-IA/maps/corporate_maze.txt,150,30036,dfs,87,63,0,0.58,158,157,sin_agentes_pendientes,14979,449,1798,2.8201808700105175
954,/home/stack/schl/Escape-Torre-IA/maps/corporate_maze.txt,150,30036,ucs,146,4,0,0.9733333333333334,94,94,sin_agentes_pendientes,6492,1203,459,1.2440256279951427
955,/home/stack/schl/Escape-Torre-IA/maps/corporate_maze.txt,150,30036,a_star,146,4,0,0.9733333333333334,94,94,sin_agentes_pendientes,6492,1203,467,0.6461780150129925
956,/home/stack/schl/Escape-Torre-IA/maps/corporate_maze.txt,150,30036,greedy,141,9,0,0.94,95,95,sin_agentes_pendientes,6510,984,416,0.4215247200045269
957,/home/stack/schl/Escape-Torre-IA/maps/corporate_maze.txt,150,30036,ida_star,146,4,0,0.9733333333333334,94,94,sin_agentes_pendientes,6492,1203,457,4.8215699789871
958,/home/stack/schl/Escape-Torre-IA/maps/corporate_maze.txt,150,30036,genetico,146,4,0,0.9733333333333334,94,94,sin_agentes_pendientes,6418,1285,1460,1.8224333089892752
959,/home/stack/schl/Escape-Torre-IA/maps/corporate_maze.txt,150,30037,bfs,109,41,0,0.7266666666666667,68,67,sin_agentes_pendientes,5528,730,600,0.7703491570136975
960,/home/stack/schl/Escape-Torre-IA/maps/corporate_maze.txt,150,30037,dfs,28,122,0,0.18666666666666668,68,60,sin_agentes_pendientes,6693,1386,2856,4.238830265996512
961,/home/stack/schl/Escape-Torre-IA/maps/corporate_maze.txt,150,30037,ucs,109,41,0,0.7266666666666667,68,67,sin_agentes_pendientes,5579,667,491,1.4187485829752404
962,/home/stack/schl/Escape-Torre-IA/maps/corporate_maze.txt,150,30037,a_star,109,41,0,0.7266666666666667,68,67,sin_agentes_pendientes,5583,709,551,0.957884193980135
963,/home/stack/schl/Escape-Torre-IA/maps/corporate_maze.txt,150,30037,greedy,100,50,0,0.6666666666666666,65,64,sin_agentes_pendientes,5529,626,788,0.9324601090047508
964,/home/stack/schl/Escape-Torre-IA/maps/corporate_maze.txt,150,30037,ida_star,109,41,0,0.7266666666666667,68,67,sin_agentes_pendientes,5567,733,570,3.695440351002617
965,/home/stack/schl/Escape-Torre-IA/maps/corporate_maze.txt,150,30037,genetico,109,41,0,0.7266666666666667,68,67,sin_agentes_pendientes,5812,844,1059,1.8398087130044587
966,/home/stack/schl/Escape-Torre-IA/maps/corporate_maze.txt,150,30038,bfs,130,20,0,0.8666666666666667,83,83,sin_agentes_pendientes,6070,924,389,0.7941056900017429
967,/home/stack/schl/Escape-Torre-IA/maps/corporate_maze.txt,150,30038,dfs,44,106,0,0.29333333333333333,94,93,sin_agentes_pendientes,7848,1532,3280,3.152426845015725
968,/home/stack/schl/Escape-Torre-IA/maps/corporate_maze.txt,150,30038,ucs,131,19,0,0.8733333333333333,83,83,sin_agentes_pendientes,6123,983,449,1.429126881994307
969,/home/stack/schl/Escape-Torre-IA/maps/corporate_maze.txt,150,30038,a_star,130,20,0,0.8666666666666667,83,83,sin_agentes_pendientes,6092,968,433,0.5986883630102966
970,/home/stack/schl/Escape-Torre-IA/maps/corporate_maze.txt,150,30038,greedy,123,27,0,0.82,80,79,sin_agentes_pendientes,6135,761,476,0.5088826460123528
971,/home/stack/schl/Escape-Torre-IA/maps/corporate_maze.txt,150,30038,ida_star,133,17,0,0.8866666666666667,84,84,sin_agentes_pendientes,6209,1021,470,3.8629271459940355
972,/home/stack/schl/Escape-Torre-IA/maps/corporate_maze.txt,150,30038,genetico,149,1,0,0.9933333333333333,92,92,sin_agentes_pendientes,6802,1388,1544,2.077917349000927
973,/home/stack/schl/Escape-Torre-IA/maps/corporate_maze.txt,150,30039,bfs,82,68,0,0.5466666666666666,59,58,sin_agentes_pendientes,4555,1100,1175,1.2287386450043414
974,/home/stack/schl/Escape-Torre-IA/maps/corporate_maze.txt,150,30039,dfs,25,125,0,0.16666666666666666,72,70,sin_agentes_pendientes,4864,2204,3642,3.8679106830095407
975,/home/stack/schl/Escape-Torre-IA/maps/corporate_maze.txt,150,30039,ucs,81,69,0,0.54,58,57,sin_agentes_pendientes,4540,1083,1157,2.505198727012612
976,/home/stack/schl/Escape-Torre-IA/maps/corporate_maze.txt,150,30039,a_star,81,69,0,0.54,58,57,sin_agentes_pendientes,4540,1083,1157,2.002243691997137
977,/home/stack/schl/Escape-Torre-IA/maps/corporate_maze.txt,150,30039,greedy,74,76,0,0.49333333333333335,59,58,sin_agentes_pendientes,4482,1049,1260,1.4166551860107575
978,/home/stack/schl/Escape-Torre-IA/maps/corporate_maze.txt,150,30039,ida_star,81,69,0,0.54,58,57,sin_agentes_pendientes,4528,1013,1093,4.726567145000445
979,/home/stack/schl/Escape-Torre-IA/maps/corporate_maze.txt,150,30039,genetico,85,65,0,0.5666666666666667,60,59,sin_agentes_pendientes,4789,1258,1501,4.375784495001426
980,/home/stack/schl/Escape-Torre-IA/maps/corporate_maze.txt,150,30040,bfs,30,120,0,0.2,32,31,sin_agentes_pendientes,4213,83,448,0.9647454039950389
981,/home/stack/schl/Escape-Torre-IA/maps/corporate_maze.txt,150,30040,dfs,7,143,0,0.04666666666666667,32,31,sin_agentes_pendientes,4470,0,934,2.2156791209999938
982,/home/stack/schl/Escape-Torre-IA/maps/corporate_maze.txt,150,30040,ucs,30,120,0,0.2,32,31,sin_agentes_pendientes,4201,73,491,1.8635597310203593
983,/home/stack/schl/Escape-Torre-IA/maps/corporate_maze.txt,150,30040,a_star,30,120,0,0.2,32,31,sin_agentes_pendientes,4214,60,473,1.095430009008851
984,/home/stack/schl/Escape-Torre-IA/maps/corporate_maze.txt,150,30040,greedy,27,123,0,0.18,32,31,sin_agentes_pendientes,4312,22,459,0.8403746820113156
985,/home/stack/schl/Escape-Torre-IA/maps/corporate_maze.txt,150,30040,ida_star,30,120,0,0.2,32,31,sin_agentes_pendientes,4210,64,472,4.329564932006178
986,/home/stack/schl/Escape-Torre-IA/maps/corporate_maze.txt,150,30040,genetico,31,119,0,0.20666666666666667,32,31,sin_agentes_pendientes,4252,54,422,2.468545384996105
987,/home/stack/schl/Escape-Torre-IA/maps/corporate_maze.txt,150,30041,bfs,111,39,0,0.74,94,92,sin_agentes_pendientes,5525,425,685,0.9231632239825558
988,/home/stack/schl/Escape-Torre-IA/maps/corporate_maze.txt,150,30041,dfs,44,106,0,0.29333333333333333,95,94,sin_agentes_pendientes,7743,562,2216,2.826261662004981
989,/home/stack/schl/Escape-Torre-IA/maps/corporate_maze.txt,150,30041,ucs,107,43,0,0.7133333333333334,94,92,sin_agentes_pendientes,5497,406,640,1.9700832740054466
990,/home/stack/schl/Escape-Torre-IA/maps/corporate_maze.txt,150,30041,a_star,107,43,0,0.7133333333333334,94,92,sin_agentes_pendientes,5489,442,692,1.0241811890155077
991,/home/stack/schl/Escape-Torre-IA/maps/corporate_maze.txt,150,30041,greedy,94,56,0,0.6266666666666667,95,94,sin_agentes_pendientes,5270,385,914,0.6771800720016472
992,/home/stack/schl/Escape-Torre-IA/maps/corporate_maze.txt,150,30041,ida_star,108,42,0,0.72,94,91,sin_agentes_pendientes,5488,423,661,6.108220073016128
993,/home/stack/schl/Escape-Torre-IA/maps/corporate_maze.txt,150,30041,genetico,124,26,0,0.8266666666666667,95,94,sin_agentes_pendientes,5884,421,670,1.6418918700073846
994,/home/stack/schl/Escape-Torre-IA/maps/corporate_maze.txt,150,30042,bfs,74,76,0,0.49333333333333335,58,54,sin_agentes_pendientes,4983,539,867,1.2860893410106655
995,/home/stack/schl/Escape-Torre-IA/maps/corporate_maze.txt,150,30042,dfs,22,128,0,0.14666666666666667,58,56,sin_agentes_pendientes,6282,852,2340,3.621005310007604
996,/home/stack/schl/Escape-Torre-IA/maps/corporate_maze.txt,150,30042,ucs,74,76,0,0.49333333333333335,58,50,sin_agentes_pendientes,5007,583,918,2.643645969015779
997,/home/stack/schl/Escape-Torre-IA/maps/corporate_maze.txt,150,30042,a_star,74,76,0,0.49333333333333335,58,50,sin_agentes_pendientes,4991,581,928,1.9282592429954093
998,/home/stack/schl/Escape-Torre-IA/maps/corporate_maze.txt,150,30042,greedy,68,82,0,0.4533333333333333,58,49,sin_agentes_pendientes,5223,711,1236,1.7453451750043314
999,/home/stack/schl/Escape-Torre-IA/maps/corporate_maze.txt,150,30042,ida_star,74,76,0,0.49333333333333335,58,54,sin_agentes_pendientes,5002,554,892,18.232148904004134
1000,/home/stack/schl/Escape-Torre-IA/maps/corporate_maze.txt,150,30042,genetico,77,73,0,0.5133333333333333,58,54,sin_agentes_pendientes,5225,589,885,4.1305951660033315
1001,/home/stack/schl/Escape-Torre-IA/maps/corporate_maze.txt,150,30043,bfs,101,49,0,0.6733333333333333,65,64,sin_agentes_pendientes,5959,309,448,0.8970132639806252
1002,/home/stack/schl/Escape-Torre-IA/maps/corporate_maze.txt,150,30043,dfs,33,117,0,0.22,64,63,sin_agentes_pendientes,6777,413,2270,2.98789366701385
1003,/home/stack/schl/Escape-Torre-IA/maps/corporate_maze.txt,150,30043,ucs,101,49,0,0.6733333333333333,65,64,sin_agentes_pendientes,5990,296,442,1.7139246570004616
1004,/home/stack/schl/Escape-Torre-IA/maps/corporate_maze.txt,150,30043,a_star,100,50,0,0.6666666666666666,65,64,sin_agentes_pendientes,5966,306,452,0.865131421975093
1005,/home/stack/schl/Escape-Torre-IA/maps/corporate_maze.txt,150,30043,greedy,81,69,0,0.54,64,63,sin_agentes_pendientes,5687,193,644,0.6107537469943054
1006,/home/stack/schl/Escape-Torre-IA/maps/corporate_maze.txt,150,30043,ida_star,98,52,0,0.6533333333333333,65,64,sin_agentes_pendientes,5923,286,483,4.422187147982186
1007,/home/stack/schl/Escape-Torre-IA/maps/corporate_maze.txt,150,30043,genetico,111,39,0,0.74,70,69,sin_agentes_pendientes,6293,582,800,2.21668648000923
1008,/home/stack/schl/Escape-Torre-IA/maps/corporate_maze.txt,150,30044,bfs,109,41,0,0.7266666666666667,76,76,sin_agentes_pendientes,5712,297,476,0.7139722649881151
1009,/home/stack/schl/Escape-Torre-IA/maps/corporate_maze.txt,150,30044,dfs,26,124,0,0.17333333333333334,80,79,sin_agentes_pendientes,7245,1835,3424,3.365778558974853
1010,/home/stack/schl/Escape-Torre-IA/maps/corporate_maze.txt,150,30044,ucs,114,36,0,0.76,76,76,sin_agentes_pendientes,5938,390,470,1.365745507995598
1011,/home/stack/schl/Escape-Torre-IA/maps/corporate_maze.txt,150,30044,a_star,112,38,0,0.7466666666666667,76,76,sin_agentes_pendientes,5769,331,418,0.6451375199831091
1012,/home/stack/schl/Escape-Torre-IA/maps/corporate_maze.txt,150,30044,greedy,102,48,0,0.68,73,72,sin_agentes_pendientes,5715,750,957,0.7346292209986132
1013,/home/stack/schl/Escape-Torre-IA/maps/corporate_maze.txt,150,30044,ida_star,112,38,0,0.7466666666666667,76,76,sin_agentes_pendientes,5742,352,460,3.9919847729906905
1014,/home/stack/schl/Escape-Torre-IA/maps/corporate_maze.txt,150,30044,genetico,126,24,0,0.84,79,79,sin_agentes_pendientes,6370,800,1020,1.8676292980089784
1015,/home/stack/schl/Escape-Torre-IA/maps/corporate_maze.txt,150,30045,bfs,130,20,0,0.8666666666666667,80,80,sin_agentes_pendientes,5624,1055,493,0.657524407026358
1016,/home/stack/schl/Escape-Torre-IA/maps/corporate_maze.txt,150,30045,dfs,64,86,0,0.4266666666666667,105,104,sin_agentes_pendientes,8797,886,2570,2.8856896389916074
1017,/home/stack/schl/Escape-Torre-IA/maps/corporate_maze.txt,150,30045,ucs,129,21,0,0.86,79,79,sin_agentes_pendientes,5597,1013,510,1.2612755860027391
1018,/home/stack/schl/Escape-Torre-IA/maps/corporate_maze.txt,150,30045,a_star,129,21,0,0.86,79,79,sin_agentes_pendientes,5599,1003,509,0.6488202390028164
1019,/home/stack/schl/Escape-Torre-IA/maps/corporate_maze.txt,150,30045,greedy,125,25,0,0.8333333333333334,81,80,sin_agentes_pendientes,5980,817,574,0.4747125159774441
1020,/home/stack/schl/Escape-Torre-IA/maps/corporate_maze.txt,150,30045,ida_star,129,21,0,0.86,79,79,sin_agentes_pendientes,5599,1013,507,3.989439064025646
1021,/home/stack/schl/Escape-Torre-IA/maps/corporate_maze.txt,150,30045,genetico,137,13,0,0.9133333333333333,83,83,sin_agentes_pendientes,5942,1264,1449,1.9568980339972768
1022,/home/stack/schl/Escape-Torre-IA/maps/corporate_maze.txt,150,30046,bfs,87,63,0,0.58,66,65,sin_agentes_pendientes,6254,586,470,0.8478897800086997
1023,/home/stack/schl/Escape-Torre-IA/maps/corporate_maze.txt,150,30046,dfs,24,126,0,0.16,66,63,sin_agentes_pendientes,7749,142,1756,2.930572854995262
1024,/home/stack/schl/Escape-Torre-IA/maps/corporate_maze.txt,150,30046,ucs,88,62,0,0.5866666666666667,66,65,sin_agentes_pendientes,6294,582,475,1.4517166290024761
1025,/home/stack/schl/Escape-Torre-IA/maps/corporate_maze.txt,150,30046,a_star,88,62,0,0.5866666666666667,66,65,sin_agentes_pendientes,6294,556,472,0.6861472860036884
1026,/home/stack/schl/Escape-Torre-IA/maps/corporate_maze.txt,150,30046,greedy,84,66,0,0.56,66,63,sin_agentes_pendientes,6449,404,472,0.4879929939925205
1027,/home/stack/schl/Escape-Torre-IA/maps/corporate_maze.txt,150,30046,ida_star,88,62,0,0.5866666666666667,66,65,sin_agentes_pendientes,6381,537,506,4.820466258999659
1028,/home/stack/schl/Escape-Torre-IA/maps/corporate_maze.txt,150,30046,genetico,95,55,0,0.6333333333333333,66,65,sin_agentes_pendientes,6457,591,883,2.3553110290085897
1029,/home/stack/schl/Escape-Torre-IA/maps/corporate_maze.txt,150,30047,bfs,97,53,0,0.6466666666666666,64,63,sin_agentes_pendientes,5398,351,543,0.7966162450029515
1030,/home/stack/schl/Escape-Torre-IA/maps/corporate_maze.txt,150,30047,dfs,30,120,0,0.2,64,63,sin_agentes_pendientes,6733,872,3036,3.2727444510092027
1031,/home/stack/schl/Escape-Torre-IA/maps/corporate_maze.txt,150,30047,ucs,97,53,0,0.6466666666666666,64,63,sin_agentes_pendientes,5599,386,560,1.7766924560128246
1032,/home/stack/schl/Escape-Torre-IA/maps/corporate_maze.txt,150,30047,a_star,97,53,0,0.6466666666666666,64,63,sin_agentes_pendientes,5605,380,571,0.9178541060246062
1033,/home/stack/schl/Escape-Torre-IA/maps/corporate_maze.txt,150,30047,greedy,81,69,0,0.54,60,59,sin_agentes_pendientes,5433,281,769,0.7078686119930353
1034,/home/stack/schl/Escape-Torre-IA/maps/corporate_maze.txt,150,30047,ida_star,97,53,0,0.6466666666666666,64,63,sin_agentes_pendientes,5497,374,547,3.648888806987088
1035,/home/stack/schl/Escape-Torre-IA/maps/corporate_maze.txt,150,30047,genetico,100,50,0,0.6666666666666666,65,64,sin_agentes_pendientes,5957,553,865,2.265426580008352
1036,/home/stack/schl/Escape-Torre-IA/maps/corporate_maze.txt,150,30048,bfs,131,19,0,0.8733333333333333,86,79,sin_agentes_pendientes,5586,1254,664,0.8238752890028991
1037,/home/stack/schl/Escape-Torre-IA/maps/corporate_maze.txt,150,30048,dfs,41,109,0,0.2733333333333333,86,84,sin_agentes_pendientes,7663,1499,2871,2.9127470060193446
1038,/home/stack/schl/Escape-Torre-IA/maps/corporate_maze.txt,150,30048,ucs,131,19,0,0.8733333333333333,86,79,sin_agentes_pendientes,5548,1270,704,1.484485485998448
1039,/home/stack/schl/Escape-Torre-IA/maps/corporate_maze.txt,150,30048,a_star,131,19,0,0.8733333333333333,86,79,sin_agentes_pendientes,5548,1270,702,0.9766707859816961
1040,/home/stack/schl/Escape-Torre-IA/maps/corporate_maze.txt,150,30048,greedy,112,38,0,0.7466666666666667,86,70,sin_agentes_pendientes,5438,1068,953,0.7892384019796737
1041,/home/stack/schl/Escape-Torre-IA/maps/corporate_maze.txt,150,30048,ida_star,135,15,0,0.9,86,81,sin_agentes_pendientes,5638,1350,695,4.315758381999331
1042,/home/stack/schl/Escape-Torre-IA/maps/corporate_maze.txt,150,30048,genetico,131,19,0,0.8733333333333333,86,79,sin_agentes_pendientes,5684,1336,1525,2.316983792989049
1043,/home/stack/schl/Escape-Torre-IA/maps/corporate_maze.txt,150,30049,bfs,92,58,0,0.6133333333333333,66,65,sin_agentes_pendientes,5128,619,821,0.917061307001859
1044,/home/stack/schl/Escape-Torre-IA/maps/corporate_maze.txt,150,30049,dfs,34,116,0,0.22666666666666666,70,69,sin_agentes_pendientes,5793,1337,3137,3.2960457649896853
1045,/home/stack/schl/Escape-Torre-IA/maps/corporate_maze.txt,150,30049,ucs,93,57,0,0.62,66,65,sin_agentes_pendientes,5153,555,777,1.892731632979121
1046,/home/stack/schl/Escape-Torre-IA/maps/corporate_maze.txt,150,30049,a_star,93,57,0,0.62,66,65,sin_agentes_pendientes,5120,537,755,0.9424314300122205
1047,/home/stack/schl/Escape-Torre-IA/maps/corporate_maze.txt,150,30049,greedy,93,57,0,0.62,66,65,sin_agentes_pendientes,5446,830,1039,0.9477407869999297
1048,/home/stack/schl/Escape-Torre-IA/maps/corporate_maze.txt,150,30049,ida_star,93,57,0,0.62,66,65,sin_agentes_pendientes,5107,513,732,5.323325995996129
1049,/home/stack/schl/Escape-Torre-IA/maps/corporate_maze.txt,150,30049,genetico,100,50,0,0.6666666666666666,66,65,sin_agentes_pendientes,5529,685,972,2.1965247100160923
1050,/home/stack/schl/Escape-Torre-IA/maps/corporate_maze.txt,150,30050,bfs,140,10,0,0.9333333333333333,101,101,sin_agentes_pendientes,5970,854,353,0.5672155869833659
1051,/home/stack/schl/Escape-Torre-IA/maps/corporate_maze.txt,150,30050,dfs,58,92,0,0.38666666666666666,136,134,sin_agentes_pendientes,13155,176,1257,2.4549410330073442
1052,/home/stack/schl/Escape-Torre-IA/maps/corporate_maze.txt,150,30050,ucs,140,10,0,0.9333333333333333,101,101,sin_agentes_pendientes,5932,854,369,0.9776698449859396
1053,/home/stack/schl/Escape-Torre-IA/maps/corporate_maze.txt,150,30050,a_star,140,10,0,0.9333333333333333,101,101,sin_agentes_pendientes,5932,854,369,0.5182763790071476
1054,/home/stack/schl/Escape-Torre-IA/maps/corporate_maze.txt,150,30050,greedy,133,17,0,0.8866666666666667,107,107,sin_agentes_pendientes,6089,658,430,0.40208386597805656
1055,/home/stack/schl/Escape-Torre-IA/maps/corporate_maze.txt,150,30050,ida_star,139,11,0,0.9266666666666666,101,101,sin_agentes_pendientes,5885,854,357,3.3650745030026883
1056,/home/stack/schl/Escape-Torre-IA/maps/corporate_maze.txt,150,30050,genetico,143,7,0,0.9533333333333334,104,104,sin_agentes_pendientes,6245,838,1013,1.5206838230078574
1057,/home/stack/schl/Escape-Torre-IA/maps/corporate_maze.txt,150,30051,bfs,113,37,0,0.7533333333333333,70,70,sin_agentes_pendientes,4749,905,766,0.8558149749878794
1058,/home/stack/schl/Escape-Torre-IA/maps/corporate_maze.txt,150,30051,dfs,60,90,0,0.4,110,108,sin_agentes_pendientes,7198,1662,2823,2.883086060988717
1059,/home/stack/schl/Escape-Torre-IA/maps/corporate_maze.txt,150,30051,ucs,116,34,0,0.7733333333333333,72,72,sin_agentes_pendientes,4903,944,787,1.768890633014962
1060,/home/stack/schl/Escape-Torre-IA/maps/corporate_maze.txt,150,30051,a_star,116,34,0,0.7733333333333333,72,72,sin_agentes_pendientes,4894,981,822,1.1960859250102658
1061,/home/stack/schl/Escape-Torre-IA/maps/corporate_maze.txt,150,30051,greedy,110,40,0,0.7333333333333333,91,91,sin_agentes_pendientes,4948,923,962,1.03452780097723
1062,/home/stack/schl/Escape-Torre-IA/maps/corporate_maze.txt,150,30051,ida_star,115,35,0,0.7666666666666667,71,71,sin_agentes_pendientes,4859,929,793,4.230073989019729
1063,/home/stack/schl/Escape-Torre-IA/maps/corporate_maze.txt,150,30051,genetico,121,29,0,0.8066666666666666,74,74,sin_agentes_pendientes,5146,1002,1173,2.5455292580008972
1064,/home/stack/schl/Escape-Torre-IA/maps/corporate_maze.txt,150,30052,bfs,115,35,0,0.7666666666666667,72,72,sin_agentes_pendientes,4943,934,724,0.83100358597585
1065,/home/stack/schl/Escape-Torre-IA/maps/corporate_maze.txt,150,30052,dfs,60,90,0,0.4,126,120,sin_agentes_pendientes,9388,879,2520,2.9922413470048923
1066,/home/stack/schl/Escape-Torre-IA/maps/corporate_maze.txt,150,30052,ucs,114,36,0,0.76,71,71,sin_agentes_pendientes,4905,951,749,1.66723964700941
1067,/home/stack/schl/Escape-Torre-IA/maps/corporate_maze.txt,150,30052,a_star,114,36,0,0.76,71,71,sin_agentes_pendientes,4898,936,745,0.9191749210003763
1068,/home/stack/schl/Escape-Torre-IA/maps/corporate_maze.txt,150,30052,greedy,112,38,0,0.7466666666666667,109,109,sin_agentes_pendientes,5172,888,866,0.7788362480059732
1069,/home/stack/schl/Escape-Torre-IA/maps/corporate_maze.txt,150,30052,ida_star,115,35,0,0.7666666666666667,72,72,sin_agentes_pendientes,4967,898,711,5.134187454008497
1070,/home/stack/schl/Escape-Torre-IA/maps/corporate_maze.txt,150,30052,genetico,118,32,0,0.7866666666666666,74,74,sin_agentes_pendientes,5149,848,1083,2.0355958100117277
1071,/home/stack/schl/Escape-Torre-IA/maps/corporate_maze.txt,150,30053,bfs,128,22,0,0.8533333333333334,80,77,sin_agentes_pendientes,5722,1238,510,0.681807945977198
1072,/home/stack/schl/Escape-Torre-IA/maps/corporate_maze.txt,150,30053,dfs,34,116,0,0.22666666666666666,80,75,sin_agentes_pendientes,8578,407,1955,2.640633622009773
1073,/home/stack/schl/Escape-Torre-IA/maps/corporate_maze.txt,150,30053,ucs,133,17,0,0.8866666666666667,80,79,sin_agentes_pendientes,5692,1210,512,1.1955061500193551
1074,/home/stack/schl/Escape-Torre-IA/maps/corporate_maze.txt,150,30053,a_star,131,19,0,0.8733333333333333,80,78,sin_agentes_pendientes,5638,1168,517,0.6229702559940051
1075,/home/stack/schl/Escape-Torre-IA/maps/corporate_maze.txt,150,30053,greedy,125,25,0,0.8333333333333334,80,78,sin_agentes_pendientes,6115,824,491,0.4806129439966753
1076,/home/stack/schl/Escape-Torre-IA/maps/corporate_maze.txt,150,30053,ida_star,133,17,0,0.8866666666666667,80,79,sin_agentes_pendientes,5687,1153,488,4.107318096008385
1077,/home/stack/schl/Escape-Torre-IA/maps/corporate_maze.txt,150,30053,genetico,133,17,0,0.8866666666666667,80,79,sin_agentes_pendientes,5879,1275,1435,1.7897234450210817
1078,/home/stack/schl/Escape-Torre-IA/maps/corporate_maze.txt,150,30054,bfs,61,89,0,0.4066666666666667,52,49,sin_agentes_pendientes,5244,292,768,1.209285782999359
1079,/home/stack/schl/Escape-Torre-IA/maps/corporate_maze.txt,150,30054,dfs,13,137,0,0.08666666666666667,52,51,sin_agentes_pendientes,5609,580,1990,2.6397009429929312
1080,/home/stack/schl/Escape-Torre-IA/maps/corporate_maze.txt,150,30054,ucs,60,90,0,0.4,52,49,sin_agentes_pendientes,5314,395,857,2.590692848985782
1081,/home/stack/schl/Escape-Torre-IA/maps/corporate_maze.txt,150,30054,a_star,61,89,0,0.4066666666666667,52,49,sin_agentes_pendientes,5286,396,931,1.6737544179777615
1082,/home/stack/schl/Escape-Torre-IA/maps/corporate_maze.txt,150,30054,greedy,55,95,0,0.36666666666666664,52,49,sin_agentes_pendientes,5262,429,1017,0.8693264180037659
1083,/home/stack/schl/Escape-Torre-IA/maps/corporate_maze.txt,150,30054,ida_star,62,88,0,0.41333333333333333,52,49,sin_agentes_pendientes,5264,378,814,9.993351932993392
1084,/home/stack/schl/Escape-Torre-IA/maps/corporate_maze.txt,150,30054,genetico,64,86,0,0.4266666666666667,52,49,sin_agentes_pendientes,5556,500,833,3.221048040984897
1085,/home/stack/schl/Escape-Torre-IA/maps/corporate_maze.txt,150,30055,bfs,129,21,0,0.86,79,79,sin_agentes_pendientes,5966,646,400,0.5706200819986407
1086,/home/stack/schl/Escape-Torre-IA/maps/corporate_maze.txt,150,30055,dfs,53,97,0,0.35333333333333333,86,85,sin_agentes_pendientes,8472,1144,2529,3.473222702014027
1087,/home/stack/schl/Escape-Torre-IA/maps/corporate_maze.txt,150,30055,ucs,129,21,0,0.86,79,79,sin_agentes_pendientes,5964,648,389,1.0964681660116185
1088,/home/stack/schl/Escape-Torre-IA/maps/corporate_maze.txt,150,30055,a_star,129,21,0,0.86,79,79,sin_agentes_pendientes,5964,648,391,0.5919042890018318
1089,/home/stack/schl/Escape-Torre-IA/maps/corporate_maze.txt,150,30055,greedy,121,29,0,0.8066666666666666,83,83,sin_agentes_pendientes,6100,660,472,0.4747276910056826
1090,/home/stack/schl/Escape-Torre-IA/maps/corporate_maze.txt,150,30055,ida_star,129,21,0,0.86,79,79,sin_agentes_pendientes,5966,646,398,3.474003507028101
1091,/home/stack/schl/Escape-Torre-IA/maps/corporate_maze.txt,150,30055,genetico,141,9,0,0.94,83,83,sin_agentes_pendientes,6228,820,997,1.5232924500014633
1092,/home/stack/schl/Escape-Torre-IA/maps/corporate_maze.txt,150,30056,bfs,115,35,0,0.7666666666666667,78,76,sin_agentes_pendientes,5894,588,559,0.9964758129790425
1093,/home/stack/schl/Escape-Torre-IA/maps/corporate_maze.txt,150,30056,dfs,41,109,0,0.2733333333333333,82,81,sin_agentes_pendientes,6994,1225,2574,2.716336269979365
1094,/home/stack/schl/Escape-Torre-IA/maps/corporate_maze.txt,150,30056,ucs,114,36,0,0.76,78,75,sin_agentes_pendientes,5875,542,527,1.767336934019113
1095,/home/stack/schl/Escape-Torre-IA/maps/corporate_maze.txt,150,30056,a_star,112,38,0,0.7466666666666667,78,74,sin_agentes_pendientes,5753,543,530,1.0154015799926128
1096,/home/stack/schl/Escape-Torre-IA/maps/corporate_maze.txt,150,30056,greedy,96,54,0,0.64,78,76,sin_agentes_pendientes,5460,676,897,0.9674631649977528
1097,/home/stack/schl/Escape-Torre-IA/maps/corporate_maze.txt,150,30056,ida_star,115,35,0,0.7666666666666667,78,76,sin_agentes_pendientes,5876,517,498,4.358435905975057
1098,/home/stack/schl/Escape-Torre-IA/maps/corporate_maze.txt,150,30056,genetico,117,33,0,0.78,78,77,sin_agentes_pendientes,6358,561,795,1.9425572000036482
1099,/home/stack/schl/Escape-Torre-IA/maps/corporate_maze.txt,150,30057,bfs,85,65,0,0.5666666666666667,62,56,sin_agentes_pendientes,5728,354,638,0.7743406750087161
1100,/home/stack/schl/Escape-Torre-IA/maps/corporate_maze.txt,150,30057,dfs,31,119,0,0.20666666666666667,65,64,sin_agentes_pendientes,6760,961,2065,2.708064555976307
1101,/home/stack/schl/Escape-Torre-IA/maps/corporate_maze.txt,150,30057,ucs,83,67,0,0.5533333333333333,62,55,sin_agentes_pendientes,5700,362,655,1.6398352799878921
1102,/home/stack/schl/Escape-Torre-IA/maps/corporate_maze.txt,150,30057,a_star,85,65,0,0.5666666666666667,62,55,sin_agentes_pendientes,5712,360,643,0.9297653929970693
1103,/home/stack/schl/Escape-Torre-IA/maps/corporate_maze.txt,150,30057,greedy,82,68,0,0.5466666666666666,62,55,sin_agentes_pendientes,5649,427,762,0.6729428099934012
1104,/home/stack/schl/Escape-Torre-IA/maps/corporate_maze.txt,150,30057,ida_star,86,64,0,0.5733333333333334,62,55,sin_agentes_pendientes,5685,367,695,4.488112393009942
1105,/home/stack/schl/Escape-Torre-IA/maps/corporate_maze.txt,150,30057,genetico,87,63,0,0.58,62,55,sin_agentes_pendientes,5848,360,680,2.158432341006119
1106,/home/stack/schl/Escape-Torre-IA/maps/corporate_maze.txt,150,30058,bfs,123,27,0,0.82,76,76,sin_agentes_pendientes,5443,855,553,0.7330062609980814
1107,/home/stack/schl/Escape-Torre-IA/maps/corporate_maze.txt,150,30058,dfs,59,91,0,0.3933333333333333,90,88,sin_agentes_pendientes,6890,668,2244,2.320343083993066
1108,/home/stack/schl/Escape-Torre-IA/maps/corporate_maze.txt,150,30058,ucs,122,28,0,0.8133333333333334,75,75,sin_agentes_pendientes,5394,833,538,1.4040648759983014
1109,/home/stack/schl/Escape-Torre-IA/maps/corporate_maze.txt,150,30058,a_star,122,28,0,0.8133333333333334,75,75,sin_agentes_pendientes,5394,831,539,0.6710498530010227
1110,/home/stack/schl/Escape-Torre-IA/maps/corporate_maze.txt,150,30058,greedy,114,36,0,0.76,78,78,sin_agentes_pendientes,5444,511,543,0.5285695600032341
1111,/home/stack/schl/Escape-Torre-IA/maps/corporate_maze.txt,150,30058,ida_star,123,27,0,0.82,76,76,sin_agentes_pendientes,5438,860,554,3.8358076389995404
1112,/home/stack/schl/Escape-Torre-IA/maps/corporate_maze.txt,150,30058,genetico,133,17,0,0.8866666666666667,81,81,sin_agentes_pendientes,5781,988,1159,1.6827416169981007
1113,/home/stack/schl/Escape-Torre-IA/maps/corporate_maze.txt,150,30059,bfs,142,8,0,0.9466666666666667,93,93,sin_agentes_pendientes,6273,960,389,0.6121158919995651
1114,/home/stack/schl/Escape-Torre-IA/maps/corporate_maze.txt,150,30059,dfs,84,66,0,0.56,120,120,sin_agentes_pendientes,8866,997,2161,2.588734423974529
1115,/home/stack/schl/Escape-Torre-IA/maps/corporate_maze.txt,150,30059,ucs,135,15,0,0.9,84,84,sin_agentes_pendientes,6024,883,411,1.2902556869958062
1116,/home/stack/schl/Escape-Torre-IA/maps/corporate_maze.txt,150,30059,a_star,135,15,0,0.9,84,84,sin_agentes_pendientes,6020,883,411,0.5806605179968756
1117,/home/stack/schl/Escape-Torre-IA/maps/corporate_maze.txt,150,30059,greedy,129,21,0,0.86,93,93,sin_agentes_pendientes,6018,784,430,0.4473035760165658
1118,/home/stack/schl/Escape-Torre-IA/maps/corporate_maze.txt,150,30059,ida_star,136,14,0,0.9066666666666666,82,82,sin_agentes_pendientes,6021,916,426,3.740231613017386
1119,/home/stack/schl/Escape-Torre-IA/maps/corporate_maze.txt,150,30059,genetico,147,3,0,0.98,87,87,sin_agentes_pendientes,6411,1063,1232,1.6374740689934697
1120,/home/stack/schl/Escape-Torre-IA/maps/corporate_maze.txt,150,30060,bfs,53,97,0,0.35333333333333333,49,48,sin_agentes_pendientes,5107,634,1045,1.8405391290143598
1121,/home/stack/schl/Escape-Torre-IA/maps/corporate_maze.txt,150,30060,dfs,18,132,0,0.12,48,44,sin_agentes_pendientes,5583,581,2008,3.6489746130246203
1122,/home/stack/schl/Escape-Torre-IA/maps/corporate_maze.txt,150,30060,ucs,50,100,0,0.3333333333333333,49,48,sin_agentes_pendientes,5222,546,1002,3.5022317550028674
1123,/home/stack/schl/Escape-Torre-IA/maps/corporate_maze.txt,150,30060,a_star,50,100,0,0.3333333333333333,49,48,sin_agentes_pendientes,5173,635,1134,2.633547503995942
1124,/home/stack/schl/Escape-Torre-IA/maps/corporate_maze.txt,150,30060,greedy,55,95,0,0.36666666666666664,49,48,sin_agentes_pendientes,5248,579,1322,1.564848757989239
1125,/home/stack/schl/Escape-Torre-IA/maps/corporate_maze.txt,150,30060,ida_star,52,98,0,0.3466666666666667,49,48,sin_agentes_pendientes,5184,576,1103,18.96834099298576
1126,/home/stack/schl/Escape-Torre-IA/maps/corporate_maze.txt,150,30060,genetico,52,98,0,0.3466666666666667,49,48,sin_agentes_pendientes,5285,570,898,5.18348908398184
1127,/home/stack/schl/Escape-Torre-IA/maps/corporate_maze.txt,150,30061,bfs,98,52,0,0.6533333333333333,66,65,sin_agentes_pendientes,5473,935,595,0.6857493970019277
1128,/home/stack/schl/Escape-Torre-IA/maps/corporate_maze.txt,150,30061,dfs,20,130,0,0.13333333333333333,66,63,sin_agentes_pendientes,7362,620,1606,2.259482018998824
1129,/home/stack/schl/Escape-Torre-IA/maps/corporate_maze.txt,150,30061,ucs,98,52,0,0.6533333333333333,66,65,sin_agentes_pendientes,5588,870,576,1.3070696060021874
1130,/home/stack/schl/Escape-Torre-IA/maps/corporate_maze.txt,150,30061,a_star,98,52,0,0.6533333333333333,66,65,sin_agentes_pendientes,5508,764,562,0.7570699070056435
1131,/home/stack/schl/Escape-Torre-IA/maps/corporate_maze.txt,150,30061,greedy,95,55,0,0.6333333333333333,66,65,sin_agentes_pendientes,5888,665,479,0.4641772269969806
1132,/home/stack/schl/Escape-Torre-IA/maps/corporate_maze.txt,150,30061,ida_star,98,52,0,0.6533333333333333,66,65,sin_agentes_pendientes,5630,792,567,3.9723600239958614
1133,/home/stack/schl/Escape-Torre-IA/maps/corporate_maze.txt,150,30061,genetico,99,51,0,0.66,66,65,sin_agentes_pendientes,5815,947,1133,1.7304155899910256
1134,/home/stack/schl/Escape-Torre-IA/maps/corporate_maze.txt,150,30062,bfs,133,17,0,0.8866666666666667,78,78,sin_agentes_pendientes,5507,724,358,0.6479197619773913
1135,/home/stack/schl/Escape-Torre-IA/maps/corporate_maze.txt,150,30062,dfs,58,92,0,0.38666666666666666,117,116,sin_agentes_pendientes,7758,952,2559,3.1726569549937267
1136,/home/stack/schl/Escape-Torre-IA/maps/corporate_maze.txt,150,30062,ucs,139,11,0,0.9266666666666666,81,81,sin_agentes_pendientes,5811,810,370,1.1085341289872304
1137,/home/stack/schl/Escape-Torre-IA/maps/corporate_maze.txt,150,30062,a_star,140,10,0,0.9333333333333333,82,82,sin_agentes_pendientes,5873,831,382,0.5780860910017509
1138,/home/stack/schl/Escape-Torre-IA/maps/corporate_maze.txt,150,30062,greedy,128,22,0,0.8533333333333334,113,113,sin_agentes_pendientes,6082,711,513,0.5796100510051474
1139,/home/stack/schl/Escape-Torre-IA/maps/corporate_maze.txt,150,30062,ida_star,136,14,0,0.9066666666666666,80,80,sin_agentes_pendientes,5665,751,383,3.40661471200292
1140,/home/stack/schl/Escape-Torre-IA/maps/corporate_maze.txt,150,30062,genetico,147,3,0,0.98,85,85,sin_agentes_pendientes,6214,965,1129,1.5587489480094519
1141,/home/stack/schl/Escape-Torre-IA/maps/corporate_maze.txt,150,30063,bfs,104,46,0,0.6933333333333334,69,69,sin_agentes_pendientes,5431,853,645,0.8336707160051446
1142,/home/stack/schl/Escape-Torre-IA/maps/corporate_maze.txt,150,30063,dfs,48,102,0,0.32,85,84,sin_agentes_pendientes,6664,2137,3674,5.070769576006569
1143,/home/stack/schl/Escape-Torre-IA/maps/corporate_maze.txt,150,30063,ucs,103,47,0,0.6866666666666666,69,69,sin_agentes_pendientes,5450,782,622,1.5319703510031104
1144,/home/stack/schl/Escape-Torre-IA/maps/corporate_maze.txt,150,30063,a_star,103,47,0,0.6866666666666666,69,69,sin_agentes_pendientes,5451,825,654,0.8228163699968718
1145,/home/stack/schl/Escape-Torre-IA/maps/corporate_maze.txt,150,30063,greedy,94,56,0,0.6266666666666667,72,71,sin_agentes_pendientes,5448,842,812,0.8266046469798312
1146,/home/stack/schl/Escape-Torre-IA/maps/corporate_maze.txt,150,30063,ida_star,105,45,0,0.7,69,69,sin_agentes_pendientes,5482,754,636,4.544723343977239
1147,/home/stack/schl/Escape-Torre-IA/maps/corporate_maze.txt,150,30063,genetico,117,33,0,0.78,76,76,sin_agentes_pendientes,5844,744,965,2.0392171510029584
1148,/home/stack/schl/Escape-Torre-IA/maps/corporate_maze.txt,150,30064,bfs,133,17,0,0.8866666666666667,82,82,sin_agentes_pendientes,6128,797,416,0.6827364840137307
1149,/home/stack/schl/Escape-Torre-IA/maps/corporate_maze.txt,150,30064,dfs,21,129,0,0.14,84,82,sin_agentes_pendientes,10088,299,1378,2.5108417209994514
1150,/home/stack/schl/Escape-Torre-IA/maps/corporate_maze.txt,150,30064,ucs,133,17,0,0.8866666666666667,82,82,sin_agentes_pendientes,6146,785,429,1.3412507089960855
1151,/home/stack/schl/Escape-Torre-IA/maps/corporate_maze.txt,150,30064,a_star,133,17,0,0.8866666666666667,82,82,sin_agentes_pendientes,6146,785,427,0.6352115839836188
1152,/home/stack/schl/Escape-Torre-IA/maps/corporate_maze.txt,150,30064,greedy,131,19,0,0.8733333333333333,84,82,sin_agentes_pendientes,6719,567,372,0.424008293019142
1153,/home/stack/schl/Escape-Torre-IA/maps/corporate_maze.txt,150,30064,ida_star,134,16,0,0.8933333333333333,82,82,sin_agentes_pendientes,6130,786,410,4.326550911006052
1154,/home/stack/schl/Escape-Torre-IA/maps/corporate_maze.txt,150,30064,genetico,136,14,0,0.9066666666666666,82,82,sin_agentes_pendientes,6238,961,1118,1.6664551830035634
1155,/home/stack/schl/Escape-Torre-IA/maps/corporate_maze.txt,150,30065,bfs,113,37,0,0.7533333333333333,68,68,sin_agentes_pendientes,5088,477,469,0.7353604510135483
1156,/home/stack/schl/Escape-Torre-IA/maps/corporate_maze.txt,150,30065,dfs,44,106,0,0.29333333333333333,84,83,sin_agentes_pendientes,5967,1512,3140,2.826724173995899
1157,/home/stack/schl/Escape-Torre-IA/maps/corporate_maze.txt,150,30065,ucs,115,35,0,0.7666666666666667,71,71,sin_agentes_pendientes,5208,600,538,1.225917142990511
1158,/home/stack/schl/Escape-Torre-IA/maps/corporate_maze.txt,150,30065,a_star,113,37,0,0.7533333333333333,70,70,sin_agentes_pendientes,5185,592,548,0.6209022990078665
1159,/home/stack/schl/Escape-Torre-IA/maps/corporate_maze.txt,150,30065,greedy,102,48,0,0.68,77,77,sin_agentes_pendientes,5346,576,806,0.5466346720058937
1160,/home/stack/schl/Escape-Torre-IA/maps/corporate_maze.txt,150,30065,ida_star,114,36,0,0.76,70,70,sin_agentes_pendientes,5211,559,501,3.209830253996188
1161,/home/stack/schl/Escape-Torre-IA/maps/corporate_maze.txt,150,30065,genetico,120,30,0,0.8,74,74,sin_agentes_pendientes,5548,733,951,1.866324917995371
1162,/home/stack/schl/Escape-Torre-IA/maps/corporate_maze.txt,150,30066,bfs,68,82,0,0.4533333333333333,60,59,sin_agentes_pendientes,5892,511,771,1.1068268639792223
1163,/home/stack/schl/Escape-Torre-IA/maps/corporate_maze.txt,150,30066,dfs,25,125,0,0.16666666666666666,60,59,sin_agentes_pendientes,6391,841,2550,3.3590998470026534
1164,/home/stack/schl/Escape-Torre-IA/maps/corporate_maze.txt,150,30066,ucs,76,74,0,0.5066666666666667,60,59,sin_agentes_pendientes,5989,586,781,2.216774030996021
1165,/home/stack/schl/Escape-Torre-IA/maps/corporate_maze.txt,150,30066,a_star,76,74,0,0.5066666666666667,60,59,sin_agentes_pendientes,5956,575,772,1.4425517820054665
1166,/home/stack/schl/Escape-Torre-IA/maps/corporate_maze.txt,150,30066,greedy,58,92,0,0.38666666666666666,60,59,sin_agentes_pendientes,5852,410,1241,1.2517442079843022
1167,/home/stack/schl/Escape-Torre-IA/maps/corporate_maze.txt,150,30066,ida_star,68,82,0,0.4533333333333333,60,59,sin_agentes_pendientes,5842,483,733,6.481791524012806
1168,/home/stack/schl/Escape-Torre-IA/maps/corporate_maze.txt,150,30066,genetico,84,66,0,0.56,60,59,sin_agentes_pendientes,6031,535,812,3.219253782008309
1169,/home/stack/schl/Escape-Torre-IA/maps/corporate_maze.txt,150,30067,bfs,32,118,0,0.21333333333333335,36,35,sin_agentes_pendientes,4605,21,531,1.058743126981426
1170,/home/stack/schl/Escape-Torre-IA/maps/corporate_maze.txt,150,30067,dfs,12,138,0,0.08,36,33,sin_agentes_pendientes,4727,20,1209,2.200733053003205
1171,/home/stack/schl/Escape-Torre-IA/maps/corporate_maze.txt,150,30067,ucs,32,118,0,0.21333333333333335,36,35,sin_agentes_pendientes,4601,21,429,1.9115844990010373
1172,/home/stack/schl/Escape-Torre-IA/maps/corporate_maze.txt,150,30067,a_star,32,118,0,0.21333333333333335,36,35,sin_agentes_pendientes,4559,17,456,1.1759719930123538
1173,/home/stack/schl/Escape-Torre-IA/maps/corporate_maze.txt,150,30067,greedy,33,117,0,0.22,36,35,sin_agentes_pendientes,4612,25,739,0.6838069430086762
1174,/home/stack/schl/Escape-Torre-IA/maps/corporate_maze.txt,150,30067,ida_star,32,118,0,0.21333333333333335,36,35,sin_agentes_pendientes,4559,17,470,6.092415560997324
1175,/home/stack/schl/Escape-Torre-IA/maps/corporate_maze.txt,150,30067,genetico,34,116,0,0.22666666666666666,36,35,sin_agentes_pendientes,4781,41,419,2.9456022120139096
1176,/home/stack/schl/Escape-Torre-IA/maps/corporate_maze.txt,150,30068,bfs,96,54,0,0.64,63,62,sin_agentes_pendientes,4886,553,722,1.1420353960129432
1177,/home/stack/schl/Escape-Torre-IA/maps/corporate_maze.txt,150,30068,dfs,47,103,0,0.31333333333333335,70,68,sin_agentes_pendientes,5454,2111,3556,5.780297477002023
1178,/home/stack/schl/Escape-Torre-IA/maps/corporate_maze.txt,150,30068,ucs,99,51,0,0.66,62,62,sin_agentes_pendientes,5061,616,744,2.166205744986655
1179,/home/stack/schl/Escape-Torre-IA/maps/corporate_maze.txt,150,30068,a_star,94,56,0,0.6266666666666667,63,62,sin_agentes_pendientes,4908,739,863,1.5030984790064394
1180,/home/stack/schl/Escape-Torre-IA/maps/corporate_maze.txt,150,30068,greedy,82,68,0,0.5466666666666666,60,59,sin_agentes_pendientes,4649,713,1134,1.3130854050104972
1181,/home/stack/schl/Escape-Torre-IA/maps/corporate_maze.txt,150,30068,ida_star,92,58,0,0.6133333333333333,63,62,sin_agentes_pendientes,4822,612,830,5.640640585013898
1182,/home/stack/schl/Escape-Torre-IA/maps/corporate_maze.txt,150,30068,genetico,105,45,0,0.7,66,65,sin_agentes_pendientes,5215,721,954,3.2780196130042896
1183,/home/stack/schl/Escape-Torre-IA/maps/corporate_maze.txt,150,30069,bfs,87,63,0,0.58,62,61,sin_agentes_pendientes,6350,423,382,0.655212074983865
1184,/home/stack/schl/Escape-Torre-IA/maps/corporate_maze.txt,150,30069,dfs,14,136,0,0.09333333333333334,62,61,sin_agentes_pendientes,6899,920,2608,3.3807961470156442
1185,/home/stack/schl/Escape-Torre-IA/maps/corporate_maze.txt,150,30069,ucs,87,63,0,0.58,62,61,sin_agentes_pendientes,6309,476,375,1.2793641980097163
1186,/home/stack/schl/Escape-Torre-IA/maps/corporate_maze.txt,150,30069,a_star,87,63,0,0.58,62,61,sin_agentes_pendientes,6307,478,378,0.6395375239953864
1187,/home/stack/schl/Escape-Torre-IA/maps/corporate_maze.txt,150,30069,greedy,75,75,0,0.5,62,60,sin_agentes_pendientes,6268,324,548,0.563690120994579
1188,/home/stack/schl/Escape-Torre-IA/maps/corporate_maze.txt,150,30069,ida_star,87,63,0,0.58,62,61,sin_agentes_pendientes,6331,496,424,3.4731788630015217
1189,/home/stack/schl/Escape-Torre-IA/maps/corporate_maze.txt,150,30069,genetico,87,63,0,0.58,62,61,sin_agentes_pendientes,6342,473,722,1.7813614070182666
1190,/home/stack/schl/Escape-Torre-IA/maps/corporate_maze.txt,150,30070,bfs,34,116,0,0.22666666666666666,32,31,sin_agentes_pendientes,3974,92,481,0.8336116050195415
1191,/home/stack/schl/Escape-Torre-IA/maps/corporate_maze.txt,150,30070,dfs,12,138,0,0.08,32,29,sin_agentes_pendientes,4291,4,786,1.856842859997414
1192,/home/stack/schl/Escape-Torre-IA/maps/corporate_maze.txt,150,30070,ucs,34,116,0,0.22666666666666666,32,31,sin_agentes_pendientes,4001,75,480,1.8064561460050754
1193,/home/stack/schl/Escape-Torre-IA/maps/corporate_maze.txt,150,30070,a_star,34,116,0,0.22666666666666666,32,31,sin_agentes_pendientes,3992,76,514,1.05713994501275
1194,/home/stack/schl/Escape-Torre-IA/maps/corporate_maze.txt,150,30070,greedy,29,121,0,0.19333333333333333,32,31,sin_agentes_pendientes,3994,23,531,0.6533485229883809
1195,/home/stack/schl/Escape-Torre-IA/maps/corporate_maze.txt,150,30070,ida_star,34,116,0,0.22666666666666666,32,31,sin_agentes_pendientes,3982,74,515,4.627586935006548
1196,/home/stack/schl/Escape-Torre-IA/maps/corporate_maze.txt,150,30070,genetico,34,116,0,0.22666666666666666,32,31,sin_agentes_pendientes,4088,66,403,2.2774994649807923
1197,/home/stack/schl/Escape-Torre-IA/maps/corporate_maze.txt,150,30071,bfs,90,60,0,0.6,62,61,sin_agentes_pendientes,5767,284,425,0.7716158590046689
1198,/home/stack/schl/Escape-Torre-IA/maps/corporate_maze.txt,150,30071,dfs,17,133,0,0.11333333333333333,62,60,sin_agentes_pendientes,7782,205,1295,2.408401746011805
1199,/home/stack/schl/Escape-Torre-IA/maps/corporate_maze.txt,150,30071,ucs,90,60,0,0.6,62,61,sin_agentes_pendientes,6095,310,420,1.6102390149899293
1200,/home/stack/schl/Escape-Torre-IA/maps/corporate_maze.txt,150,30071,a_star,90,60,0,0.6,62,61,sin_agentes_pendientes,6097,310,421,0.7685810440161731
1201,/home/stack/schl/Escape-Torre-IA/maps/corporate_maze.txt,150,30071,greedy,88,62,0,0.5866666666666667,62,61,sin_agentes_pendientes,5874,170,411,0.44636641698889434
1202,/home/stack/schl/Escape-Torre-IA/maps/corporate_maze.txt,150,30071,ida_star,90,60,0,0.6,62,61,sin_agentes_pendientes,5995,304,410,4.745158230012748
1203,/home/stack/schl/Escape-Torre-IA/maps/corporate_maze.txt,150,30071,genetico,91,59,0,0.6066666666666667,62,61,sin_agentes_pendientes,6371,498,704,1.917638814979
1204,/home/stack/schl/Escape-Torre-IA/maps/corporate_maze.txt,150,30072,bfs,63,87,0,0.42,46,45,sin_agentes_pendientes,5321,128,409,0.6799418920127209
1205,/home/stack/schl/Escape-Torre-IA/maps/corporate_maze.txt,150,30072,dfs,15,135,0,0.1,46,45,sin_agentes_pendientes,6036,84,1402,2.206343763973564
1206,/home/stack/schl/Escape-Torre-IA/maps/corporate_maze.txt,150,30072,ucs,63,87,0,0.42,46,45,sin_agentes_pendientes,5313,136,401,1.4487367710098624
1207,/home/stack/schl/Escape-Torre-IA/maps/corporate_maze.txt,150,30072,a_star,63,87,0,0.42,46,45,sin_agentes_pendientes,5273,136,390,0.8153037510055583
1208,/home/stack/schl/Escape-Torre-IA/maps/corporate_maze.txt,150,30072,greedy,57,93,0,0.38,46,45,sin_agentes_pendientes,5396,59,469,0.5501749319955707
1209,/home/stack/schl/Escape-Torre-IA/maps/corporate_maze.txt,150,30072,ida_star,63,87,0,0.42,46,45,sin_agentes_pendientes,5294,115,393,3.2793683679774404
1210,/home/stack/schl/Escape-Torre-IA/maps/corporate_maze.txt,150,30072,genetico,63,87,0,0.42,46,45,sin_agentes_pendientes,5316,133,426,2.007349277002504
1211,/home/stack/schl/Escape-Torre-IA/maps/corporate_maze.txt,150,30073,bfs,107,43,0,0.7133333333333334,66,65,sin_agentes_pendientes,5526,596,719,0.900592994003091
1212,/home/stack/schl/Escape-Torre-IA/maps/corporate_maze.txt,150,30073,dfs,40,110,0,0.26666666666666666,66,65,sin_agentes_pendientes,6784,1110,2534,3.3467033769993577
1213,/home/stack/schl/Escape-Torre-IA/maps/corporate_maze.txt,150,30073,ucs,103,47,0,0.6866666666666666,66,65,sin_agentes_pendientes,5563,534,692,1.8841321789950598
1214,/home/stack/schl/Escape-Torre-IA/maps/corporate_maze.txt,150,30073,a_star,103,47,0,0.6866666666666666,66,65,sin_agentes_pendientes,5539,532,688,1.0617088830040302
1215,/home/stack/schl/Escape-Torre-IA/maps/corporate_maze.txt,150,30073,greedy,100,50,0,0.6666666666666666,66,65,sin_agentes_pendientes,5430,553,781,0.8913783289899584
1216,/home/stack/schl/Escape-Torre-IA/maps/corporate_maze.txt,150,30073,ida_star,106,44,0,0.7066666666666667,66,65,sin_agentes_pendientes,5470,556,694,4.6662945020070765
1217,/home/stack/schl/Escape-Torre-IA/maps/corporate_maze.txt,150,30073,genetico,110,40,0,0.7333333333333333,66,65,sin_agentes_pendientes,5839,589,799,2.0413750000006985
1218,/home/stack/schl/Escape-Torre-IA/maps/corporate_maze.txt,150,30074,bfs,145,5,0,0.9666666666666667,85,85,sin_agentes_pendientes,6068,1145,453,0.6932590700162109
1219,/home/stack/schl/Escape-Torre-IA/maps/corporate_maze.txt,150,30074,dfs,76,74,0,0.5066666666666667,120,114,sin_agentes_pendientes,9141,1083,2246,2.592801220016554
1220,/home/stack/schl/Escape-Torre-IA/maps/corporate_maze.txt,150,30074,ucs,143,7,0,0.9533333333333334,84,84,sin_agentes_pendientes,5978,1037,441,1.1886353569861967
1221,/home/stack/schl/Escape-Torre-IA/maps/corporate_maze.txt,150,30074,a_star,143,7,0,0.9533333333333334,84,84,sin_agentes_pendientes,5984,1031,444,0.6270306399965193
1222,/home/stack/schl/Escape-Torre-IA/maps/corporate_maze.txt,150,30074,greedy,131,19,0,0.8733333333333333,81,80,sin_agentes_pendientes,5669,990,565,0.5611546619911678
1223,/home/stack/schl/Escape-Torre-IA/maps/corporate_maze.txt,150,30074,ida_star,145,5,0,0.9666666666666667,85,85,sin_agentes_pendientes,6106,1175,532,3.939725826989161
1224,/home/stack/schl/Escape-Torre-IA/maps/corporate_maze.txt,150,30074,genetico,146,4,0,0.9733333333333334,86,86,sin_agentes_pendientes,6025,1219,1374,1.5628929369850084
1225,/home/stack/schl/Escape-Torre-IA/maps/corporate_maze.txt,150,30075,bfs,66,84,0,0.44,64,60,sin_agentes_pendientes,6014,413,862,1.2554880540119484
1226,/home/stack/schl/Escape-Torre-IA/maps/corporate_maze.txt,150,30075,dfs,26,124,0,0.17333333333333334,64,63,sin_agentes_pendientes,7601,454,1610,3.275258745008614
1227,/home/stack/schl/Escape-Torre-IA/maps/corporate_maze.txt,150,30075,ucs,66,84,0,0.44,64,60,sin_agentes_pendientes,6074,473,874,2.4200376690132543
1228,/home/stack/schl/Escape-Torre-IA/maps/corporate_maze.txt,150,30075,a_star,67,83,0,0.44666666666666666,64,63,sin_agentes_pendientes,6101,478,868,1.4523582390102092
1229,/home/stack/schl/Escape-Torre-IA/maps/corporate_maze.txt,150,30075,greedy,63,87,0,0.42,64,63,sin_agentes_pendientes,5984,611,1125,1.1777660890074912
1230,/home/stack/schl/Escape-Torre-IA/maps/corporate_maze.txt,150,30075,ida_star,66,84,0,0.44,64,63,sin_agentes_pendientes,5961,391,853,8.666333803994348
1231,/home/stack/schl/Escape-Torre-IA/maps/corporate_maze.txt,150,30075,genetico,79,71,0,0.5266666666666666,64,63,sin_agentes_pendientes,6198,536,908,4.0561307210009545
1232,/home/stack/schl/Escape-Torre-IA/maps/corporate_maze.txt,150,30076,bfs,58,92,0,0.38666666666666666,46,40,sin_agentes_pendientes,4590,363,708,0.8801388989959378
1233,/home/stack/schl/Escape-Torre-IA/maps/corporate_maze.txt,150,30076,dfs,22,128,0,0.14666666666666667,46,44,sin_agentes_pendientes,5210,439,1726,2.503701751003973
1234,/home/stack/schl/Escape-Torre-IA/maps/corporate_maze.txt,150,30076,ucs,55,95,0,0.36666666666666664,46,39,sin_agentes_pendientes,4541,356,798,2.1583825520065147
1235,/home/stack/schl/Escape-Torre-IA/maps/corporate_maze.txt,150,30076,a_star,55,95,0,0.36666666666666664,46,39,sin_agentes_pendientes,4544,381,814,1.3177096380095463
1236,/home/stack/schl/Escape-Torre-IA/maps/corporate_maze.txt,150,30076,greedy,59,91,0,0.3933333333333333,46,43,sin_agentes_pendientes,4697,370,737,0.8355348200129811
1237,/home/stack/schl/Escape-Torre-IA/maps/corporate_maze.txt,150,30076,ida_star,55,95,0,0.36666666666666664,46,39,sin_agentes_pendientes,4529,370,809,6.349459788005333
1238,/home/stack/schl/Escape-Torre-IA/maps/corporate_maze.txt,150,30076,genetico,64,86,0,0.4266666666666667,46,44,sin_agentes_pendientes,5000,330,605,2.334270708000986
1239,/home/stack/schl/Escape-Torre-IA/maps/corporate_maze.txt,150,30077,bfs,65,85,0,0.43333333333333335,49,48,sin_agentes_pendientes,4655,536,1028,1.427597161004087
1240,/home/stack/schl/Escape-Torre-IA/maps/corporate_maze.txt,150,30077,dfs,26,124,0,0.17333333333333334,56,55,sin_agentes_pendientes,5400,1356,2512,4.882382166018942
1241,/home/stack/schl/Escape-Torre-IA/maps/corporate_maze.txt,150,30077,ucs,64,86,0,0.4266666666666667,45,44,sin_agentes_pendientes,4701,382,913,2.665639413986355
1242,/home/stack/schl/Escape-Torre-IA/maps/corporate_maze.txt,150,30077,a_star,64,86,0,0.4266666666666667,45,44,sin_agentes_pendientes,4701,390,922,1.751086843025405
1243,/home/stack/schl/Escape-Torre-IA/maps/corporate_maze.txt,150,30077,greedy,61,89,0,0.4066666666666667,53,52,sin_agentes_pendientes,4688,714,1359,1.9753128199954517
1244,/home/stack/schl/Escape-Torre-IA/maps/corporate_maze.txt,150,30077,ida_star,66,84,0,0.44,53,52,sin_agentes_pendientes,4680,750,1306,15.333270648989128
1245,/home/stack/schl/Escape-Torre-IA/maps/corporate_maze.txt,150,30077,genetico,65,85,0,0.43333333333333335,45,44,sin_agentes_pendientes,4859,380,744,3.8728381149994675
1246,/home/stack/schl/Escape-Torre-IA/maps/corporate_maze.txt,150,30078,bfs,45,105,0,0.3,48,43,sin_agentes_pendientes,5200,552,978,1.5022241740080062
1247,/home/stack/schl/Escape-Torre-IA/maps/corporate_maze.txt,150,30078,dfs,16,134,0,0.10666666666666667,48,39,sin_agentes_pendientes,5495,639,1958,3.175221795012476
1248,/home/stack/schl/Escape-Torre-IA/maps/corporate_maze.txt,150,30078,ucs,45,105,0,0.3,48,43,sin_agentes_pendientes,5215,601,1006,3.410329580976395
1249,/home/stack/schl/Escape-Torre-IA/maps/corporate_maze.txt,150,30078,a_star,45,105,0,0.3,48,43,sin_agentes_pendientes,5231,669,1065,2.6048009780060966
1250,/home/stack/schl/Escape-Torre-IA/maps/corporate_maze.txt,150,30078,greedy,44,106,0,0.29333333333333333,48,43,sin_agentes_pendientes,5116,635,1218,1.4651672769978177
1251,/home/stack/schl/Escape-Torre-IA/maps/corporate_maze.txt,150,30078,ida_star,45,105,0,0.3,48,43,sin_agentes_pendientes,5230,670,1077,9.82944810501067
1252,/home/stack/schl/Escape-Torre-IA/maps/corporate_maze.txt,150,30078,genetico,50,100,0,0.3333333333333333,48,47,sin_agentes_pendientes,5452,620,971,5.048128269001609
1253,/home/stack/schl/Escape-Torre-IA/maps/corporate_maze.txt,150,30079,bfs,121,29,0,0.8066666666666666,86,85,sin_agentes_pendientes,5975,859,634,0.8377693340007681
1254,/home/stack/schl/Escape-Torre-IA/maps/corporate_maze.txt,150,30079,dfs,42,108,0,0.28,94,93,sin_agentes_pendientes,8754,788,2422,3.0084309529920574
1255,/home/stack/schl/Escape-Torre-IA/maps/corporate_maze.txt,150,30079,ucs,121,29,0,0.8066666666666666,86,85,sin_agentes_pendientes,6159,847,693,1.5790624789951835
1256,/home/stack/schl/Escape-Torre-IA/maps/corporate_maze.txt,150,30079,a_star,119,31,0,0.7933333333333333,86,85,sin_agentes_pendientes,6131,764,693,0.9744584579893854
1257,/home/stack/schl/Escape-Torre-IA/maps/corporate_maze.txt,150,30079,greedy,115,35,0,0.7666666666666667,86,85,sin_agentes_pendientes,6008,658,682,0.6094420329900458
1258,/home/stack/schl/Escape-Torre-IA/maps/corporate_maze.txt,150,30079,ida_star,120,30,0,0.8,86,85,sin_agentes_pendientes,5990,813,658,7.581614842987619
1259,/home/stack/schl/Escape-Torre-IA/maps/corporate_maze.txt,150,30079,genetico,133,17,0,0.8866666666666667,81,80,sin_agentes_pendientes,6384,1037,1283,2.432425320992479
1260,/home/stack/schl/Escape-Torre-IA/maps/corporate_maze.txt,150,30080,bfs,117,33,0,0.78,79,79,sin_agentes_pendientes,5281,490,373,0.6696680930035654
1261,/home/stack/schl/Escape-Torre-IA/maps/corporate_maze.txt,150,30080,dfs,28,122,0,0.18666666666666668,88,85,sin_agentes_pendientes,9113,362,1578,2.4605219310033135
1262,/home/stack/schl/Escape-Torre-IA/maps/corporate_maze.txt,150,30080,ucs,117,33,0,0.78,88,79,sin_agentes_pendientes,5357,490,366,1.277297697000904
1263,/home/stack/schl/Escape-Torre-IA/maps/corporate_maze.txt,150,30080,a_star,117,33,0,0.78,88,79,sin_agentes_pendientes,5357,490,367,0.6798621190246195
1264,/home/stack/schl/Escape-Torre-IA/maps/corporate_maze.txt,150,30080,greedy,113,37,0,0.7533333333333333,88,73,sin_agentes_pendientes,5858,400,431,0.41776553899399005
1265,/home/stack/schl/Escape-Torre-IA/maps/corporate_maze.txt,150,30080,ida_star,117,33,0,0.78,79,79,sin_agentes_pendientes,5281,490,370,3.471345066995127
1266,/home/stack/schl/Escape-Torre-IA/maps/corporate_maze.txt,150,30080,genetico,138,12,0,0.92,88,87,sin_agentes_pendientes,5988,715,891,1.4347339369996917
1267,/home/stack/schl/Escape-Torre-IA/maps/corporate_maze.txt,150,30081,bfs,120,30,0,0.8,84,80,sin_agentes_pendientes,6290,525,424,0.6951368070149329
1268,/home/stack/schl/Escape-Torre-IA/maps/corporate_maze.txt,150,30081,dfs,44,106,0,0.29333333333333333,84,83,sin_agentes_pendientes,9640,115,1410,2.5156881019938737
1269,/home/stack/schl/Escape-Torre-IA/maps/corporate_maze.txt,150,30081,ucs,118,32,0,0.7866666666666666,84,82,sin_agentes_pendientes,6531,542,492,1.498221720015863
1270,/home/stack/schl/Escape-Torre-IA/maps/corporate_maze.txt,150,30081,a_star,118,32,0,0.7866666666666666,84,82,sin_agentes_pendientes,6472,551,498,0.7051212340011261
1271,/home/stack/schl/Escape-Torre-IA/maps/corporate_maze.txt,150,30081,greedy,101,49,0,0.6733333333333333,84,82,sin_agentes_pendientes,6469,302,615,0.5761812339769676
1272,/home/stack/schl/Escape-Torre-IA/maps/corporate_maze.txt,150,30081,ida_star,117,33,0,0.78,84,81,sin_agentes_pendientes,6305,524,482,4.684537508001085
1273,/home/stack/schl/Escape-Torre-IA/maps/corporate_maze.txt,150,30081,genetico,123,27,0,0.82,84,81,sin_agentes_pendientes,6577,549,835,2.0904614480095915
1274,/home/stack/schl/Escape-Torre-IA/maps/corporate_maze.txt,150,30082,bfs,112,38,0,0.7466666666666667,96,72,sin_agentes_pendientes,5772,799,586,0.8237048109876923
1275,/home/stack/schl/Escape-Torre-IA/maps/corporate_maze.txt,150,30082,dfs,35,115,0,0.23333333333333334,96,92,sin_agentes_pendientes,8311,453,1998,2.787379986984888
1276,/home/stack/schl/Escape-Torre-IA/maps/corporate_maze.txt,150,30082,ucs,112,38,0,0.7466666666666667,73,72,sin_agentes_pendientes,5734,782,587,1.607573688001139
1277,/home/stack/schl/Escape-Torre-IA/maps/corporate_maze.txt,150,30082,a_star,112,38,0,0.7466666666666667,73,72,sin_agentes_pendientes,5764,775,582,0.7756666839995887
1278,/home/stack/schl/Escape-Torre-IA/maps/corporate_maze.txt,150,30082,greedy,108,42,0,0.72,96,85,sin_agentes_pendientes,6439,700,706,0.6817535890149884
1279,/home/stack/schl/Escape-Torre-IA/maps/corporate_maze.txt,150,30082,ida_star,112,38,0,0.7466666666666667,73,72,sin_agentes_pendientes,5757,760,573,8.706803331006086
1280,/home/stack/schl/Escape-Torre-IA/maps/corporate_maze.txt,150,30082,genetico,116,34,0,0.7733333333333333,76,75,sin_agentes_pendientes,5955,905,1152,2.076687081978889
1281,/home/stack/schl/Escape-Torre-IA/maps/corporate_maze.txt,150,30083,bfs,80,70,0,0.5333333333333333,62,55,sin_agentes_pendientes,5821,377,582,0.7680637490120716
1282,/home/stack/schl/Escape-Torre-IA/maps/corporate_maze.txt,150,30083,dfs,19,131,0,0.12666666666666668,67,66,sin_agentes_pendientes,7510,740,2468,3.3724230750231072
1283,/home/stack/schl/Escape-Torre-IA/maps/corporate_maze.txt,150,30083,ucs,81,69,0,0.54,62,55,sin_agentes_pendientes,5919,402,606,1.7453017180087045
1284,/home/stack/schl/Escape-Torre-IA/maps/corporate_maze.txt,150,30083,a_star,81,69,0,0.54,62,55,sin_agentes_pendientes,5915,416,621,0.8499349039921071
1285,/home/stack/schl/Escape-Torre-IA/maps/corporate_maze.txt,150,30083,greedy,78,72,0,0.52,62,55,sin_agentes_pendientes,5851,356,718,0.5830082960019354
1286,/home/stack/schl/Escape-Torre-IA/maps/corporate_maze.txt,150,30083,ida_star,81,69,0,0.54,62,55,sin_agentes_pendientes,5923,408,637,6.739642185013508
1287,/home/stack/schl/Escape-Torre-IA/maps/corporate_maze.txt,150,30083,genetico,85,65,0,0.5666666666666667,62,55,sin_agentes_pendientes,6059,372,693,2.489742345002014
1288,/home/stack/schl/Escape-Torre-IA/maps/corporate_maze.txt,150,30084,bfs,87,63,0,0.58,60,59,sin_agentes_pendientes,5930,471,552,0.7773048279923387
1289,/home/stack/schl/Escape-Torre-IA/maps/corporate_maze.txt,150,30084,dfs,18,132,0,0.12,58,54,sin_agentes_pendientes,6819,228,2047,2.778986844001338
1290,/home/stack/schl/Escape-Torre-IA/maps/corporate_maze.txt,150,30084,ucs,90,60,0,0.6,62,61,sin_agentes_pendientes,5952,487,600,1.6247279000235721
1291,/home/stack/schl/Escape-Torre-IA/maps/corporate_maze.txt,150,30084,a_star,90,60,0,0.6,62,61,sin_agentes_pendientes,5947,478,593,1.0129359130223747
1292,/home/stack/schl/Escape-Torre-IA/maps/corporate_maze.txt,150,30084,greedy,81,69,0,0.54,60,59,sin_agentes_pendientes,6029,448,609,0.6589889859897085
1293,/home/stack/schl/Escape-Torre-IA/maps/corporate_maze.txt,150,30084,ida_star,90,60,0,0.6,62,61,sin_agentes_pendientes,5960,499,606,4.128826407017186
1294,/home/stack/schl/Escape-Torre-IA/maps/corporate_maze.txt,150,30084,genetico,93,57,0,0.62,63,62,sin_agentes_pendientes,6052,773,999,3.16542693800875
1295,/home/stack/schl/Escape-Torre-IA/maps/corporate_maze.txt,150,30085,bfs,94,56,0,0.6266666666666667,82,60,sin_agentes_pendientes,5393,476,823,1.1259801080159377
1296,/home/stack/schl/Escape-Torre-IA/maps/corporate_maze.txt,150,30085,dfs,34,116,0,0.22666666666666666,82,79,sin_agentes_pendientes,8026,1153,3304,4.390209035016596
1297,/home/stack/schl/Escape-Torre-IA/maps/corporate_maze.txt,150,30085,ucs,94,56,0,0.6266666666666667,82,60,sin_agentes_pendientes,5429,510,840,2.3061045139911585
1298,/home/stack/schl/Escape-Torre-IA/maps/corporate_maze.txt,150,30085,a_star,94,56,0,0.6266666666666667,82,60,sin_agentes_pendientes,5445,538,870,1.3120245689933654
1299,/home/stack/schl/Escape-Torre-IA/maps/corporate_maze.txt,150,30085,greedy,90,60,0,0.6,82,60,sin_agentes_pendientes,5646,509,989,0.9289603779907338
1300,/home/stack/schl/Escape-Torre-IA/maps/corporate_maze.txt,150,30085,ida_star,94,56,0,0.6266666666666667,82,60,sin_agentes_pendientes,5365,488,812,15.217303203011397
1301,/home/stack/schl/Escape-Torre-IA/maps/corporate_maze.txt,150,30085,genetico,101,49,0,0.6733333333333333,82,62,sin_agentes_pendientes,5954,540,866,3.0652447619941086
1302,/home/stack/schl/Escape-Torre-IA/maps/corporate_maze.txt,150,30086,bfs,131,19,0,0.8733333333333333,94,78,sin_agentes_pendientes,5929,751,392,0.7021791750157718
1303,/home/stack/schl/Escape-Torre-IA/maps/corporate_maze.txt,150,30086,dfs,42,108,0,0.28,94,93,sin_agentes_pendientes,9204,503,2196,2.7939835310098715
1304,/home/stack/schl/Escape-Torre-IA/maps/corporate_maze.txt,150,30086,ucs,132,18,0,0.88,94,79,sin_agentes_pendientes,5816,778,413,1.2728986529982649
1305,/home/stack/schl/Escape-Torre-IA/maps/corporate_maze.txt,150,30086,a_star,134,16,0,0.8933333333333333,94,80,sin_agentes_pendientes,5820,853,412,0.6306393530103378
1306,/home/stack/schl/Escape-Torre-IA/maps/corporate_maze.txt,150,30086,greedy,132,18,0,0.88,93,93,sin_agentes_pendientes,6236,599,412,0.4547639259835705
1307,/home/stack/schl/Escape-Torre-IA/maps/corporate_maze.txt,150,30086,ida_star,133,17,0,0.8866666666666667,94,79,sin_agentes_pendientes,5736,814,404,3.6075982420006767
1308,/home/stack/schl/Escape-Torre-IA/maps/corporate_maze.txt,150,30086,genetico,134,16,0,0.8933333333333333,94,80,sin_agentes_pendientes,6032,837,1014,1.5164366459939629
1309,/home/stack/schl/Escape-Torre-IA/maps/corporate_maze.txt,150,30087,bfs,75,75,0,0.5,64,59,sin_agentes_pendientes,4754,374,679,0.986467950977385
1310,/home/stack/schl/Escape-Torre-IA/maps/corporate_maze.txt,150,30087,dfs,28,122,0,0.18666666666666668,64,57,sin_agentes_pendientes,5873,1147,2534,2.8983599960047286
1311,/home/stack/schl/Escape-Torre-IA/maps/corporate_maze.txt,150,30087,ucs,75,75,0,0.5,64,59,sin_agentes_pendientes,4787,427,732,1.718945264001377
1312,/home/stack/schl/Escape-Torre-IA/maps/corporate_maze.txt,150,30087,a_star,75,75,0,0.5,64,59,sin_agentes_pendientes,4785,431,742,0.9174143490090501
1313,/home/stack/schl/Escape-Torre-IA/maps/corporate_maze.txt,150,30087,greedy,72,78,0,0.48,64,60,sin_agentes_pendientes,4819,613,986,0.7995471030008048
1314,/home/stack/schl/Escape-Torre-IA/maps/corporate_maze.txt,150,30087,ida_star,75,75,0,0.5,64,59,sin_agentes_pendientes,4746,356,666,6.671358670981135
1315,/home/stack/schl/Escape-Torre-IA/maps/corporate_maze.txt,150,30087,genetico,83,67,0,0.5533333333333333,64,63,sin_agentes_pendientes,5224,334,624,2.102214312995784
1316,/home/stack/schl/Escape-Torre-IA/maps/corporate_maze.txt,150,30088,bfs,128,22,0,0.8533333333333334,86,81,sin_agentes_pendientes,6045,875,522,0.719324075995246
1317,/home/stack/schl/Escape-Torre-IA/maps/corporate_maze.txt,150,30088,dfs,48,102,0,0.32,96,95,sin_agentes_pendientes,9061,915,2293,2.8450464860070497
1318,/home/stack/schl/Escape-Torre-IA/maps/corporate_maze.txt,150,30088,ucs,130,20,0,0.8666666666666667,86,81,sin_agentes_pendientes,6105,892,518,1.2470806849887595
1319,/home/stack/schl/Escape-Torre-IA/maps/corporate_maze.txt,150,30088,a_star,128,22,0,0.8533333333333334,86,81,sin_agentes_pendientes,6177,885,543,0.6523321389977355
1320,/home/stack/schl/Escape-Torre-IA/maps/corporate_maze.txt,150,30088,greedy,112,38,0,0.7466666666666667,86,73,sin_agentes_pendientes,5877,483,527,0.46318499400513247
1321,/home/stack/schl/Escape-Torre-IA/maps/corporate_maze.txt,150,30088,ida_star,124,26,0,0.8266666666666667,86,81,sin_agentes_pendientes,5980,840,539,3.860452856984921
1322,/home/stack/schl/Escape-Torre-IA/maps/corporate_maze.txt,150,30088,genetico,136,14,0,0.9066666666666666,86,83,sin_agentes_pendientes,6250,950,1147,1.7914267670130357
1323,/home/stack/schl/Escape-Torre-IA/maps/corporate_maze.txt,150,30089,bfs,54,96,0,0.36,44,43,sin_agentes_pendientes,4792,429,521,0.7552626200194936
1324,/home/stack/schl/Escape-Torre-IA/maps/corporate_maze.txt,150,30089,dfs,21,129,0,0.14,44,43,sin_agentes_pendientes,5306,133,1309,2.096100725000724
1325,/home/stack/schl/Escape-Torre-IA/maps/corporate_maze.txt,150,30089,ucs,54,96,0,0.36,44,43,sin_agentes_pendientes,4889,382,495,1.5251428259944078
1326,/home/stack/schl/Escape-Torre-IA/maps/corporate_maze.txt,150,30089,a_star,54,96,0,0.36,44,43,sin_agentes_pendientes,4880,391,501,0.776207715010969
1327,/home/stack/schl/Escape-Torre-IA/maps/corporate_maze.txt,150,30089,greedy,52,98,0,0.3466666666666667,44,43,sin_agentes_pendientes,5044,333,567,0.6356660779856611
1328,/home/stack/schl/Escape-Torre-IA/maps/corporate_maze.txt,150,30089,ida_star,54,96,0,0.36,44,43,sin_agentes_pendientes,4891,356,480,4.2368475460098125
1329,/home/stack/schl/Escape-Torre-IA/maps/corporate_maze.txt,150,30089,genetico,55,95,0,0.36666666666666664,44,43,sin_agentes_pendientes,5123,391,716,2.4402390850009397
1330,/home/stack/schl/Escape-Torre-IA/maps/corporate_maze.txt,150,30090,bfs,102,48,0,0.68,70,67,sin_agentes_pendientes,5186,867,925,0.9609700700093526
1331,/home/stack/schl/Escape-Torre-IA/maps/corporate_maze.txt,150,30090,dfs,44,106,0,0.29333333333333333,70,69,sin_agentes_pendientes,6186,1322,2945,3.2604133260028902
1332,/home/stack/schl/Escape-Torre-IA/maps/corporate_maze.txt,150,30090,ucs,106,44,0,0.7066666666666667,70,67,sin_agentes_pendientes,5387,933,963,2.158332443010295
1333,/home/stack/schl/Escape-Torre-IA/maps/corporate_maze.txt,150,30090,a_star,106,44,0,0.7066666666666667,70,67,sin_agentes_pendientes,5344,962,978,1.3810376500186976
1334,/home/stack/schl/Escape-Torre-IA/maps/corporate_maze.txt,150,30090,greedy,91,59,0,0.6066666666666667,70,66,sin_agentes_pendientes,4797,842,979,0.9271063769992907
1335,/home/stack/schl/Escape-Torre-IA/maps/corporate_maze.txt,150,30090,ida_star,104,46,0,0.6933333333333334,70,67,sin_agentes_pendientes,5263,963,978,8.943312670016894
1336,/home/stack/schl/Escape-Torre-IA/maps/corporate_maze.txt,150,30090,genetico,108,42,0,0.72,70,68,sin_agentes_pendientes,5468,1028,1314,3.2827952340012416
1337,/home/stack/schl/Escape-Torre-IA/maps/corporate_maze.txt,150,30091,bfs,52,98,0,0.3466666666666667,54,53,sin_agentes_pendientes,5077,707,1107,1.6366858209948987
1338,/home/stack/schl/Escape-Torre-IA/maps/corporate_maze.txt,150,30091,dfs,16,134,0,0.10666666666666667,54,47,sin_agentes_pendientes,5188,1569,3079,4.9150878509972245
1339,/home/stack/schl/Escape-Torre-IA/maps/corporate_maze.txt,150,30091,ucs,51,99,0,0.34,54,53,sin_agentes_pendientes,5004,730,1157,3.598311558016576
1340,/home/stack/schl/Escape-Torre-IA/maps/corporate_maze.txt,150,30091,a_star,52,98,0,0.3466666666666667,54,53,sin_agentes_pendientes,5032,706,1166,2.4176519520115107
1341,/home/stack/schl/Escape-Torre-IA/maps/corporate_maze.txt,150,30091,greedy,53,97,0,0.35333333333333333,54,53,sin_agentes_pendientes,4574,896,1420,2.1583183299808297
1342,/home/stack/schl/Escape-Torre-IA/maps/corporate_maze.txt,150,30091,ida_star,52,98,0,0.3466666666666667,54,53,sin_agentes_pendientes,4989,715,1168,9.420552310999483
1343,/home/stack/schl/Escape-Torre-IA/maps/corporate_maze.txt,150,30091,genetico,64,86,0,0.4266666666666667,54,53,sin_agentes_pendientes,5304,595,928,3.7287695560080465
1344,/home/stack/schl/Escape-Torre-IA/maps/corporate_maze.txt,150,30092,bfs,113,37,0,0.7533333333333333,74,71,sin_agentes_pendientes,6174,747,391,0.6025324710062705
1345,/home/stack/schl/Escape-Torre-IA/maps/corporate_maze.txt,150,30092,dfs,39,111,0,0.26,74,71,sin_agentes_pendientes,8998,71,1273,2.8952961429895367
1346,/home/stack/schl/Escape-Torre-IA/maps/corporate_maze.txt,150,30092,ucs,119,31,0,0.7933333333333333,75,74,sin_agentes_pendientes,6246,823,441,1.177458439982729
1347,/home/stack/schl/Escape-Torre-IA/maps/corporate_maze.txt,150,30092,a_star,119,31,0,0.7933333333333333,75,74,sin_agentes_pendientes,6246,823,430,0.5814588560024276
1348,/home/stack/schl/Escape-Torre-IA/maps/corporate_maze.txt,150,30092,greedy,102,48,0,0.68,76,75,sin_agentes_pendientes,6508,598,454,0.5086822239973117
1349,/home/stack/schl/Escape-Torre-IA/maps/corporate_maze.txt,150,30092,ida_star,117,33,0,0.78,74,73,sin_agentes_pendientes,6189,778,407,3.541806552995695
1350,/home/stack/schl/Escape-Torre-IA/maps/corporate_maze.txt,150,30092,genetico,119,31,0,0.7933333333333333,75,74,sin_agentes_pendientes,6326,896,1072,1.7980106089962646
1351,/home/stack/schl/Escape-Torre-IA/maps/corporate_maze.txt,150,30093,bfs,55,95,0,0.36666666666666664,53,52,sin_agentes_pendientes,5008,709,1267,1.2263263360073324
1352,/home/stack/schl/Escape-Torre-IA/maps/corporate_maze.txt,150,30093,dfs,21,129,0,0.14,53,52,sin_agentes_pendientes,5476,1250,3165,4.40157633801573
1353,/home/stack/schl/Escape-Torre-IA/maps/corporate_maze.txt,150,30093,ucs,55,95,0,0.36666666666666664,53,52,sin_agentes_pendientes,5001,678,1137,2.71835907100467
1354,/home/stack/schl/Escape-Torre-IA/maps/corporate_maze.txt,150,30093,a_star,55,95,0,0.36666666666666664,53,52,sin_agentes_pendientes,5041,690,1194,2.082433628005674
1355,/home/stack/schl/Escape-Torre-IA/maps/corporate_maze.txt,150,30093,greedy,56,94,0,0.37333333333333335,51,50,sin_agentes_pendientes,5119,686,1422,1.3617566600150894
1356,/home/stack/schl/Escape-Torre-IA/maps/corporate_maze.txt,150,30093,ida_star,55,95,0,0.36666666666666664,53,52,sin_agentes_pendientes,4983,721,1280,17.114322504989104
1357,/home/stack/schl/Escape-Torre-IA/maps/corporate_maze.txt,150,30093,genetico,67,83,0,0.44666666666666666,53,52,sin_agentes_pendientes,5202,727,1094,4.485387886990793
1358,/home/stack/schl/Escape-Torre-IA/maps/corporate_maze.txt,150,30094,bfs,70,80,0,0.4666666666666667,63,62,sin_agentes_pendientes,5631,719,1199,1.5286811080004554
1359,/home/stack/schl/Escape-Torre-IA/maps/corporate_maze.txt,150,30094,dfs,33,117,0,0.22,64,63,sin_agentes_pendientes,6315,1278,2919,4.552868964994559
1360,/home/stack/schl/Escape-Torre-IA/maps/corporate_maze.txt,150,30094,ucs,70,80,0,0.4666666666666667,64,63,sin_agentes_pendientes,5609,723,1193,3.311385512992274
1361,/home/stack/schl/Escape-Torre-IA/maps/corporate_maze.txt,150,30094,a_star,70,80,0,0.4666666666666667,64,63,sin_agentes_pendientes,5587,697,1144,2.291962501971284
1362,/home/stack/schl/Escape-Torre-IA/maps/corporate_maze.txt,150,30094,greedy,58,92,0,0.38666666666666666,63,62,sin_agentes_pendientes,5535,644,1291,1.4219426980125718
1363,/home/stack/schl/Escape-Torre-IA/maps/corporate_maze.txt,150,30094,ida_star,72,78,0,0.48,64,63,sin_agentes_pendientes,5659,729,1190,9.164094520005165
1364,/home/stack/schl/Escape-Torre-IA/maps/corporate_maze.txt,150,30094,genetico,74,76,0,0.49333333333333335,63,62,sin_agentes_pendientes,5848,866,1319,6.628504638996674
1365,/home/stack/schl/Escape-Torre-IA/maps/corporate_maze.txt,150,30095,bfs,100,50,0,0.6666666666666666,65,64,sin_agentes_pendientes,5443,640,665,1.1311647160036955
1366,/home/stack/schl/Escape-Torre-IA/maps/corporate_maze.txt,150,30095,dfs,26,124,0,0.17333333333333334,57,56,sin_agentes_pendientes,6358,944,2523,4.74857179398532
1367,/home/stack/schl/Escape-Torre-IA/maps/corporate_maze.txt,150,30095,ucs,99,51,0,0.66,64,63,sin_agentes_pendientes,5440,644,695,2.2058065489982255
1368,/home/stack/schl/Escape-Torre-IA/maps/corporate_maze.txt,150,30095,a_star,99,51,0,0.66,64,63,sin_agentes_pendientes,5440,656,704,1.728170226997463
1369,/home/stack/schl/Escape-Torre-IA/maps/corporate_maze.txt,150,30095,greedy,85,65,0,0.5666666666666667,59,58,sin_agentes_pendientes,5483,584,797,1.3712946900050156
1370,/home/stack/schl/Escape-Torre-IA/maps/corporate_maze.txt,150,30095,ida_star,97,53,0,0.6466666666666666,63,62,sin_agentes_pendientes,5418,645,704,4.694799062999664
1371,/home/stack/schl/Escape-Torre-IA/maps/corporate_maze.txt,150,30095,genetico,114,36,0,0.76,72,71,sin_agentes_pendientes,5723,1103,1317,4.47856203498668
1372,/home/stack/schl/Escape-Torre-IA/maps/corporate_maze.txt,150,30096,bfs,16,134,0,0.10666666666666667,30,29,sin_agentes_pendientes,3121,723,1590,2.7717149000091013
1373,/home/stack/schl/Escape-Torre-IA/maps/corporate_maze.txt,150,30096,dfs,8,142,0,0.05333333333333334,31,30,sin_agentes_pendientes,3263,928,1906,5.662003379984526
1374,/home/stack/schl/Escape-Torre-IA/maps/corporate_maze.txt,150,30096,ucs,16,134,0,0.10666666666666667,30,29,sin_agentes_pendientes,3131,729,1580,6.7804950720164925
1375,/home/stack/schl/Escape-Torre-IA/maps/corporate_maze.txt,150,30096,a_star,17,133,0,0.11333333333333333,30,29,sin_agentes_pendientes,3170,735,1585,5.670023909013253
1376,/home/stack/schl/Escape-Torre-IA/maps/corporate_maze.txt,150,30096,greedy,16,134,0,0.10666666666666667,30,29,sin_agentes_pendientes,3149,699,1468,3.67862254998181
1377,/home/stack/schl/Escape-Torre-IA/maps/corporate_maze.txt,150,30096,ida_star,17,133,0,0.11333333333333333,30,29,sin_agentes_pendientes,3159,720,1582,18.487972798000555
1378,/home/stack/schl/Escape-Torre-IA/maps/corporate_maze.txt,150,30096,genetico,20,130,0,0.13333333333333333,30,29,sin_agentes_pendientes,3217,742,1349,12.844240701000672
1379,/home/stack/schl/Escape-Torre-IA/maps/corporate_maze.txt,150,30097,bfs,118,32,0,0.7866666666666666,82,73,sin_agentes_pendientes,5869,547,337,0.6545149970042985
1380,/home/stack/schl/Escape-Torre-IA/maps/corporate_maze.txt,150,30097,dfs,24,126,0,0.16,82,81,sin_agentes_pendientes,9053,449,1778,2.429787736997241
1381,/home/stack/schl/Escape-Torre-IA/maps/corporate_maze.txt,150,30097,ucs,119,31,0,0.7933333333333333,82,73,sin_agentes_pendientes,5795,564,364,1.315255605004495
1382,/home/stack/schl/Escape-Torre-IA/maps/corporate_maze.txt,150,30097,a_star,120,30,0,0.8,82,73,sin_agentes_pendientes,5820,570,374,0.6033157500205562
1383,/home/stack/schl/Escape-Torre-IA/maps/corporate_maze.txt,150,30097,greedy,119,31,0,0.7933333333333333,82,81,sin_agentes_pendientes,6448,413,374,0.46656230100779794
1384,/home/stack/schl/Escape-Torre-IA/maps/corporate_maze.txt,150,30097,ida_star,120,30,0,0.8,82,73,sin_agentes_pendientes,5875,559,363,3.6412966850039084
1385,/home/stack/schl/Escape-Torre-IA/maps/corporate_maze.txt,150,30097,genetico,134,16,0,0.8933333333333333,82,80,sin_agentes_pendientes,6216,643,836,1.5476493749883957
1386,/home/stack/schl/Escape-Torre-IA/maps/corporate_maze.txt,150,30098,bfs,69,81,0,0.46,53,52,sin_agentes_pendientes,4789,669,973,1.4035950240213424
1387,/home/stack/schl/Escape-Torre-IA/maps/corporate_maze.txt,150,30098,dfs,20,130,0,0.13333333333333333,60,50,sin_agentes_pendientes,5314,1277,2742,4.060177015984664
1388,/home/stack/schl/Escape-Torre-IA/maps/corporate_maze.txt,150,30098,ucs,71,79,0,0.47333333333333333,60,52,sin_agentes_pendientes,4902,870,1184,2.907116913003847
1389,/home/stack/schl/Escape-Torre-IA/maps/corporate_maze.txt,150,30098,a_star,70,80,0,0.4666666666666667,60,52,sin_agentes_pendientes,4784,899,1223,2.497881518997019
1390,/home/stack/schl/Escape-Torre-IA/maps/corporate_maze.txt,150,30098,greedy,70,80,0,0.4666666666666667,60,57,sin_agentes_pendientes,4879,1078,1449,2.073705513990717
1391,/home/stack/schl/Escape-Torre-IA/maps/corporate_maze.txt,150,30098,ida_star,70,80,0,0.4666666666666667,53,52,sin_agentes_pendientes,4682,628,957,7.467969702993287
1392,/home/stack/schl/Escape-Torre-IA/maps/corporate_maze.txt,150,30098,genetico,70,80,0,0.4666666666666667,60,52,sin_agentes_pendientes,4934,942,1245,6.359012181987055
1393,/home/stack/schl/Escape-Torre-IA/maps/corporate_maze.txt,150,30099,bfs,72,78,0,0.48,56,55,sin_agentes_pendientes,5342,792,1118,1.1281916349835228
1394,/home/stack/schl/Escape-Torre-IA/maps/corporate_maze.txt,150,30099,dfs,24,126,0,0.16,57,56,sin_agentes_pendientes,5868,1402,2785,3.406887960009044
1395,/home/stack/schl/Escape-Torre-IA/maps/corporate_maze.txt,150,30099,ucs,70,80,0,0.4666666666666667,53,52,sin_agentes_pendientes,5354,586,906,2.3348938940034714
1396,/home/stack/schl/Escape-Torre-IA/maps/corporate_maze.txt,150,30099,a_star,70,80,0,0.4666666666666667,53,52,sin_agentes_pendientes,5354,586,906,1.4480889740225393
1397,/home/stack/schl/Escape-Torre-IA/maps/corporate_maze.txt,150,30099,greedy,71,79,0,0.47333333333333333,54,53,sin_agentes_pendientes,5214,644,1100,1.1815118019876536
1398,/home/stack/schl/Escape-Torre-IA/maps/corporate_maze.txt,150,30099,ida_star,70,80,0,0.4666666666666667,53,52,sin_agentes_pendientes,5352,588,912,9.182422304002102
1399,/home/stack/schl/Escape-Torre-IA/maps/corporate_maze.txt,150,30099,genetico,75,75,0,0.5,56,55,sin_agentes_pendientes,5427,746,1117,3.995076468010666
1400,/home/stack/schl/Escape-Torre-IA/maps/open_area.txt,150,30000,bfs,138,12,0,0.92,77,77,sin_agentes_pendientes,4742,1285,568,0.8760459240002092
1401,/home/stack/schl/Escape-Torre-IA/maps/open_area.txt,150,30000,dfs,41,109,0,0.2733333333333333,104,99,sin_agentes_pendientes,6489,248,1756,1.7643351739970967
1402,/home/stack/schl/Escape-Torre-IA/maps/open_area.txt,150,30000,ucs,138,12,0,0.92,77,77,sin_agentes_pendientes,4750,1273,533,1.7254755450121593
1403,/home/stack/schl/Escape-Torre-IA/maps/open_area.txt,150,30000,a_star,138,12,0,0.92,77,77,sin_agentes_pendientes,4730,1273,526,0.6587073609989602
1404,/home/stack/schl/Escape-Torre-IA/maps/open_area.txt,150,30000,greedy,138,12,0,0.92,77,77,sin_agentes_pendientes,4852,1215,525,0.4197281950036995
1405,/home/stack/schl/Escape-Torre-IA/maps/open_area.txt,150,30000,ida_star,138,12,0,0.92,77,77,sin_agentes_pendientes,4732,1271,532,4.870344199996907
1406,/home/stack/schl/Escape-Torre-IA/maps/open_area.txt,150,30000,genetico,150,0,0,1.0,83,83,sin_agentes_pendientes,5312,1481,1631,1.8665686729946174
1407,/home/stack/schl/Escape-Torre-IA/maps/open_area.txt,150,30001,bfs,128,22,0,0.8533333333333334,72,72,sin_agentes_pendientes,4406,1006,465,0.7431832519941963
1408,/home/stack/schl/Escape-Torre-IA/maps/open_area.txt,150,30001,dfs,29,121,0,0.19333333333333333,84,67,sin_agentes_pendientes,5073,311,2124,1.9989368900132831
1409,/home/stack/schl/Escape-Torre-IA/maps/open_area.txt,150,30001,ucs,131,19,0,0.8733333333333333,73,73,sin_agentes_pendientes,4549,1070,490,1.7308811660041101
1410,/home/stack/schl/Escape-Torre-IA/maps/open_area.txt,150,30001,a_star,131,19,0,0.8733333333333333,73,73,sin_agentes_pendientes,4549,1070,490,0.6703957770077977
1411,/home/stack/schl/Escape-Torre-IA/maps/open_area.txt,150,30001,greedy,128,22,0,0.8533333333333334,72,72,sin_agentes_pendientes,4516,896,440,0.35691869698348455
1412,/home/stack/schl/Escape-Torre-IA/maps/open_area.txt,150,30001,ida_star,131,19,0,0.8733333333333333,73,73,sin_agentes_pendientes,4545,1070,489,4.847732455004007
1413,/home/stack/schl/Escape-Torre-IA/maps/open_area.txt,150,30001,genetico,146,4,0,0.9733333333333334,81,81,sin_agentes_pendientes,5253,1370,1529,1.8464089839835651
1414,/home/stack/schl/Escape-Torre-IA/maps/open_area.txt,150,30002,bfs,53,97,0,0.35333333333333333,32,31,sin_agentes_pendientes,3432,79,563,1.1342449660005514
1415,/home/stack/schl/Escape-Torre-IA/maps/open_area.txt,150,30002,dfs,19,131,0,0.12666666666666668,32,29,sin_agentes_pendientes,3981,4,1650,2.1905421929841395
1416,/home/stack/schl/Escape-Torre-IA/maps/open_area.txt,150,30002,ucs,48,102,0,0.32,32,31,sin_agentes_pendientes,3438,74,646,3.2449649990012404
1417,/home/stack/schl/Escape-Torre-IA/maps/open_area.txt,150,30002,a_star,48,102,0,0.32,32,31,sin_agentes_pendientes,3440,72,643,1.173119332990609
1418,/home/stack/schl/Escape-Torre-IA/maps/open_area.txt,150,30002,greedy,50,100,0,0.3333333333333333,32,31,sin_agentes_pendientes,3460,89,597,0.5138620409998111
1419,/home/stack/schl/Escape-Torre-IA/maps/open_area.txt,150,30002,ida_star,53,97,0,0.35333333333333333,32,31,sin_agentes_pendientes,3470,79,559,6.687230976996943
1420,/home/stack/schl/Escape-Torre-IA/maps/open_area.txt,150,30002,genetico,55,95,0,0.36666666666666664,32,31,sin_agentes_pendientes,3763,127,466,2.4398137149983086
1421,/home/stack/schl/Escape-Torre-IA/maps/open_area.txt,150,30003,bfs,32,118,0,0.21333333333333335,28,27,sin_agentes_pendientes,3426,43,690,1.4294639239960816
1422,/home/stack/schl/Escape-Torre-IA/maps/open_area.txt,150,30003,dfs,6,144,0,0.04,28,12,sin_agentes_pendientes,3679,0,1643,1.9805122969846707
1423,/home/stack/schl/Escape-Torre-IA/maps/open_area.txt,150,30003,ucs,32,118,0,0.21333333333333335,28,27,sin_agentes_pendientes,3437,48,635,3.2821933639934286
1424,/home/stack/schl/Escape-Torre-IA/maps/open_area.txt,150,30003,a_star,32,118,0,0.21333333333333335,28,27,sin_agentes_pendientes,3392,51,608,1.370491769979708
1425,/home/stack/schl/Escape-Torre-IA/maps/open_area.txt,150,30003,greedy,32,118,0,0.21333333333333335,28,27,sin_agentes_pendientes,3388,51,666,0.6731610120041296
1426,/home/stack/schl/Escape-Torre-IA/maps/open_area.txt,150,30003,ida_star,33,117,0,0.22,28,27,sin_agentes_pendientes,3368,47,656,8.542387102992507
1427,/home/stack/schl/Escape-Torre-IA/maps/open_area.txt,150,30003,genetico,33,117,0,0.22,28,27,sin_agentes_pendientes,3597,46,414,2.4173032740072813
1428,/home/stack/schl/Escape-Torre-IA/maps/open_area.txt,150,30004,bfs,93,57,0,0.62,57,57,sin_agentes_pendientes,4653,308,712,1.1387432900082786
1429,/home/stack/schl/Escape-Torre-IA/maps/open_area.txt,150,30004,dfs,25,125,0,0.16666666666666666,60,52,sin_agentes_pendientes,6187,129,2392,2.2942699890118092
1430,/home/stack/schl/Escape-Torre-IA/maps/open_area.txt,150,30004,ucs,97,53,0,0.6466666666666666,60,59,sin_agentes_pendientes,5060,575,467,2.101171501999488
1431,/home/stack/schl/Escape-Torre-IA/maps/open_area.txt,150,30004,a_star,97,53,0,0.6466666666666666,60,59,sin_agentes_pendientes,5060,575,467,0.7372793920221739
1432,/home/stack/schl/Escape-Torre-IA/maps/open_area.txt,150,30004,greedy,92,58,0,0.6133333333333333,58,58,sin_agentes_pendientes,4730,255,704,0.41691315002390184
1433,/home/stack/schl/Escape-Torre-IA/maps/open_area.txt,150,30004,ida_star,97,53,0,0.6466666666666666,60,59,sin_agentes_pendientes,4991,508,488,5.643371518992353
1434,/home/stack/schl/Escape-Torre-IA/maps/open_area.txt,150,30004,genetico,98,52,0,0.6533333333333333,60,59,sin_agentes_pendientes,5539,793,957,1.70518115098821
1435,/home/stack/schl/Escape-Torre-IA/maps/open_area.txt,150,30005,bfs,75,75,0,0.5,50,49,sin_agentes_pendientes,4184,160,806,1.5744938399875537
1436,/home/stack/schl/Escape-Torre-IA/maps/open_area.txt,150,30005,dfs,14,136,0,0.09333333333333334,50,49,sin_agentes_pendientes,5588,467,2267,2.7145161889784504
1437,/home/stack/schl/Escape-Torre-IA/maps/open_area.txt,150,30005,ucs,74,76,0,0.49333333333333335,50,49,sin_agentes_pendientes,4084,205,773,3.57888088200707
1438,/home/stack/schl/Escape-Torre-IA/maps/open_area.txt,150,30005,a_star,74,76,0,0.49333333333333335,50,49,sin_agentes_pendientes,4076,201,764,1.2646005059941672
1439,/home/stack/schl/Escape-Torre-IA/maps/open_area.txt,150,30005,greedy,74,76,0,0.49333333333333335,50,49,sin_agentes_pendientes,3999,112,696,0.4515610619855579
1440,/home/stack/schl/Escape-Torre-IA/maps/open_area.txt,150,30005,ida_star,73,77,0,0.4866666666666667,50,49,sin_agentes_pendientes,4017,159,721,8.58389029299724
1441,/home/stack/schl/Escape-Torre-IA/maps/open_area.txt,150,30005,genetico,81,69,0,0.54,50,49,sin_agentes_pendientes,4848,519,744,1.709465097024804
1442,/home/stack/schl/Escape-Torre-IA/maps/open_area.txt,150,30006,bfs,107,43,0,0.7133333333333334,69,68,sin_agentes_pendientes,4224,493,516,0.9759826119989157
1443,/home/stack/schl/Escape-Torre-IA/maps/open_area.txt,150,30006,dfs,25,125,0,0.16666666666666666,76,70,sin_agentes_pendientes,4573,906,2541,2.382270208996488
1444,/home/stack/schl/Escape-Torre-IA/maps/open_area.txt,150,30006,ucs,110,40,0,0.7333333333333333,68,68,sin_agentes_pendientes,4389,552,515,2.6171838750015013
1445,/home/stack/schl/Escape-Torre-IA/maps/open_area.txt,150,30006,a_star,110,40,0,0.7333333333333333,68,68,sin_agentes_pendientes,4381,552,511,0.8357830219902098
1446,/home/stack/schl/Escape-Torre-IA/maps/open_area.txt,150,30006,greedy,109,41,0,0.7266666666666667,69,68,sin_agentes_pendientes,4388,507,497,0.3783895609958563
1447,/home/stack/schl/Escape-Torre-IA/maps/open_area.txt,150,30006,ida_star,109,41,0,0.7266666666666667,68,68,sin_agentes_pendientes,4335,534,495,5.852187148004305
1448,/home/stack/schl/Escape-Torre-IA/maps/open_area.txt,150,30006,genetico,127,23,0,0.8466666666666667,72,72,sin_agentes_pendientes,5102,876,1083,1.9011601980018895
1449,/home/stack/schl/Escape-Torre-IA/maps/open_area.txt,150,30007,bfs,41,109,0,0.2733333333333333,28,27,sin_agentes_pendientes,3135,75,662,1.4741073990007862
1450,/home/stack/schl/Escape-Torre-IA/maps/open_area.txt,150,30007,dfs,14,136,0,0.09333333333333334,28,27,sin_agentes_pendientes,3489,2,1366,1.8171860210131854
1451,/home/stack/schl/Escape-Torre-IA/maps/open_area.txt,150,30007,ucs,41,109,0,0.2733333333333333,28,27,sin_agentes_pendientes,3186,72,687,3.9100544399989303
1452,/home/stack/schl/Escape-Torre-IA/maps/open_area.txt,150,30007,a_star,41,109,0,0.2733333333333333,28,27,sin_agentes_pendientes,3170,72,674,1.4614184849779122
1453,/home/stack/schl/Escape-Torre-IA/maps/open_area.txt,150,30007,greedy,40,110,0,0.26666666666666666,28,27,sin_agentes_pendientes,3147,45,634,0.6025510449835565
1454,/home/stack/schl/Escape-Torre-IA/maps/open_area.txt,150,30007,ida_star,41,109,0,0.2733333333333333,28,27,sin_agentes_pendientes,3172,74,652,23.493020813999465
1455,/home/stack/schl/Escape-Torre-IA/maps/open_area.txt,150,30007,genetico,41,109,0,0.2733333333333333,28,27,sin_agentes_pendientes,3430,126,497,3.2643151369993575
1456,/home/stack/schl/Escape-Torre-IA/maps/open_area.txt,150,30008,bfs,123,27,0,0.82,70,70,sin_agentes_pendientes,4386,810,465,0.9349174069939181
1457,/home/stack/schl/Escape-Torre-IA/maps/open_area.txt,150,30008,dfs,31,119,0,0.20666666666666667,80,74,sin_agentes_pendientes,6088,541,3005,2.4210677110240795
1458,/home/stack/schl/Escape-Torre-IA/maps/open_area.txt,150,30008,ucs,122,28,0,0.8133333333333334,70,70,sin_agentes_pendientes,4400,808,505,2.4306590000051074
1459,/home/stack/schl/Escape-Torre-IA/maps/open_area.txt,150,30008,a_star,122,28,0,0.8133333333333334,70,70,sin_agentes_pendientes,4364,804,483,0.7686593520047609
1460,/home/stack/schl/Escape-Torre-IA/maps/open_area.txt,150,30008,greedy,123,27,0,0.82,70,70,sin_agentes_pendientes,4480,724,408,0.36496952301240526
1461,/home/stack/schl/Escape-Torre-IA/maps/open_area.txt,150,30008,ida_star,123,27,0,0.82,70,70,sin_agentes_pendientes,4360,804,437,5.223837180004921
1462,/home/stack/schl/Escape-Torre-IA/maps/open_area.txt,150,30008,genetico,127,23,0,0.8466666666666667,72,72,sin_agentes_pendientes,4839,955,1164,1.976455297000939
1463,/home/stack/schl/Escape-Torre-IA/maps/open_area.txt,150,30009,bfs,81,69,0,0.54,49,48,sin_agentes_pendientes,4377,219,492,1.0435128289973363
1464,/home/stack/schl/Escape-Torre-IA/maps/open_area.txt,150,30009,dfs,10,140,0,0.06666666666666667,48,47,sin_agentes_pendientes,5658,75,1959,1.816064405022189
1465,/home/stack/schl/Escape-Torre-IA/maps/open_area.txt,150,30009,ucs,80,70,0,0.5333333333333333,50,49,sin_agentes_pendientes,4372,216,510,2.661774553009309
1466,/home/stack/schl/Escape-Torre-IA/maps/open_area.txt,150,30009,a_star,80,70,0,0.5333333333333333,50,49,sin_agentes_pendientes,4364,208,503,0.9711791049921885
1467,/home/stack/schl/Escape-Torre-IA/maps/open_area.txt,150,30009,greedy,78,72,0,0.52,50,49,sin_agentes_pendientes,4305,200,475,0.4747813279973343
1468,/home/stack/schl/Escape-Torre-IA/maps/open_area.txt,150,30009,ida_star,81,69,0,0.54,50,49,sin_agentes_pendientes,4342,214,491,6.139228747022571
1469,/home/stack/schl/Escape-Torre-IA/maps/open_area.txt,150,30009,genetico,81,69,0,0.54,49,48,sin_agentes_pendientes,4846,291,570,1.949632706004195
1470,/home/stack/schl/Escape-Torre-IA/maps/open_area.txt,150,30010,bfs,129,21,0,0.86,76,76,sin_agentes_pendientes,4968,939,440,0.7796451020112727
1471,/home/stack/schl/Escape-Torre-IA/maps/open_area.txt,150,30010,dfs,20,130,0,0.13333333333333333,92,76,sin_agentes_pendientes,6653,113,2021,1.9103201749967411
1472,/home/stack/schl/Escape-Torre-IA/maps/open_area.txt,150,30010,ucs,130,20,0,0.8666666666666667,76,76,sin_agentes_pendientes,5115,945,525,2.3887506300234236
1473,/home/stack/schl/Escape-Torre-IA/maps/open_area.txt,150,30010,a_star,130,20,0,0.8666666666666667,76,76,sin_agentes_pendientes,5115,945,525,0.7557068539899774
1474,/home/stack/schl/Escape-Torre-IA/maps/open_area.txt,150,30010,greedy,129,21,0,0.86,77,77,sin_agentes_pendientes,5108,969,451,0.38251968199620023
1475,/home/stack/schl/Escape-Torre-IA/maps/open_area.txt,150,30010,ida_star,127,23,0,0.8466666666666667,75,75,sin_agentes_pendientes,4954,896,474,5.409844331006752
1476,/home/stack/schl/Escape-Torre-IA/maps/open_area.txt,150,30010,genetico,146,4,0,0.9733333333333334,84,84,sin_agentes_pendientes,5852,1278,1437,1.762184659979539
1477,/home/stack/schl/Escape-Torre-IA/maps/open_area.txt,150,30011,bfs,56,94,0,0.37333333333333335,38,36,sin_agentes_pendientes,3667,86,537,1.0994760259927716
1478,/home/stack/schl/Escape-Torre-IA/maps/open_area.txt,150,30011,dfs,8,142,0,0.05333333333333334,38,35,sin_agentes_pendientes,4542,90,1449,1.775482944009127
1479,/home/stack/schl/Escape-Torre-IA/maps/open_area.txt,150,30011,ucs,55,95,0,0.36666666666666664,38,36,sin_agentes_pendientes,3688,85,596,2.9052450449962635
1480,/home/stack/schl/Escape-Torre-IA/maps/open_area.txt,150,30011,a_star,55,95,0,0.36666666666666664,38,36,sin_agentes_pendientes,3707,88,610,1.064758181979414
1481,/home/stack/schl/Escape-Torre-IA/maps/open_area.txt,150,30011,greedy,54,96,0,0.36,38,37,sin_agentes_pendientes,3725,76,553,0.5114005630020984
1482,/home/stack/schl/Escape-Torre-IA/maps/open_area.txt,150,30011,ida_star,55,95,0,0.36666666666666664,38,36,sin_agentes_pendientes,3688,79,585,7.415890700998716
1483,/home/stack/schl/Escape-Torre-IA/maps/open_area.txt,150,30011,genetico,59,91,0,0.3933333333333333,38,37,sin_agentes_pendientes,4141,138,456,1.8795632910041604
1484,/home/stack/schl/Escape-Torre-IA/maps/open_area.txt,150,30012,bfs,93,57,0,0.62,58,57,sin_agentes_pendientes,4147,833,590,0.7601437330013141
1485,/home/stack/schl/Escape-Torre-IA/maps/open_area.txt,150,30012,dfs,21,129,0,0.14,58,57,sin_agentes_pendientes,4849,356,2292,2.119609865010716
1486,/home/stack/schl/Escape-Torre-IA/maps/open_area.txt,150,30012,ucs,95,55,0,0.6333333333333333,59,58,sin_agentes_pendientes,4251,811,579,2.119814389006933
1487,/home/stack/schl/Escape-Torre-IA/maps/open_area.txt,150,30012,a_star,95,55,0,0.6333333333333333,59,58,sin_agentes_pendientes,4297,813,591,0.784905697015347
1488,/home/stack/schl/Escape-Torre-IA/maps/open_area.txt,150,30012,greedy,92,58,0,0.6133333333333333,58,57,sin_agentes_pendientes,4292,751,549,0.38619207401643507
1489,/home/stack/schl/Escape-Torre-IA/maps/open_area.txt,150,30012,ida_star,95,55,0,0.6333333333333333,59,58,sin_agentes_pendientes,4253,835,588,5.7359207090048585
1490,/home/stack/schl/Escape-Torre-IA/maps/open_area.txt,150,30012,genetico,95,55,0,0.6333333333333333,59,58,sin_agentes_pendientes,4938,1040,1243,1.9120824149867985
1491,/home/stack/schl/Escape-Torre-IA/maps/open_area.txt,150,30013,bfs,62,88,0,0.41333333333333333,40,39,sin_agentes_pendientes,4048,105,694,1.2599833959829994
1492,/home/stack/schl/Escape-Torre-IA/maps/open_area.txt,150,30013,dfs,18,132,0,0.12,40,36,sin_agentes_pendientes,4850,1,1952,1.8169716040138155
1493,/home/stack/schl/Escape-Torre-IA/maps/open_area.txt,150,30013,ucs,58,92,0,0.38666666666666666,40,39,sin_agentes_pendientes,4130,72,726,3.427334626991069
1494,/home/stack/schl/Escape-Torre-IA/maps/open_area.txt,150,30013,a_star,58,92,0,0.38666666666666666,40,39,sin_agentes_pendientes,4072,72,688,1.0111530649883207
1495,/home/stack/schl/Escape-Torre-IA/maps/open_area.txt,150,30013,greedy,60,90,0,0.4,40,39,sin_agentes_pendientes,3968,74,680,0.3738367859914433
1496,/home/stack/schl/Escape-Torre-IA/maps/open_area.txt,150,30013,ida_star,61,89,0,0.4066666666666667,40,39,sin_agentes_pendientes,4052,77,712,8.065053244994488
1497,/home/stack/schl/Escape-Torre-IA/maps/open_area.txt,150,30013,genetico,62,88,0,0.41333333333333333,40,39,sin_agentes_pendientes,4541,198,574,2.0507743769849185
1498,/home/stack/schl/Escape-Torre-IA/maps/open_area.txt,150,30014,bfs,105,45,0,0.7,67,67,sin_agentes_pendientes,4070,278,498,1.0715537150099408
1499,/home/stack/schl/Escape-Torre-IA/maps/open_area.txt,150,30014,dfs,19,131,0,0.12666666666666668,66,59,sin_agentes_pendientes,5107,216,2245,2.036401642981218
1500,/home/stack/schl/Escape-Torre-IA/maps/open_area.txt,150,30014,ucs,103,47,0,0.6866666666666666,67,67,sin_agentes_pendientes,4197,287,550,3.220092631992884
1501,/home/stack/schl/Escape-Torre-IA/maps/open_area.txt,150,30014,a_star,103,47,0,0.6866666666666666,67,67,sin_agentes_pendientes,4197,287,550,0.8995152980205603
1502,/home/stack/schl/Escape-Torre-IA/maps/open_area.txt,150,30014,greedy,104,46,0,0.6933333333333334,68,67,sin_agentes_pendientes,4282,230,465,0.32646078401012346
1503,/home/stack/schl/Escape-Torre-IA/maps/open_area.txt,150,30014,ida_star,106,44,0,0.7066666666666667,67,67,sin_agentes_pendientes,4178,273,530,6.325057501002448
1504,/home/stack/schl/Escape-Torre-IA/maps/open_area.txt,150,30014,genetico,121,29,0,0.8066666666666666,67,67,sin_agentes_pendientes,5001,544,726,1.2888052389898803
1505,/home/stack/schl/Escape-Torre-IA/maps/open_area.txt,150,30015,bfs,57,93,0,0.38,40,38,sin_agentes_pendientes,4267,140,812,1.61238845801563
1506,/home/stack/schl/Escape-Torre-IA/maps/open_area.txt,150,30015,dfs,11,139,0,0.07333333333333333,40,29,sin_agentes_pendientes,4914,3,2129,2.634394891996635
1507,/home/stack/schl/Escape-Torre-IA/maps/open_area.txt,150,30015,ucs,55,95,0,0.36666666666666664,40,37,sin_agentes_pendientes,4286,85,731,3.9849884119757917
1508,/home/stack/schl/Escape-Torre-IA/maps/open_area.txt,150,30015,a_star,56,94,0,0.37333333333333335,40,38,sin_agentes_pendientes,4231,83,717,1.2477812050201464
1509,/home/stack/schl/Escape-Torre-IA/maps/open_area.txt,150,30015,greedy,56,94,0,0.37333333333333335,40,39,sin_agentes_pendientes,4185,49,702,0.5241516539826989
1510,/home/stack/schl/Escape-Torre-IA/maps/open_area.txt,150,30015,ida_star,55,95,0,0.36666666666666664,40,37,sin_agentes_pendientes,4170,101,746,10.574837559019215
1511,/home/stack/schl/Escape-Torre-IA/maps/open_area.txt,150,30015,genetico,58,92,0,0.38666666666666666,40,39,sin_agentes_pendientes,4609,100,545,2.9807239279907662
1512,/home/stack/schl/Escape-Torre-IA/maps/open_area.txt,150,30016,bfs,74,76,0,0.49333333333333335,47,46,sin_agentes_pendientes,4210,309,524,0.9626572680135723
1513,/home/stack/schl/Escape-Torre-IA/maps/open_area.txt,150,30016,dfs,16,134,0,0.10666666666666667,46,38,sin_agentes_pendientes,4568,136,1655,1.645656875014538
1514,/home/stack/schl/Escape-Torre-IA/maps/open_area.txt,150,30016,ucs,74,76,0,0.49333333333333335,47,46,sin_agentes_pendientes,4417,260,583,2.712403229001211
1515,/home/stack/schl/Escape-Torre-IA/maps/open_area.txt,150,30016,a_star,74,76,0,0.49333333333333335,47,46,sin_agentes_pendientes,4417,259,577,0.82111244200496
1516,/home/stack/schl/Escape-Torre-IA/maps/open_area.txt,150,30016,greedy,74,76,0,0.49333333333333335,47,46,sin_agentes_pendientes,4273,213,510,0.37708355399081483
1517,/home/stack/schl/Escape-Torre-IA/maps/open_area.txt,150,30016,ida_star,74,76,0,0.49333333333333335,47,46,sin_agentes_pendientes,4226,251,516,5.691442846000427
1518,/home/stack/schl/Escape-Torre-IA/maps/open_area.txt,150,30016,genetico,74,76,0,0.49333333333333335,47,46,sin_agentes_pendientes,4879,407,707,1.8978906309930608
1519,/home/stack/schl/Escape-Torre-IA/maps/open_area.txt,150,30017,bfs,12,138,0,0.08,22,20,sin_agentes_pendientes,2928,11,703,1.5920295540126972
1520,/home/stack/schl/Escape-Torre-IA/maps/open_area.txt,150,30017,dfs,2,148,0,0.013333333333333334,22,12,sin_agentes_pendientes,2923,2,1412,1.7359647910052445
1521,/home/stack/schl/Escape-Torre-IA/maps/open_area.txt,150,30017,ucs,11,139,0,0.07333333333333333,22,19,sin_agentes_pendientes,2907,3,753,4.54552303001401
1522,/home/stack/schl/Escape-Torre-IA/maps/open_area.txt,150,30017,a_star,11,139,0,0.07333333333333333,22,19,sin_agentes_pendientes,2888,2,737,1.879876973980572
1523,/home/stack/schl/Escape-Torre-IA/maps/open_area.txt,150,30017,greedy,11,139,0,0.07333333333333333,22,20,sin_agentes_pendientes,2939,3,703,0.9114273429731838
1524,/home/stack/schl/Escape-Torre-IA/maps/open_area.txt,150,30017,ida_star,11,139,0,0.07333333333333333,22,19,sin_agentes_pendientes,2880,4,728,9.664075080974726
1525,/home/stack/schl/Escape-Torre-IA/maps/open_area.txt,150,30017,genetico,12,138,0,0.08,22,20,sin_agentes_pendientes,3028,11,395,2.925734853022732
1526,/home/stack/schl/Escape-Torre-IA/maps/open_area.txt,150,30018,bfs,54,96,0,0.36,40,38,sin_agentes_pendientes,4339,111,751,1.2261942259792704
1527,/home/stack/schl/Escape-Torre-IA/maps/open_area.txt,150,30018,dfs,13,137,0,0.08666666666666667,40,39,sin_agentes_pendientes,5139,46,1804,2.367071215994656
1528,/home/stack/schl/Escape-Torre-IA/maps/open_area.txt,150,30018,ucs,52,98,0,0.3466666666666667,40,38,sin_agentes_pendientes,4345,79,688,3.2341212650062516
1529,/home/stack/schl/Escape-Torre-IA/maps/open_area.txt,150,30018,a_star,52,98,0,0.3466666666666667,40,38,sin_agentes_pendientes,4293,71,652,1.1072317219804972
1530,/home/stack/schl/Escape-Torre-IA/maps/open_area.txt,150,30018,greedy,51,99,0,0.34,40,39,sin_agentes_pendientes,4340,66,683,0.5009155650041066
1531,/home/stack/schl/Escape-Torre-IA/maps/open_area.txt,150,30018,ida_star,53,97,0,0.35333333333333333,40,38,sin_agentes_pendientes,4244,86,633,8.200409996992676
1532,/home/stack/schl/Escape-Torre-IA/maps/open_area.txt,150,30018,genetico,56,94,0,0.37333333333333335,40,39,sin_agentes_pendientes,4725,219,465,1.8957793249865063
1533,/home/stack/schl/Escape-Torre-IA/maps/open_area.txt,150,30019,bfs,39,111,0,0.26,34,33,sin_agentes_pendientes,3514,290,1097,2.6411762750067282
1534,/home/stack/schl/Escape-Torre-IA/maps/open_area.txt,150,30019,dfs,11,139,0,0.07333333333333333,34,33,sin_agentes_pendientes,3847,392,2195,3.7666923069918994
1535,/home/stack/schl/Escape-Torre-IA/maps/open_area.txt,150,30019,ucs,38,112,0,0.25333333333333335,33,32,sin_agentes_pendientes,3544,243,1098,6.410575485002482
1536,/home/stack/schl/Escape-Torre-IA/maps/open_area.txt,150,30019,a_star,38,112,0,0.25333333333333335,33,32,sin_agentes_pendientes,3451,213,1012,3.575476255005924
1537,/home/stack/schl/Escape-Torre-IA/maps/open_area.txt,150,30019,greedy,35,115,0,0.23333333333333334,34,33,sin_agentes_pendientes,3469,235,1032,1.7219020759803243
1538,/home/stack/schl/Escape-Torre-IA/maps/open_area.txt,150,30019,ida_star,38,112,0,0.25333333333333335,33,32,sin_agentes_pendientes,3432,184,966,87.42481586697977
1539,/home/stack/schl/Escape-Torre-IA/maps/open_area.txt,150,30019,genetico,43,107,0,0.2866666666666667,34,33,sin_agentes_pendientes,3849,461,985,8.47559034198639
1540,/home/stack/schl/Escape-Torre-IA/maps/open_area.txt,150,30020,bfs,121,29,0,0.8066666666666666,69,69,sin_agentes_pendientes,4391,887,514,0.7630486359994393
1541,/home/stack/schl/Escape-Torre-IA/maps/open_area.txt,150,30020,dfs,27,123,0,0.18,70,61,sin_agentes_pendientes,5996,121,2342,1.9881263359857257
1542,/home/stack/schl/Escape-Torre-IA/maps/open_area.txt,150,30020,ucs,121,29,0,0.8066666666666666,70,69,sin_agentes_pendientes,4498,994,516,1.720412030001171
1543,/home/stack/schl/Escape-Torre-IA/maps/open_area.txt,150,30020,a_star,121,29,0,0.8066666666666666,70,69,sin_agentes_pendientes,4490,994,515,0.6568233080033679
1544,/home/stack/schl/Escape-Torre-IA/maps/open_area.txt,150,30020,greedy,120,30,0,0.8,70,69,sin_agentes_pendientes,4421,864,478,0.40364677301840857
1545,/home/stack/schl/Escape-Torre-IA/maps/open_area.txt,150,30020,ida_star,121,29,0,0.8066666666666666,70,69,sin_agentes_pendientes,4455,963,530,5.751869997009635
1546,/home/stack/schl/Escape-Torre-IA/maps/open_area.txt,150,30020,genetico,121,29,0,0.8066666666666666,70,69,sin_agentes_pendientes,5135,1491,1643,1.9281487580155954
1547,/home/stack/schl/Escape-Torre-IA/maps/open_area.txt,150,30021,bfs,70,80,0,0.4666666666666667,48,47,sin_agentes_pendientes,4463,223,651,1.1922736580017954
1548,/home/stack/schl/Escape-Torre-IA/maps/open_area.txt,150,30021,dfs,20,130,0,0.13333333333333333,48,47,sin_agentes_pendientes,5532,128,1722,1.913380717014661
1549,/home/stack/schl/Escape-Torre-IA/maps/open_area.txt,150,30021,ucs,71,79,0,0.47333333333333333,48,47,sin_agentes_pendientes,4706,365,502,2.499197388999164
1550,/home/stack/schl/Escape-Torre-IA/maps/open_area.txt,150,30021,a_star,71,79,0,0.47333333333333333,48,47,sin_agentes_pendientes,4658,343,487,0.9432425819977652
1551,/home/stack/schl/Escape-Torre-IA/maps/open_area.txt,150,30021,greedy,66,84,0,0.44,48,47,sin_agentes_pendientes,4503,200,623,0.4784881990053691
1552,/home/stack/schl/Escape-Torre-IA/maps/open_area.txt,150,30021,ida_star,71,79,0,0.47333333333333333,48,47,sin_agentes_pendientes,4643,286,545,6.752065448992653
1553,/home/stack/schl/Escape-Torre-IA/maps/open_area.txt,150,30021,genetico,73,77,0,0.4866666666666667,48,47,sin_agentes_pendientes,5162,550,757,1.7960574759927113
1554,/home/stack/schl/Escape-Torre-IA/maps/open_area.txt,150,30022,bfs,101,49,0,0.6733333333333333,62,61,sin_agentes_pendientes,4083,443,523,1.3097628950199578
1555,/home/stack/schl/Escape-Torre-IA/maps/open_area.txt,150,30022,dfs,27,123,0,0.18,62,58,sin_agentes_pendientes,4870,657,2685,2.4915568090218585
1556,/home/stack/schl/Escape-Torre-IA/maps/open_area.txt,150,30022,ucs,101,49,0,0.6733333333333333,61,60,sin_agentes_pendientes,4283,440,557,2.9467976699816063
1557,/home/stack/schl/Escape-Torre-IA/maps/open_area.txt,150,30022,a_star,101,49,0,0.6733333333333333,61,60,sin_agentes_pendientes,4255,438,541,0.870832665998023
1558,/home/stack/schl/Escape-Torre-IA/maps/open_area.txt,150,30022,greedy,100,50,0,0.6666666666666666,62,61,sin_agentes_pendientes,4129,340,472,0.3914073549967725
1559,/home/stack/schl/Escape-Torre-IA/maps/open_area.txt,150,30022,ida_star,99,51,0,0.66,61,60,sin_agentes_pendientes,4119,427,532,6.764369737997185
1560,/home/stack/schl/Escape-Torre-IA/maps/open_area.txt,150,30022,genetico,104,46,0,0.6933333333333334,62,61,sin_agentes_pendientes,4947,698,917,1.818064997001784
1561,/home/stack/schl/Escape-Torre-IA/maps/open_area.txt,150,30023,bfs,65,85,0,0.43333333333333335,42,41,sin_agentes_pendientes,3561,109,844,1.4557755309797358
1562,/home/stack/schl/Escape-Torre-IA/maps/open_area.txt,150,30023,dfs,18,132,0,0.12,42,29,sin_agentes_pendientes,4327,372,2122,2.959164055995643
1563,/home/stack/schl/Escape-Torre-IA/maps/open_area.txt,150,30023,ucs,67,83,0,0.44666666666666666,42,41,sin_agentes_pendientes,3624,243,575,2.9039317229762673
1564,/home/stack/schl/Escape-Torre-IA/maps/open_area.txt,150,30023,a_star,67,83,0,0.44666666666666666,42,41,sin_agentes_pendientes,3616,243,572,0.9135024400020484
1565,/home/stack/schl/Escape-Torre-IA/maps/open_area.txt,150,30023,greedy,62,88,0,0.41333333333333333,42,41,sin_agentes_pendientes,3622,106,858,0.5321515700197779
1566,/home/stack/schl/Escape-Torre-IA/maps/open_area.txt,150,30023,ida_star,67,83,0,0.44666666666666666,42,41,sin_agentes_pendientes,3549,148,746,11.131547200027853
1567,/home/stack/schl/Escape-Torre-IA/maps/open_area.txt,150,30023,genetico,70,80,0,0.4666666666666667,42,41,sin_agentes_pendientes,4205,372,594,1.953892238001572
1568,/home/stack/schl/Escape-Torre-IA/maps/open_area.txt,150,30024,bfs,96,54,0,0.64,55,55,sin_agentes_pendientes,3839,504,627,1.2900004009716213
1569,/home/stack/schl/Escape-Torre-IA/maps/open_area.txt,150,30024,dfs,13,137,0,0.08666666666666667,48,46,sin_agentes_pendientes,4793,771,2322,2.9810334799985867
1570,/home/stack/schl/Escape-Torre-IA/maps/open_area.txt,150,30024,ucs,103,47,0,0.6866666666666666,58,58,sin_agentes_pendientes,4083,650,631,2.9167849749792367
1571,/home/stack/schl/Escape-Torre-IA/maps/open_area.txt,150,30024,a_star,103,47,0,0.6866666666666666,58,58,sin_agentes_pendientes,4039,646,614,0.9866629269963596
1572,/home/stack/schl/Escape-Torre-IA/maps/open_area.txt,150,30024,greedy,93,57,0,0.62,53,53,sin_agentes_pendientes,3856,389,568,0.43353910799487494
1573,/home/stack/schl/Escape-Torre-IA/maps/open_area.txt,150,30024,ida_star,102,48,0,0.68,58,58,sin_agentes_pendientes,4019,625,588,6.443935865012463
1574,/home/stack/schl/Escape-Torre-IA/maps/open_area.txt,150,30024,genetico,105,45,0,0.7,60,59,sin_agentes_pendientes,4505,888,1077,2.0433462469954975
1575,/home/stack/schl/Escape-Torre-IA/maps/open_area.txt,150,30025,bfs,110,40,0,0.7333333333333333,63,63,sin_agentes_pendientes,4392,539,461,0.9074738749768585
1576,/home/stack/schl/Escape-Torre-IA/maps/open_area.txt,150,30025,dfs,25,125,0,0.16666666666666666,66,65,sin_agentes_pendientes,5097,1136,3373,3.4494573890115134
1577,/home/stack/schl/Escape-Torre-IA/maps/open_area.txt,150,30025,ucs,119,31,0,0.7933333333333333,68,68,sin_agentes_pendientes,4726,616,462,2.1247060910100117
1578,/home/stack/schl/Escape-Torre-IA/maps/open_area.txt,150,30025,a_star,119,31,0,0.7933333333333333,68,68,sin_agentes_pendientes,4726,616,468,0.7693517159787007
1579,/home/stack/schl/Escape-Torre-IA/maps/open_area.txt,150,30025,greedy,107,43,0,0.7133333333333334,62,62,sin_agentes_pendientes,4400,424,490,0.36846409502322786
1580,/home/stack/schl/Escape-Torre-IA/maps/open_area.txt,150,30025,ida_star,113,37,0,0.7533333333333333,65,65,sin_agentes_pendientes,4445,556,455,5.238535454001976
1581,/home/stack/schl/Escape-Torre-IA/maps/open_area.txt,150,30025,genetico,126,24,0,0.84,72,71,sin_agentes_pendientes,5204,903,1070,1.5243448580149561
1582,/home/stack/schl/Escape-Torre-IA/maps/open_area.txt,150,30026,bfs,103,47,0,0.6866666666666666,62,61,sin_agentes_pendientes,4578,678,469,0.8014310630096588
1583,/home/stack/schl/Escape-Torre-IA/maps/open_area.txt,150,30026,dfs,12,138,0,0.08,62,44,sin_agentes_pendientes,4784,189,1776,1.5807078880025074
1584,/home/stack/schl/Escape-Torre-IA/maps/open_area.txt,150,30026,ucs,103,47,0,0.6866666666666666,62,61,sin_agentes_pendientes,4721,665,528,2.3326557769905776
1585,/home/stack/schl/Escape-Torre-IA/maps/open_area.txt,150,30026,a_star,103,47,0,0.6866666666666666,62,61,sin_agentes_pendientes,4711,651,512,0.8700098099943716
1586,/home/stack/schl/Escape-Torre-IA/maps/open_area.txt,150,30026,greedy,103,47,0,0.6866666666666666,62,61,sin_agentes_pendientes,4634,606,429,0.3725176480074879
1587,/home/stack/schl/Escape-Torre-IA/maps/open_area.txt,150,30026,ida_star,103,47,0,0.6866666666666666,62,61,sin_agentes_pendientes,4573,643,468,5.67716018599458
1588,/home/stack/schl/Escape-Torre-IA/maps/open_area.txt,150,30026,genetico,103,47,0,0.6866666666666666,62,61,sin_agentes_pendientes,5441,741,933,1.7573142260080203
1589,/home/stack/schl/Escape-Torre-IA/maps/open_area.txt,150,30027,bfs,123,27,0,0.82,70,70,sin_agentes_pendientes,4501,727,429,1.0347604469861835
1590,/home/stack/schl/Escape-Torre-IA/maps/open_area.txt,150,30027,dfs,32,118,0,0.21333333333333335,86,65,sin_agentes_pendientes,5106,431,2271,2.32695845598937
1591,/home/stack/schl/Escape-Torre-IA/maps/open_area.txt,150,30027,ucs,126,24,0,0.84,71,71,sin_agentes_pendientes,4583,808,465,2.091801578004379
1592,/home/stack/schl/Escape-Torre-IA/maps/open_area.txt,150,30027,a_star,126,24,0,0.84,71,71,sin_agentes_pendientes,4583,808,465,0.8909200179914478
1593,/home/stack/schl/Escape-Torre-IA/maps/open_area.txt,150,30027,greedy,122,28,0,0.8133333333333334,69,69,sin_agentes_pendientes,4548,579,383,0.4188969859969802
1594,/home/stack/schl/Escape-Torre-IA/maps/open_area.txt,150,30027,ida_star,126,24,0,0.84,71,71,sin_agentes_pendientes,4545,804,458,5.75022068398539
1595,/home/stack/schl/Escape-Torre-IA/maps/open_area.txt,150,30027,genetico,139,11,0,0.9266666666666666,78,78,sin_agentes_pendientes,5175,1131,1299,1.755155549995834
1596,/home/stack/schl/Escape-Torre-IA/maps/open_area.txt,150,30028,bfs,19,131,0,0.12666666666666668,26,25,sin_agentes_pendientes,3268,11,577,1.5855036830180325
1597,/home/stack/schl/Escape-Torre-IA/maps/open_area.txt,150,30028,dfs,2,148,0,0.013333333333333334,26,23,sin_agentes_pendientes,3528,0,1342,2.1523075029836036
1598,/home/stack/schl/Escape-Torre-IA/maps/open_area.txt,150,30028,ucs,19,131,0,0.12666666666666668,26,25,sin_agentes_pendientes,3313,21,594,3.8306033879925963
1599,/home/stack/schl/Escape-Torre-IA/maps/open_area.txt,150,30028,a_star,19,131,0,0.12666666666666668,26,25,sin_agentes_pendientes,3302,26,595,1.6545845220098272
1600,/home/stack/schl/Escape-Torre-IA/maps/open_area.txt,150,30028,greedy,15,135,0,0.1,26,23,sin_agentes_pendientes,3275,16,590,0.846011487999931
1601,/home/stack/schl/Escape-Torre-IA/maps/open_area.txt,150,30028,ida_star,19,131,0,0.12666666666666668,26,25,sin_agentes_pendientes,3281,27,584,8.628154201986035
1602,/home/stack/schl/Escape-Torre-IA/maps/open_area.txt,150,30028,genetico,21,129,0,0.14,26,25,sin_agentes_pendientes,3543,17,441,3.3471537370060105
1603,/home/stack/schl/Escape-Torre-IA/maps/open_area.txt,150,30029,bfs,139,11,0,0.9266666666666666,76,76,sin_agentes_pendientes,4970,931,419,0.7936504590034019
1604,/home/stack/schl/Escape-Torre-IA/maps/open_area.txt,150,30029,dfs,39,111,0,0.26,106,100,sin_agentes_pendientes,7073,103,2575,2.5958360740041826
1605,/home/stack/schl/Escape-Torre-IA/maps/open_area.txt,150,30029,ucs,141,9,0,0.94,77,77,sin_agentes_pendientes,5060,947,427,1.5917869829863776
1606,/home/stack/schl/Escape-Torre-IA/maps/open_area.txt,150,30029,a_star,141,9,0,0.94,77,77,sin_agentes_pendientes,5060,947,427,0.6664206570130773
1607,/home/stack/schl/Escape-Torre-IA/maps/open_area.txt,150,30029,greedy,139,11,0,0.9266666666666666,78,78,sin_agentes_pendientes,5142,922,406,0.3592924909899011
1608,/home/stack/schl/Escape-Torre-IA/maps/open_area.txt,150,30029,ida_star,141,9,0,0.94,77,77,sin_agentes_pendientes,5048,955,429,4.715233333001379
1609,/home/stack/schl/Escape-Torre-IA/maps/open_area.txt,150,30029,genetico,149,1,0,0.9933333333333333,81,81,sin_agentes_pendientes,5447,1068,1220,1.5488212000054773
1610,/home/stack/schl/Escape-Torre-IA/maps/open_area.txt,150,30030,bfs,131,19,0,0.8733333333333333,76,76,sin_agentes_pendientes,4659,1293,532,0.7793096420064103
1611,/home/stack/schl/Escape-Torre-IA/maps/open_area.txt,150,30030,dfs,20,130,0,0.13333333333333333,74,73,sin_agentes_pendientes,5901,712,2475,2.616850014019292
1612,/home/stack/schl/Escape-Torre-IA/maps/open_area.txt,150,30030,ucs,130,20,0,0.8666666666666667,75,75,sin_agentes_pendientes,4650,1277,557,1.8513059179822449
1613,/home/stack/schl/Escape-Torre-IA/maps/open_area.txt,150,30030,a_star,130,20,0,0.8666666666666667,75,75,sin_agentes_pendientes,4654,1277,559,0.6275224970013369
1614,/home/stack/schl/Escape-Torre-IA/maps/open_area.txt,150,30030,greedy,130,20,0,0.8666666666666667,75,75,sin_agentes_pendientes,4776,1161,491,0.3819133200158831
1615,/home/stack/schl/Escape-Torre-IA/maps/open_area.txt,150,30030,ida_star,130,20,0,0.8666666666666667,75,75,sin_agentes_pendientes,4628,1281,562,5.145009227999253
1616,/home/stack/schl/Escape-Torre-IA/maps/open_area.txt,150,30030,genetico,144,6,0,0.96,82,82,sin_agentes_pendientes,5291,1624,1783,2.1241025679919403
1617,/home/stack/schl/Escape-Torre-IA/maps/open_area.txt,150,30031,bfs,52,98,0,0.3466666666666667,40,39,sin_agentes_pendientes,3860,67,1000,2.0018398360116407
1618,/home/stack/schl/Escape-Torre-IA/maps/open_area.txt,150,30031,dfs,14,136,0,0.09333333333333334,40,38,sin_agentes_pendientes,5190,16,1719,1.8727610499772709
1619,/home/stack/schl/Escape-Torre-IA/maps/open_area.txt,150,30031,ucs,58,92,0,0.38666666666666666,40,39,sin_agentes_pendientes,4098,63,834,4.404160956008127
1620,/home/stack/schl/Escape-Torre-IA/maps/open_area.txt,150,30031,a_star,58,92,0,0.38666666666666666,40,39,sin_agentes_pendientes,4039,62,806,1.3228640090092085
1621,/home/stack/schl/Escape-Torre-IA/maps/open_area.txt,150,30031,greedy,52,98,0,0.3466666666666667,40,39,sin_agentes_pendientes,3771,47,920,0.5090698139974847
1622,/home/stack/schl/Escape-Torre-IA/maps/open_area.txt,150,30031,ida_star,54,96,0,0.36,40,39,sin_agentes_pendientes,3896,62,804,10.25406569801271
1623,/home/stack/schl/Escape-Torre-IA/maps/open_area.txt,150,30031,genetico,61,89,0,0.4066666666666667,40,39,sin_agentes_pendientes,4523,168,452,1.6892078160017263
1624,/home/stack/schl/Escape-Torre-IA/maps/open_area.txt,150,30032,bfs,54,96,0,0.36,40,39,sin_agentes_pendientes,3894,330,629,1.18307237199042
1625,/home/stack/schl/Escape-Torre-IA/maps/open_area.txt,150,30032,dfs,12,138,0,0.08,40,37,sin_agentes_pendientes,5084,1,1665,1.7753861990058795
1626,/home/stack/schl/Escape-Torre-IA/maps/open_area.txt,150,30032,ucs,54,96,0,0.36,40,39,sin_agentes_pendientes,4064,358,643,3.0955960610008333
1627,/home/stack/schl/Escape-Torre-IA/maps/open_area.txt,150,30032,a_star,54,96,0,0.36,40,39,sin_agentes_pendientes,4040,358,630,1.0907162989897188
1628,/home/stack/schl/Escape-Torre-IA/maps/open_area.txt,150,30032,greedy,53,97,0,0.35333333333333333,40,39,sin_agentes_pendientes,3911,249,583,0.44206857998506166
1629,/home/stack/schl/Escape-Torre-IA/maps/open_area.txt,150,30032,ida_star,54,96,0,0.36,40,39,sin_agentes_pendientes,3966,348,598,7.736661757982802
1630,/home/stack/schl/Escape-Torre-IA/maps/open_area.txt,150,30032,genetico,54,96,0,0.36,40,39,sin_agentes_pendientes,4533,495,798,2.4112898080202285
1631,/home/stack/schl/Escape-Torre-IA/maps/open_area.txt,150,30033,bfs,83,67,0,0.5533333333333333,54,53,sin_agentes_pendientes,4368,517,582,1.0130970510072075
1632,/home/stack/schl/Escape-Torre-IA/maps/open_area.txt,150,30033,dfs,10,140,0,0.06666666666666667,54,47,sin_agentes_pendientes,5543,529,2721,3.113809823000338
1633,/home/stack/schl/Escape-Torre-IA/maps/open_area.txt,150,30033,ucs,83,67,0,0.5533333333333333,54,53,sin_agentes_pendientes,4542,505,591,2.5720692509785295
1634,/home/stack/schl/Escape-Torre-IA/maps/open_area.txt,150,30033,a_star,83,67,0,0.5533333333333333,54,53,sin_agentes_pendientes,4499,460,523,0.8205658899969421
1635,/home/stack/schl/Escape-Torre-IA/maps/open_area.txt,150,30033,greedy,83,67,0,0.5533333333333333,54,53,sin_agentes_pendientes,4491,332,495,0.3728725470136851
1636,/home/stack/schl/Escape-Torre-IA/maps/open_area.txt,150,30033,ida_star,83,67,0,0.5533333333333333,54,53,sin_agentes_pendientes,4568,471,563,6.241397053992841
1637,/home/stack/schl/Escape-Torre-IA/maps/open_area.txt,150,30033,genetico,83,67,0,0.5533333333333333,54,53,sin_agentes_pendientes,4985,712,974,2.0851947379997
1638,/home/stack/schl/Escape-Torre-IA/maps/open_area.txt,150,30034,bfs,107,43,0,0.7133333333333334,63,62,sin_agentes_pendientes,4361,567,383,0.7849103759799618
1639,/home/stack/schl/Escape-Torre-IA/maps/open_area.txt,150,30034,dfs,19,131,0,0.12666666666666668,61,60,sin_agentes_pendientes,5979,173,1901,1.7479813729878515
1640,/home/stack/schl/Escape-Torre-IA/maps/open_area.txt,150,30034,ucs,104,46,0,0.6933333333333334,61,60,sin_agentes_pendientes,4475,502,413,1.8541080660070293
1641,/home/stack/schl/Escape-Torre-IA/maps/open_area.txt,150,30034,a_star,104,46,0,0.6933333333333334,61,60,sin_agentes_pendientes,4475,502,413,0.5826643019972835
1642,/home/stack/schl/Escape-Torre-IA/maps/open_area.txt,150,30034,greedy,105,45,0,0.7,62,61,sin_agentes_pendientes,4438,517,393,0.3241299679793883
1643,/home/stack/schl/Escape-Torre-IA/maps/open_area.txt,150,30034,ida_star,104,46,0,0.6933333333333334,61,60,sin_agentes_pendientes,4428,488,396,4.719360509014223
1644,/home/stack/schl/Escape-Torre-IA/maps/open_area.txt,150,30034,genetico,106,44,0,0.7066666666666667,62,61,sin_agentes_pendientes,5151,833,1031,1.6933915659901686
1645,/home/stack/schl/Escape-Torre-IA/maps/open_area.txt,150,30035,bfs,55,95,0,0.36666666666666664,38,37,sin_agentes_pendientes,3774,70,581,1.3910306119942106
1646,/home/stack/schl/Escape-Torre-IA/maps/open_area.txt,150,30035,dfs,12,138,0,0.08,38,26,sin_agentes_pendientes,4599,112,1671,1.9333780849992763
1647,/home/stack/schl/Escape-Torre-IA/maps/open_area.txt,150,30035,ucs,56,94,0,0.37333333333333335,38,37,sin_agentes_pendientes,3893,71,603,3.214479404996382
1648,/home/stack/schl/Escape-Torre-IA/maps/open_area.txt,150,30035,a_star,56,94,0,0.37333333333333335,38,37,sin_agentes_pendientes,3848,68,572,0.8851206270046532
1649,/home/stack/schl/Escape-Torre-IA/maps/open_area.txt,150,30035,greedy,52,98,0,0.3466666666666667,38,37,sin_agentes_pendientes,3764,52,547,0.45633891099714674
1650,/home/stack/schl/Escape-Torre-IA/maps/open_area.txt,150,30035,ida_star,56,94,0,0.37333333333333335,38,37,sin_agentes_pendientes,3771,73,566,7.4153004519757815
1651,/home/stack/schl/Escape-Torre-IA/maps/open_area.txt,150,30035,genetico,59,91,0,0.3933333333333333,38,37,sin_agentes_pendientes,4325,112,484,2.256991102010943
1652,/home/stack/schl/Escape-Torre-IA/maps/open_area.txt,150,30036,bfs,38,112,0,0.25333333333333335,30,29,sin_agentes_pendientes,3350,166,772,2.0159783819981385
1653,/home/stack/schl/Escape-Torre-IA/maps/open_area.txt,150,30036,dfs,5,145,0,0.03333333333333333,30,22,sin_agentes_pendientes,3735,224,2161,3.7035421039909124
1654,/home/stack/schl/Escape-Torre-IA/maps/open_area.txt,150,30036,ucs,38,112,0,0.25333333333333335,30,29,sin_agentes_pendientes,3342,166,851,5.321033965010429
1655,/home/stack/schl/Escape-Torre-IA/maps/open_area.txt,150,30036,a_star,38,112,0,0.25333333333333335,30,29,sin_agentes_pendientes,3338,164,852,2.462563252018299
1656,/home/stack/schl/Escape-Torre-IA/maps/open_area.txt,150,30036,greedy,37,113,0,0.24666666666666667,30,29,sin_agentes_pendientes,3273,130,764,1.2234369380166754
1657,/home/stack/schl/Escape-Torre-IA/maps/open_area.txt,150,30036,ida_star,38,112,0,0.25333333333333335,30,29,sin_agentes_pendientes,3268,152,820,18.275217009999324
1658,/home/stack/schl/Escape-Torre-IA/maps/open_area.txt,150,30036,genetico,38,112,0,0.25333333333333335,30,29,sin_agentes_pendientes,3663,239,690,6.232494577008765
1659,/home/stack/schl/Escape-Torre-IA/maps/open_area.txt,150,30037,bfs,109,41,0,0.7266666666666667,69,69,sin_agentes_pendientes,4119,670,483,1.1021149540029
1660,/home/stack/schl/Escape-Torre-IA/maps/open_area.txt,150,30037,dfs,17,133,0,0.11333333333333333,70,61,sin_agentes_pendientes,4973,440,2532,2.8902114369848277
1661,/home/stack/schl/Escape-Torre-IA/maps/open_area.txt,150,30037,ucs,112,38,0,0.7466666666666667,69,69,sin_agentes_pendientes,4279,716,475,2.439399605995277
1662,/home/stack/schl/Escape-Torre-IA/maps/open_area.txt,150,30037,a_star,112,38,0,0.7466666666666667,69,69,sin_agentes_pendientes,4275,718,489,0.7718629430164583
1663,/home/stack/schl/Escape-Torre-IA/maps/open_area.txt,150,30037,greedy,110,40,0,0.7333333333333333,69,69,sin_agentes_pendientes,4266,637,479,0.44858351699076593
1664,/home/stack/schl/Escape-Torre-IA/maps/open_area.txt,150,30037,ida_star,112,38,0,0.7466666666666667,69,69,sin_agentes_pendientes,4248,729,494,5.842803987005027
1665,/home/stack/schl/Escape-Torre-IA/maps/open_area.txt,150,30037,genetico,130,20,0,0.8666666666666667,74,74,sin_agentes_pendientes,5024,1048,1267,1.9933172859891783
1666,/home/stack/schl/Escape-Torre-IA/maps/open_area.txt,150,30038,bfs,108,42,0,0.72,61,61,sin_agentes_pendientes,4010,691,540,0.8828953170159366
1667,/home/stack/schl/Escape-Torre-IA/maps/open_area.txt,150,30038,dfs,25,125,0,0.16666666666666666,64,62,sin_agentes_pendientes,5178,430,2341,2.153251918993192
1668,/home/stack/schl/Escape-Torre-IA/maps/open_area.txt,150,30038,ucs,127,23,0,0.8466666666666667,71,71,sin_agentes_pendientes,4415,1138,572,2.055262188980123
1669,/home/stack/schl/Escape-Torre-IA/maps/open_area.txt,150,30038,a_star,127,23,0,0.8466666666666667,71,71,sin_agentes_pendientes,4411,1138,570,0.8020456749945879
1670,/home/stack/schl/Escape-Torre-IA/maps/open_area.txt,150,30038,greedy,108,42,0,0.72,62,62,sin_agentes_pendientes,4082,650,523,0.35752806402160786
1671,/home/stack/schl/Escape-Torre-IA/maps/open_area.txt,150,30038,ida_star,121,29,0,0.8066666666666666,68,68,sin_agentes_pendientes,4245,955,532,5.341269677999662
1672,/home/stack/schl/Escape-Torre-IA/maps/open_area.txt,150,30038,genetico,132,18,0,0.88,74,73,sin_agentes_pendientes,5073,1406,1549,1.9131590019969735
1673,/home/stack/schl/Escape-Torre-IA/maps/open_area.txt,150,30039,bfs,120,30,0,0.8,72,72,sin_agentes_pendientes,4294,1130,544,1.0359074269945268
1674,/home/stack/schl/Escape-Torre-IA/maps/open_area.txt,150,30039,dfs,28,122,0,0.18666666666666668,90,69,sin_agentes_pendientes,5055,242,1721,1.8794076679914724
1675,/home/stack/schl/Escape-Torre-IA/maps/open_area.txt,150,30039,ucs,125,25,0,0.8333333333333334,74,74,sin_agentes_pendientes,4545,1202,598,2.363102039002115
1676,/home/stack/schl/Escape-Torre-IA/maps/open_area.txt,150,30039,a_star,125,25,0,0.8333333333333334,74,74,sin_agentes_pendientes,4533,1202,592,0.8341681089950725
1677,/home/stack/schl/Escape-Torre-IA/maps/open_area.txt,150,30039,greedy,120,30,0,0.8,73,73,sin_agentes_pendientes,4410,1010,519,0.5111369469959754
1678,/home/stack/schl/Escape-Torre-IA/maps/open_area.txt,150,30039,ida_star,124,26,0,0.8266666666666667,74,74,sin_agentes_pendientes,4449,1183,579,5.985210298007587
1679,/home/stack/schl/Escape-Torre-IA/maps/open_area.txt,150,30039,genetico,143,7,0,0.9533333333333334,83,83,sin_agentes_pendientes,5542,1497,1667,2.114546655997401
1680,/home/stack/schl/Escape-Torre-IA/maps/open_area.txt,150,30040,bfs,116,34,0,0.7733333333333333,66,66,sin_agentes_pendientes,4205,707,431,0.8931045230128802
1681,/home/stack/schl/Escape-Torre-IA/maps/open_area.txt,150,30040,dfs,22,128,0,0.14666666666666667,70,52,sin_agentes_pendientes,5167,1010,3132,3.01843387100962
1682,/home/stack/schl/Escape-Torre-IA/maps/open_area.txt,150,30040,ucs,114,36,0,0.76,65,65,sin_agentes_pendientes,4223,661,442,2.7004556540050544
1683,/home/stack/schl/Escape-Torre-IA/maps/open_area.txt,150,30040,a_star,114,36,0,0.76,65,65,sin_agentes_pendientes,4225,665,447,0.7102014400006738
1684,/home/stack/schl/Escape-Torre-IA/maps/open_area.txt,150,30040,greedy,113,37,0,0.7533333333333333,66,65,sin_agentes_pendientes,4237,634,431,0.3934796480170917
1685,/home/stack/schl/Escape-Torre-IA/maps/open_area.txt,150,30040,ida_star,113,37,0,0.7533333333333333,65,65,sin_agentes_pendientes,4177,657,460,6.5824211849831045
1686,/home/stack/schl/Escape-Torre-IA/maps/open_area.txt,150,30040,genetico,131,19,0,0.8733333333333333,74,74,sin_agentes_pendientes,5126,959,1164,2.3911121690180153
1687,/home/stack/schl/Escape-Torre-IA/maps/open_area.txt,150,30041,bfs,130,20,0,0.8666666666666667,79,79,sin_agentes_pendientes,5041,1245,554,1.1103655560000334
1688,/home/stack/schl/Escape-Torre-IA/maps/open_area.txt,150,30041,dfs,28,122,0,0.18666666666666668,88,78,sin_agentes_pendientes,5709,221,2062,2.338336350978352
1689,/home/stack/schl/Escape-Torre-IA/maps/open_area.txt,150,30041,ucs,133,17,0,0.8866666666666667,80,80,sin_agentes_pendientes,5155,1291,559,2.1643304209865164
1690,/home/stack/schl/Escape-Torre-IA/maps/open_area.txt,150,30041,a_star,133,17,0,0.8866666666666667,80,80,sin_agentes_pendientes,5155,1291,559,0.8850831420277245
1691,/home/stack/schl/Escape-Torre-IA/maps/open_area.txt,150,30041,greedy,130,20,0,0.8666666666666667,80,80,sin_agentes_pendientes,5163,1299,564,0.6142712109722197
1692,/home/stack/schl/Escape-Torre-IA/maps/open_area.txt,150,30041,ida_star,133,17,0,0.8866666666666667,80,80,sin_agentes_pendientes,5157,1305,566,6.605395665974356
1693,/home/stack/schl/Escape-Torre-IA/maps/open_area.txt,150,30041,genetico,140,10,0,0.9333333333333333,84,84,sin_agentes_pendientes,5453,1454,1608,2.8984740549931303
1694,/home/stack/schl/Escape-Torre-IA/maps/open_area.txt,150,30042,bfs,76,74,0,0.5066666666666667,50,49,sin_agentes_pendientes,4180,191,607,1.4913477149966639
1695,/home/stack/schl/Escape-Torre-IA/maps/open_area.txt,150,30042,dfs,27,123,0,0.18,50,48,sin_agentes_pendientes,5466,91,2251,2.611726978007937
1696,/home/stack/schl/Escape-Torre-IA/maps/open_area.txt,150,30042,ucs,82,68,0,0.5466666666666666,50,49,sin_agentes_pendientes,4438,358,467,2.5075872040179092
1697,/home/stack/schl/Escape-Torre-IA/maps/open_area.txt,150,30042,a_star,81,69,0,0.54,50,49,sin_agentes_pendientes,4445,361,470,0.9696420450054575
1698,/home/stack/schl/Escape-Torre-IA/maps/open_area.txt,150,30042,greedy,76,74,0,0.5066666666666667,50,49,sin_agentes_pendientes,4188,169,591,0.45753834600327536
1699,/home/stack/schl/Escape-Torre-IA/maps/open_area.txt,150,30042,ida_star,82,68,0,0.5466666666666666,50,49,sin_agentes_pendientes,4293,307,528,7.391928713012021
1700,/home/stack/schl/Escape-Torre-IA/maps/open_area.txt,150,30042,genetico,82,68,0,0.5466666666666666,50,49,sin_agentes_pendientes,4845,509,706,1.7592861140146852
1701,/home/stack/schl/Escape-Torre-IA/maps/open_area.txt,150,30043,bfs,96,54,0,0.64,60,59,sin_agentes_pendientes,4339,558,617,1.195840081985807
1702,/home/stack/schl/Escape-Torre-IA/maps/open_area.txt,150,30043,dfs,16,134,0,0.10666666666666667,60,58,sin_agentes_pendientes,5292,538,2226,1.8513979479903355
1703,/home/stack/schl/Escape-Torre-IA/maps/open_area.txt,150,30043,ucs,96,54,0,0.64,60,59,sin_agentes_pendientes,4826,643,605,2.9072541180066764
1704,/home/stack/schl/Escape-Torre-IA/maps/open_area.txt,150,30043,a_star,96,54,0,0.64,60,59,sin_agentes_pendientes,4767,650,595,0.9910115610109642
1705,/home/stack/schl/Escape-Torre-IA/maps/open_area.txt,150,30043,greedy,95,55,0,0.6333333333333333,60,59,sin_agentes_pendientes,4369,591,582,0.40617925199330784
1706,/home/stack/schl/Escape-Torre-IA/maps/open_area.txt,150,30043,ida_star,96,54,0,0.64,60,59,sin_agentes_pendientes,4614,577,555,6.880509136011824
1707,/home/stack/schl/Escape-Torre-IA/maps/open_area.txt,150,30043,genetico,96,54,0,0.64,60,59,sin_agentes_pendientes,5240,873,1062,1.8062071549938992
1708,/home/stack/schl/Escape-Torre-IA/maps/open_area.txt,150,30044,bfs,83,67,0,0.5533333333333333,53,52,sin_agentes_pendientes,3976,387,529,1.0949144750193227
1709,/home/stack/schl/Escape-Torre-IA/maps/open_area.txt,150,30044,dfs,6,144,0,0.04,48,46,sin_agentes_pendientes,4990,42,2412,2.512379919004161
1710,/home/stack/schl/Escape-Torre-IA/maps/open_area.txt,150,30044,ucs,83,67,0,0.5533333333333333,53,52,sin_agentes_pendientes,4164,389,650,3.20235450900509
1711,/home/stack/schl/Escape-Torre-IA/maps/open_area.txt,150,30044,a_star,83,67,0,0.5533333333333333,53,52,sin_agentes_pendientes,4046,349,575,0.8487974669842515
1712,/home/stack/schl/Escape-Torre-IA/maps/open_area.txt,150,30044,greedy,83,67,0,0.5533333333333333,53,52,sin_agentes_pendientes,4068,278,499,0.40121538599487394
1713,/home/stack/schl/Escape-Torre-IA/maps/open_area.txt,150,30044,ida_star,83,67,0,0.5533333333333333,53,52,sin_agentes_pendientes,3880,298,530,6.400953673990443
1714,/home/stack/schl/Escape-Torre-IA/maps/open_area.txt,150,30044,genetico,83,67,0,0.5533333333333333,53,52,sin_agentes_pendientes,4843,644,979,2.5872692090051714
1715,/home/stack/schl/Escape-Torre-IA/maps/open_area.txt,150,30045,bfs,25,125,0,0.16666666666666666,22,21,sin_agentes_pendientes,2749,29,727,1.6549740960181225
1716,/home/stack/schl/Escape-Torre-IA/maps/open_area.txt,150,30045,dfs,7,143,0,0.04666666666666667,22,19,sin_agentes_pendientes,2908,4,710,1.3858441610063892
1717,/home/stack/schl/Escape-Torre-IA/maps/open_area.txt,150,30045,ucs,25,125,0,0.16666666666666666,22,21,sin_agentes_pendientes,2795,13,613,3.845354683988262
1718,/home/stack/schl/Escape-Torre-IA/maps/open_area.txt,150,30045,a_star,25,125,0,0.16666666666666666,22,21,sin_agentes_pendientes,2767,13,599,1.7513580299855676
1719,/home/stack/schl/Escape-Torre-IA/maps/open_area.txt,150,30045,greedy,24,126,0,0.16,22,21,sin_agentes_pendientes,2720,4,694,0.8113382900191937
1720,/home/stack/schl/Escape-Torre-IA/maps/open_area.txt,150,30045,ida_star,25,125,0,0.16666666666666666,22,21,sin_agentes_pendientes,2729,13,577,8.497002064017579
1721,/home/stack/schl/Escape-Torre-IA/maps/open_area.txt,150,30045,genetico,25,125,0,0.16666666666666666,22,21,sin_agentes_pendientes,2913,31,324,2.3581450619967654
1722,/home/stack/schl/Escape-Torre-IA/maps/open_area.txt,150,30046,bfs,142,8,0,0.9466666666666667,81,81,sin_agentes_pendientes,4913,1661,590,0.6445554750098381
1723,/home/stack/schl/Escape-Torre-IA/maps/open_area.txt,150,30046,dfs,39,111,0,0.26,100,82,sin_agentes_pendientes,7185,176,2492,2.5486990780045744
1724,/home/stack/schl/Escape-Torre-IA/maps/open_area.txt,150,30046,ucs,141,9,0,0.94,81,81,sin_agentes_pendientes,4903,1601,592,1.4343898909864947
1725,/home/stack/schl/Escape-Torre-IA/maps/open_area.txt,150,30046,a_star,142,8,0,0.9466666666666667,81,81,sin_agentes_pendientes,4965,1609,584,0.5963255479873624
1726,/home/stack/schl/Escape-Torre-IA/maps/open_area.txt,150,30046,greedy,144,6,0,0.96,83,83,sin_agentes_pendientes,5143,1632,554,0.396931887982646
1727,/home/stack/schl/Escape-Torre-IA/maps/open_area.txt,150,30046,ida_star,142,8,0,0.9466666666666667,81,81,sin_agentes_pendientes,4953,1621,609,5.315451321017463
1728,/home/stack/schl/Escape-Torre-IA/maps/open_area.txt,150,30046,genetico,149,1,0,0.9933333333333333,85,85,sin_agentes_pendientes,5300,1794,1946,2.1081550009839702
1729,/home/stack/schl/Escape-Torre-IA/maps/open_area.txt,150,30047,bfs,95,55,0,0.6333333333333333,60,59,sin_agentes_pendientes,4728,277,451,1.0838822869991418
1730,/home/stack/schl/Escape-Torre-IA/maps/open_area.txt,150,30047,dfs,14,136,0,0.09333333333333334,58,38,sin_agentes_pendientes,5331,224,2457,2.6882963000098243
1731,/home/stack/schl/Escape-Torre-IA/maps/open_area.txt,150,30047,ucs,96,54,0,0.64,60,59,sin_agentes_pendientes,4942,391,478,2.6652895199949853
1732,/home/stack/schl/Escape-Torre-IA/maps/open_area.txt,150,30047,a_star,96,54,0,0.64,60,59,sin_agentes_pendientes,4928,391,474,0.9634431329905055
1733,/home/stack/schl/Escape-Torre-IA/maps/open_area.txt,150,30047,greedy,94,56,0,0.6266666666666667,59,58,sin_agentes_pendientes,4823,213,451,0.4974280809983611
1734,/home/stack/schl/Escape-Torre-IA/maps/open_area.txt,150,30047,ida_star,96,54,0,0.64,60,59,sin_agentes_pendientes,4769,288,462,5.472230871004285
1735,/home/stack/schl/Escape-Torre-IA/maps/open_area.txt,150,30047,genetico,96,54,0,0.64,60,59,sin_agentes_pendientes,5405,548,776,1.9032158240152057
1736,/home/stack/schl/Escape-Torre-IA/maps/open_area.txt,150,30048,bfs,30,120,0,0.2,26,25,sin_agentes_pendientes,3084,100,634,1.4898855199862737
1737,/home/stack/schl/Escape-Torre-IA/maps/open_area.txt,150,30048,dfs,8,142,0,0.05333333333333334,26,20,sin_agentes_pendientes,3370,22,1654,2.3823916769761126
1738,/home/stack/schl/Escape-Torre-IA/maps/open_area.txt,150,30048,ucs,28,122,0,0.18666666666666668,26,25,sin_agentes_pendientes,3119,84,650,3.5812739900138695
1739,/home/stack/schl/Escape-Torre-IA/maps/open_area.txt,150,30048,a_star,28,122,0,0.18666666666666668,26,25,sin_agentes_pendientes,3089,84,636,1.2861002940044273
1740,/home/stack/schl/Escape-Torre-IA/maps/open_area.txt,150,30048,greedy,29,121,0,0.19333333333333333,26,25,sin_agentes_pendientes,3035,42,647,0.6321755819953978
1741,/home/stack/schl/Escape-Torre-IA/maps/open_area.txt,150,30048,ida_star,28,122,0,0.18666666666666668,26,25,sin_agentes_pendientes,3057,88,656,9.44924946501851
1742,/home/stack/schl/Escape-Torre-IA/maps/open_area.txt,150,30048,genetico,29,121,0,0.19333333333333333,26,25,sin_agentes_pendientes,3316,149,503,2.6998330920177978
1743,/home/stack/schl/Escape-Torre-IA/maps/open_area.txt,150,30049,bfs,77,73,0,0.5133333333333333,48,47,sin_agentes_pendientes,4207,177,758,1.3166022340010386
1744,/home/stack/schl/Escape-Torre-IA/maps/open_area.txt,150,30049,dfs,16,134,0,0.10666666666666667,48,39,sin_agentes_pendientes,5851,5,2599,2.688038925989531
1745,/home/stack/schl/Escape-Torre-IA/maps/open_area.txt,150,30049,ucs,77,73,0,0.5133333333333333,48,47,sin_agentes_pendientes,4336,280,668,3.0384194029902574
1746,/home/stack/schl/Escape-Torre-IA/maps/open_area.txt,150,30049,a_star,77,73,0,0.5133333333333333,48,47,sin_agentes_pendientes,4308,280,657,1.0140614720003214
1747,/home/stack/schl/Escape-Torre-IA/maps/open_area.txt,150,30049,greedy,73,77,0,0.4866666666666667,48,47,sin_agentes_pendientes,4234,127,719,0.4564458550012205
1748,/home/stack/schl/Escape-Torre-IA/maps/open_area.txt,150,30049,ida_star,77,73,0,0.5133333333333333,48,47,sin_agentes_pendientes,4332,268,757,9.475681707990589
1749,/home/stack/schl/Escape-Torre-IA/maps/open_area.txt,150,30049,genetico,77,73,0,0.5133333333333333,48,47,sin_agentes_pendientes,4786,498,760,1.955534409993561
1750,/home/stack/schl/Escape-Torre-IA/maps/open_area.txt,150,30050,bfs,49,101,0,0.32666666666666666,34,32,sin_agentes_pendientes,3442,69,893,1.9195189669844694
1751,/home/stack/schl/Escape-Torre-IA/maps/open_area.txt,150,30050,dfs,9,141,0,0.06,34,31,sin_agentes_pendientes,4142,15,1773,1.9127424429752864
1752,/home/stack/schl/Escape-Torre-IA/maps/open_area.txt,150,30050,ucs,55,95,0,0.36666666666666664,37,36,sin_agentes_pendientes,3676,252,953,4.3557279470260255
1753,/home/stack/schl/Escape-Torre-IA/maps/open_area.txt,150,30050,a_star,55,95,0,0.36666666666666664,37,36,sin_agentes_pendientes,3629,241,928,1.8862645949993748
1754,/home/stack/schl/Escape-Torre-IA/maps/open_area.txt,150,30050,greedy,49,101,0,0.32666666666666666,34,33,sin_agentes_pendientes,3399,67,877,0.6289441980188712
1755,/home/stack/schl/Escape-Torre-IA/maps/open_area.txt,150,30050,ida_star,52,98,0,0.3466666666666667,37,36,sin_agentes_pendientes,3446,141,845,11.124676126986742
1756,/home/stack/schl/Escape-Torre-IA/maps/open_area.txt,150,30050,genetico,70,80,0,0.4666666666666667,44,43,sin_agentes_pendientes,4013,664,934,5.777780643984443
1757,/home/stack/schl/Escape-Torre-IA/maps/open_area.txt,150,30051,bfs,116,34,0,0.7733333333333333,68,68,sin_agentes_pendientes,4503,601,383,0.8521634599892423
1758,/home/stack/schl/Escape-Torre-IA/maps/open_area.txt,150,30051,dfs,30,120,0,0.2,88,81,sin_agentes_pendientes,5538,942,3028,3.1319566259917337
1759,/home/stack/schl/Escape-Torre-IA/maps/open_area.txt,150,30051,ucs,122,28,0,0.8133333333333334,71,71,sin_agentes_pendientes,4754,674,378,1.9712444279866759
1760,/home/stack/schl/Escape-Torre-IA/maps/open_area.txt,150,30051,a_star,122,28,0,0.8133333333333334,71,71,sin_agentes_pendientes,4752,674,377,0.6884649969870225
1761,/home/stack/schl/Escape-Torre-IA/maps/open_area.txt,150,30051,greedy,115,35,0,0.7666666666666667,68,68,sin_agentes_pendientes,4510,531,383,0.3923921759997029
1762,/home/stack/schl/Escape-Torre-IA/maps/open_area.txt,150,30051,ida_star,120,30,0,0.8,70,70,sin_agentes_pendientes,4677,635,376,4.827643705008086
1763,/home/stack/schl/Escape-Torre-IA/maps/open_area.txt,150,30051,genetico,141,9,0,0.94,81,81,sin_agentes_pendientes,5486,1004,1163,1.91226860700408
1764,/home/stack/schl/Escape-Torre-IA/maps/open_area.txt,150,30052,bfs,115,35,0,0.7666666666666667,68,68,sin_agentes_pendientes,4654,672,603,1.1620966369810048
1765,/home/stack/schl/Escape-Torre-IA/maps/open_area.txt,150,30052,dfs,30,120,0,0.2,76,51,sin_agentes_pendientes,5183,1107,2923,3.3178651679772884
1766,/home/stack/schl/Escape-Torre-IA/maps/open_area.txt,150,30052,ucs,116,34,0,0.7733333333333333,68,68,sin_agentes_pendientes,4763,690,538,3.0748706990270875
1767,/home/stack/schl/Escape-Torre-IA/maps/open_area.txt,150,30052,a_star,116,34,0,0.7733333333333333,68,68,sin_agentes_pendientes,4763,690,538,1.025736525974935
1768,/home/stack/schl/Escape-Torre-IA/maps/open_area.txt,150,30052,greedy,116,34,0,0.7733333333333333,71,71,sin_agentes_pendientes,4781,577,492,0.5600493529927917
1769,/home/stack/schl/Escape-Torre-IA/maps/open_area.txt,150,30052,ida_star,116,34,0,0.7733333333333333,68,68,sin_agentes_pendientes,4675,666,545,7.464194539003074
1770,/home/stack/schl/Escape-Torre-IA/maps/open_area.txt,150,30052,genetico,132,18,0,0.88,76,76,sin_agentes_pendientes,5410,1139,1297,2.3509532430034596
1771,/home/stack/schl/Escape-Torre-IA/maps/open_area.txt,150,30053,bfs,125,25,0,0.8333333333333334,70,70,sin_agentes_pendientes,4538,842,541,1.0518424389883876
1772,/home/stack/schl/Escape-Torre-IA/maps/open_area.txt,150,30053,dfs,20,130,0,0.13333333333333333,78,59,sin_agentes_pendientes,5968,191,2477,2.558623743010685
1773,/home/stack/schl/Escape-Torre-IA/maps/open_area.txt,150,30053,ucs,127,23,0,0.8466666666666667,71,71,sin_agentes_pendientes,4634,862,559,2.7019525280047674
1774,/home/stack/schl/Escape-Torre-IA/maps/open_area.txt,150,30053,a_star,127,23,0,0.8466666666666667,71,71,sin_agentes_pendientes,4636,828,536,0.9021064020053018
1775,/home/stack/schl/Escape-Torre-IA/maps/open_area.txt,150,30053,greedy,125,25,0,0.8333333333333334,74,74,sin_agentes_pendientes,4622,678,420,0.40741663399967365
1776,/home/stack/schl/Escape-Torre-IA/maps/open_area.txt,150,30053,ida_star,126,24,0,0.84,70,70,sin_agentes_pendientes,4595,811,522,7.156004775024485
1777,/home/stack/schl/Escape-Torre-IA/maps/open_area.txt,150,30053,genetico,133,17,0,0.8866666666666667,74,74,sin_agentes_pendientes,4908,1025,1204,2.4476756550138816
1778,/home/stack/schl/Escape-Torre-IA/maps/open_area.txt,150,30054,bfs,37,113,0,0.24666666666666667,30,29,sin_agentes_pendientes,3677,64,530,1.6852700299932621
1779,/home/stack/schl/Escape-Torre-IA/maps/open_area.txt,150,30054,dfs,13,137,0,0.08666666666666667,30,28,sin_agentes_pendientes,3848,0,1428,2.2912861889926717
1780,/home/stack/schl/Escape-Torre-IA/maps/open_area.txt,150,30054,ucs,37,113,0,0.24666666666666667,30,29,sin_agentes_pendientes,3669,46,702,4.885809633007739
1781,/home/stack/schl/Escape-Torre-IA/maps/open_area.txt,150,30054,a_star,37,113,0,0.24666666666666667,30,29,sin_agentes_pendientes,3669,46,702,1.9419563650153577
1782,/home/stack/schl/Escape-Torre-IA/maps/open_area.txt,150,30054,greedy,34,116,0,0.22666666666666666,30,29,sin_agentes_pendientes,3658,105,534,0.8165013989782892
1783,/home/stack/schl/Escape-Torre-IA/maps/open_area.txt,150,30054,ida_star,37,113,0,0.24666666666666667,30,29,sin_agentes_pendientes,3671,44,666,11.814800629974343
1784,/home/stack/schl/Escape-Torre-IA/maps/open_area.txt,150,30054,genetico,37,113,0,0.24666666666666667,30,29,sin_agentes_pendientes,3880,57,428,3.209581512986915
1785,/home/stack/schl/Escape-Torre-IA/maps/open_area.txt,150,30055,bfs,36,114,0,0.24,28,27,sin_agentes_pendientes,3240,51,823,1.853182911989279
1786,/home/stack/schl/Escape-Torre-IA/maps/open_area.txt,150,30055,dfs,10,140,0,0.06666666666666667,28,20,sin_agentes_pendientes,3570,12,1801,2.799030110996682
1787,/home/stack/schl/Escape-Torre-IA/maps/open_area.txt,150,30055,ucs,37,113,0,0.24666666666666667,28,27,sin_agentes_pendientes,3263,40,644,3.8436407829867676
1788,/home/stack/schl/Escape-Torre-IA/maps/open_area.txt,150,30055,a_star,36,114,0,0.24,28,27,sin_agentes_pendientes,3230,39,647,1.527175481984159
1789,/home/stack/schl/Escape-Torre-IA/maps/open_area.txt,150,30055,greedy,34,116,0,0.22666666666666666,28,27,sin_agentes_pendientes,3234,27,839,0.8076278250082396
1790,/home/stack/schl/Escape-Torre-IA/maps/open_area.txt,150,30055,ida_star,36,114,0,0.24,28,27,sin_agentes_pendientes,3163,44,671,10.474637956998777
1791,/home/stack/schl/Escape-Torre-IA/maps/open_area.txt,150,30055,genetico,37,113,0,0.24666666666666667,28,27,sin_agentes_pendientes,3471,66,480,3.0606988839863334
1792,/home/stack/schl/Escape-Torre-IA/maps/open_area.txt,150,30056,bfs,74,76,0,0.49333333333333335,46,45,sin_agentes_pendientes,3888,615,858,1.4130669169826433
1793,/home/stack/schl/Escape-Torre-IA/maps/open_area.txt,150,30056,dfs,13,137,0,0.08666666666666667,44,36,sin_agentes_pendientes,4387,450,2093,2.0129543020157143
1794,/home/stack/schl/Escape-Torre-IA/maps/open_area.txt,150,30056,ucs,73,77,0,0.4866666666666667,46,45,sin_agentes_pendientes,4017,460,758,3.7910885809978936
1795,/home/stack/schl/Escape-Torre-IA/maps/open_area.txt,150,30056,a_star,73,77,0,0.4866666666666667,46,45,sin_agentes_pendientes,4005,430,721,1.350247230991954
1796,/home/stack/schl/Escape-Torre-IA/maps/open_area.txt,150,30056,greedy,72,78,0,0.48,46,45,sin_agentes_pendientes,3838,547,766,0.7015470179903787
1797,/home/stack/schl/Escape-Torre-IA/maps/open_area.txt,150,30056,ida_star,73,77,0,0.4866666666666667,46,45,sin_agentes_pendientes,3954,477,784,11.173773563990835
1798,/home/stack/schl/Escape-Torre-IA/maps/open_area.txt,150,30056,genetico,72,78,0,0.48,45,44,sin_agentes_pendientes,4428,575,807,1.9100658870011102
1799,/home/stack/schl/Escape-Torre-IA/maps/open_area.txt,150,30057,bfs,115,35,0,0.7666666666666667,70,69,sin_agentes_pendientes,4394,790,483,0.8760957150079776
1800,/home/stack/schl/Escape-Torre-IA/maps/open_area.txt,150,30057,dfs,17,133,0,0.11333333333333333,68,47,sin_agentes_pendientes,5461,580,2673,2.485551878984552
1801,/home/stack/schl/Escape-Torre-IA/maps/open_area.txt,150,30057,ucs,115,35,0,0.7666666666666667,68,67,sin_agentes_pendientes,4347,891,508,2.0523789479921106
1802,/home/stack/schl/Escape-Torre-IA/maps/open_area.txt,150,30057,a_star,115,35,0,0.7666666666666667,68,67,sin_agentes_pendientes,4347,891,508,0.7310398150002584
1803,/home/stack/schl/Escape-Torre-IA/maps/open_area.txt,150,30057,greedy,113,37,0,0.7533333333333333,72,71,sin_agentes_pendientes,4516,749,455,0.41071073900093324
1804,/home/stack/schl/Escape-Torre-IA/maps/open_area.txt,150,30057,ida_star,116,34,0,0.7733333333333333,68,67,sin_agentes_pendientes,4335,893,491,5.088861744996393
1805,/home/stack/schl/Escape-Torre-IA/maps/open_area.txt,150,30057,genetico,124,26,0,0.8266666666666667,72,71,sin_agentes_pendientes,5108,1260,1439,1.9522082319890615
1806,/home/stack/schl/Escape-Torre-IA/maps/open_area.txt,150,30058,bfs,84,66,0,0.56,58,53,sin_agentes_pendientes,4216,132,610,0.9445696699840482
1807,/home/stack/schl/Escape-Torre-IA/maps/open_area.txt,150,30058,dfs,17,133,0,0.11333333333333333,58,56,sin_agentes_pendientes,7241,5,1306,2.020951446000254
1808,/home/stack/schl/Escape-Torre-IA/maps/open_area.txt,150,30058,ucs,98,52,0,0.6533333333333333,58,57,sin_agentes_pendientes,4699,581,437,1.7333594060037285
1809,/home/stack/schl/Escape-Torre-IA/maps/open_area.txt,150,30058,a_star,98,52,0,0.6533333333333333,58,57,sin_agentes_pendientes,4720,606,449,0.6346249339985661
1810,/home/stack/schl/Escape-Torre-IA/maps/open_area.txt,150,30058,greedy,82,68,0,0.5466666666666666,58,53,sin_agentes_pendientes,4231,68,628,0.3826079329883214
1811,/home/stack/schl/Escape-Torre-IA/maps/open_area.txt,150,30058,ida_star,98,52,0,0.6533333333333333,58,57,sin_agentes_pendientes,4692,532,462,5.987750133994268
1812,/home/stack/schl/Escape-Torre-IA/maps/open_area.txt,150,30058,genetico,98,52,0,0.6533333333333333,58,57,sin_agentes_pendientes,5180,956,1104,1.7656467240012717
1813,/home/stack/schl/Escape-Torre-IA/maps/open_area.txt,150,30059,bfs,80,70,0,0.5333333333333333,50,48,sin_agentes_pendientes,3597,471,917,2.0493885389878415
1814,/home/stack/schl/Escape-Torre-IA/maps/open_area.txt,150,30059,dfs,13,137,0,0.08666666666666667,50,38,sin_agentes_pendientes,4086,1456,3094,5.419349842006341
1815,/home/stack/schl/Escape-Torre-IA/maps/open_area.txt,150,30059,ucs,76,74,0,0.5066666666666667,50,47,sin_agentes_pendientes,3606,450,929,5.320296991994837
1816,/home/stack/schl/Escape-Torre-IA/maps/open_area.txt,150,30059,a_star,76,74,0,0.5066666666666667,50,47,sin_agentes_pendientes,3583,317,790,1.8290081019804347
1817,/home/stack/schl/Escape-Torre-IA/maps/open_area.txt,150,30059,greedy,75,75,0,0.5,50,47,sin_agentes_pendientes,3531,230,720,0.5908399520267267
1818,/home/stack/schl/Escape-Torre-IA/maps/open_area.txt,150,30059,ida_star,75,75,0,0.5,50,47,sin_agentes_pendientes,3502,228,705,9.533029206009815
1819,/home/stack/schl/Escape-Torre-IA/maps/open_area.txt,150,30059,genetico,82,68,0,0.5466666666666666,50,49,sin_agentes_pendientes,4200,682,959,4.879907992988592
1820,/home/stack/schl/Escape-Torre-IA/maps/open_area.txt,150,30060,bfs,84,66,0,0.56,56,55,sin_agentes_pendientes,3988,510,628,1.4276719780173153
1821,/home/stack/schl/Escape-Torre-IA/maps/open_area.txt,150,30060,dfs,7,143,0,0.04666666666666667,52,45,sin_agentes_pendientes,4541,1253,2762,3.6970104670035653
1822,/home/stack/schl/Escape-Torre-IA/maps/open_area.txt,150,30060,ucs,84,66,0,0.56,56,55,sin_agentes_pendientes,4154,602,665,3.2838130829914007
1823,/home/stack/schl/Escape-Torre-IA/maps/open_area.txt,150,30060,a_star,84,66,0,0.56,56,55,sin_agentes_pendientes,4154,602,665,1.2684444040060043
1824,/home/stack/schl/Escape-Torre-IA/maps/open_area.txt,150,30060,greedy,82,68,0,0.5466666666666666,56,55,sin_agentes_pendientes,4050,525,634,0.5496392410132103
1825,/home/stack/schl/Escape-Torre-IA/maps/open_area.txt,150,30060,ida_star,84,66,0,0.56,56,55,sin_agentes_pendientes,4040,560,648,6.816776330000721
1826,/home/stack/schl/Escape-Torre-IA/maps/open_area.txt,150,30060,genetico,84,66,0,0.56,56,55,sin_agentes_pendientes,4642,1088,1287,3.960326897999039
1827,/home/stack/schl/Escape-Torre-IA/maps/open_area.txt,150,30061,bfs,45,105,0,0.3,34,33,sin_agentes_pendientes,3213,154,722,1.587487186974613
1828,/home/stack/schl/Escape-Torre-IA/maps/open_area.txt,150,30061,dfs,13,137,0,0.08666666666666667,34,30,sin_agentes_pendientes,4117,96,1783,2.2565272259816993
1829,/home/stack/schl/Escape-Torre-IA/maps/open_area.txt,150,30061,ucs,47,103,0,0.31333333333333335,34,33,sin_agentes_pendientes,3411,155,684,3.249650924000889
1830,/home/stack/schl/Escape-Torre-IA/maps/open_area.txt,150,30061,a_star,47,103,0,0.31333333333333335,34,33,sin_agentes_pendientes,3412,114,642,1.171353713987628
1831,/home/stack/schl/Escape-Torre-IA/maps/open_area.txt,150,30061,greedy,41,109,0,0.2733333333333333,34,33,sin_agentes_pendientes,3252,172,740,0.6710004009946715
1832,/home/stack/schl/Escape-Torre-IA/maps/open_area.txt,150,30061,ida_star,46,104,0,0.30666666666666664,34,33,sin_agentes_pendientes,3307,85,668,8.089526063995436
1833,/home/stack/schl/Escape-Torre-IA/maps/open_area.txt,150,30061,genetico,52,98,0,0.3466666666666667,34,33,sin_agentes_pendientes,3907,235,554,2.0450864849844947
1834,/home/stack/schl/Escape-Torre-IA/maps/open_area.txt,150,30062,bfs,108,42,0,0.72,67,67,sin_agentes_pendientes,4514,525,472,0.9388905350060668
1835,/home/stack/schl/Escape-Torre-IA/maps/open_area.txt,150,30062,dfs,17,133,0,0.11333333333333333,78,62,sin_agentes_pendientes,5819,962,2944,2.49536173499655
1836,/home/stack/schl/Escape-Torre-IA/maps/open_area.txt,150,30062,ucs,113,37,0,0.7533333333333333,68,68,sin_agentes_pendientes,4727,533,454,2.3349236009817105
1837,/home/stack/schl/Escape-Torre-IA/maps/open_area.txt,150,30062,a_star,114,36,0,0.76,68,68,sin_agentes_pendientes,4756,555,455,0.8017031440103892
1838,/home/stack/schl/Escape-Torre-IA/maps/open_area.txt,150,30062,greedy,111,39,0,0.74,72,72,sin_agentes_pendientes,4789,457,450,0.36645713599864393
1839,/home/stack/schl/Escape-Torre-IA/maps/open_area.txt,150,30062,ida_star,111,39,0,0.74,67,67,sin_agentes_pendientes,4650,541,450,5.7186532499908935
1840,/home/stack/schl/Escape-Torre-IA/maps/open_area.txt,150,30062,genetico,134,16,0,0.8933333333333333,78,78,sin_agentes_pendientes,5725,1126,1279,1.9645765169989318
1841,/home/stack/schl/Escape-Torre-IA/maps/open_area.txt,150,30063,bfs,76,74,0,0.5066666666666667,51,51,sin_agentes_pendientes,3566,82,636,1.2069244750018697
1842,/home/stack/schl/Escape-Torre-IA/maps/open_area.txt,150,30063,dfs,31,119,0,0.20666666666666667,59,58,sin_agentes_pendientes,5600,207,1628,1.9808849649853073
1843,/home/stack/schl/Escape-Torre-IA/maps/open_area.txt,150,30063,ucs,105,45,0,0.7,59,59,sin_agentes_pendientes,4274,351,477,2.2764396060083527
1844,/home/stack/schl/Escape-Torre-IA/maps/open_area.txt,150,30063,a_star,105,45,0,0.7,59,59,sin_agentes_pendientes,4218,351,455,0.8131932790274732
1845,/home/stack/schl/Escape-Torre-IA/maps/open_area.txt,150,30063,greedy,76,74,0,0.5066666666666667,51,51,sin_agentes_pendientes,3561,102,614,0.37519282798166387
1846,/home/stack/schl/Escape-Torre-IA/maps/open_area.txt,150,30063,ida_star,91,59,0,0.6066666666666667,52,52,sin_agentes_pendientes,3823,180,490,7.808367015997646
1847,/home/stack/schl/Escape-Torre-IA/maps/open_area.txt,150,30063,genetico,105,45,0,0.7,60,59,sin_agentes_pendientes,5101,824,971,1.6476683009823319
1848,/home/stack/schl/Escape-Torre-IA/maps/open_area.txt,150,30064,bfs,72,78,0,0.48,46,45,sin_agentes_pendientes,3941,581,620,1.480094431026373
1849,/home/stack/schl/Escape-Torre-IA/maps/open_area.txt,150,30064,dfs,16,134,0,0.10666666666666667,46,40,sin_agentes_pendientes,4937,464,2275,4.154256172012538
1850,/home/stack/schl/Escape-Torre-IA/maps/open_area.txt,150,30064,ucs,72,78,0,0.48,46,45,sin_agentes_pendientes,4076,546,662,3.4645347270125058
1851,/home/stack/schl/Escape-Torre-IA/maps/open_area.txt,150,30064,a_star,72,78,0,0.48,46,45,sin_agentes_pendientes,4055,523,647,1.6486194060125854
1852,/home/stack/schl/Escape-Torre-IA/maps/open_area.txt,150,30064,greedy,72,78,0,0.48,46,45,sin_agentes_pendientes,3985,473,648,0.9594175230013207
1853,/home/stack/schl/Escape-Torre-IA/maps/open_area.txt,150,30064,ida_star,72,78,0,0.48,46,45,sin_agentes_pendientes,3997,507,605,8.073372935003135
1854,/home/stack/schl/Escape-Torre-IA/maps/open_area.txt,150,30064,genetico,72,78,0,0.48,46,45,sin_agentes_pendientes,4494,748,1040,4.656331145990407
1855,/home/stack/schl/Escape-Torre-IA/maps/open_area.txt,150,30065,bfs,120,30,0,0.8,69,69,sin_agentes_pendientes,4264,1018,567,0.9003440380038228
1856,/home/stack/schl/Escape-Torre-IA/maps/open_area.txt,150,30065,dfs,39,111,0,0.26,88,73,sin_agentes_pendientes,6139,172,1826,1.8274223649932537
1857,/home/stack/schl/Escape-Torre-IA/maps/open_area.txt,150,30065,ucs,124,26,0,0.8266666666666667,71,71,sin_agentes_pendientes,4442,1088,564,2.3126686179894023
1858,/home/stack/schl/Escape-Torre-IA/maps/open_area.txt,150,30065,a_star,124,26,0,0.8266666666666667,71,71,sin_agentes_pendientes,4400,1066,521,0.8488369439728558
1859,/home/stack/schl/Escape-Torre-IA/maps/open_area.txt,150,30065,greedy,120,30,0,0.8,69,69,sin_agentes_pendientes,4272,918,498,0.34107375898747705
1860,/home/stack/schl/Escape-Torre-IA/maps/open_area.txt,150,30065,ida_star,124,26,0,0.8266666666666667,71,71,sin_agentes_pendientes,4392,1072,532,6.447953944996698
1861,/home/stack/schl/Escape-Torre-IA/maps/open_area.txt,150,30065,genetico,140,10,0,0.9333333333333333,79,79,sin_agentes_pendientes,5142,1404,1570,1.959909385011997
1862,/home/stack/schl/Escape-Torre-IA/maps/open_area.txt,150,30066,bfs,58,92,0,0.38666666666666666,40,39,sin_agentes_pendientes,4037,323,647,1.3633353210170753
1863,/home/stack/schl/Escape-Torre-IA/maps/open_area.txt,150,30066,dfs,10,140,0,0.06666666666666667,38,31,sin_agentes_pendientes,4124,330,2237,3.1414364999800455
1864,/home/stack/schl/Escape-Torre-IA/maps/open_area.txt,150,30066,ucs,58,92,0,0.38666666666666666,40,39,sin_agentes_pendientes,3993,267,660,3.498716195987072
1865,/home/stack/schl/Escape-Torre-IA/maps/open_area.txt,150,30066,a_star,58,92,0,0.38666666666666666,40,39,sin_agentes_pendientes,4005,265,683,1.5551572639960796
1866,/home/stack/schl/Escape-Torre-IA/maps/open_area.txt,150,30066,greedy,57,93,0,0.38,40,39,sin_agentes_pendientes,4099,286,680,0.9684456500108354
1867,/home/stack/schl/Escape-Torre-IA/maps/open_area.txt,150,30066,ida_star,58,92,0,0.38666666666666666,40,39,sin_agentes_pendientes,3987,279,680,8.073700780019863
1868,/home/stack/schl/Escape-Torre-IA/maps/open_area.txt,150,30066,genetico,58,92,0,0.38666666666666666,40,39,sin_agentes_pendientes,4269,483,800,3.395168457995169
1869,/home/stack/schl/Escape-Torre-IA/maps/open_area.txt,150,30067,bfs,133,17,0,0.8866666666666667,75,75,sin_agentes_pendientes,5057,633,333,0.7117939119925722
1870,/home/stack/schl/Escape-Torre-IA/maps/open_area.txt,150,30067,dfs,38,112,0,0.25333333333333335,106,85,sin_agentes_pendientes,7120,124,2710,2.8626624819880817
1871,/home/stack/schl/Escape-Torre-IA/maps/open_area.txt,150,30067,ucs,135,15,0,0.9,76,76,sin_agentes_pendientes,5128,686,337,1.5341570309828967
1872,/home/stack/schl/Escape-Torre-IA/maps/open_area.txt,150,30067,a_star,135,15,0,0.9,76,76,sin_agentes_pendientes,5128,686,337,0.5868716810073238
1873,/home/stack/schl/Escape-Torre-IA/maps/open_area.txt,150,30067,greedy,133,17,0,0.8866666666666667,77,77,sin_agentes_pendientes,5237,660,320,0.3494283629988786
1874,/home/stack/schl/Escape-Torre-IA/maps/open_area.txt,150,30067,ida_star,133,17,0,0.8866666666666667,75,75,sin_agentes_pendientes,5047,631,333,4.015502588998061
1875,/home/stack/schl/Escape-Torre-IA/maps/open_area.txt,150,30067,genetico,146,4,0,0.9733333333333334,82,82,sin_agentes_pendientes,5640,951,1106,1.5752991740009747
1876,/home/stack/schl/Escape-Torre-IA/maps/open_area.txt,150,30068,bfs,34,116,0,0.22666666666666666,28,27,sin_agentes_pendientes,3166,26,648,1.273009631986497
1877,/home/stack/schl/Escape-Torre-IA/maps/open_area.txt,150,30068,dfs,10,140,0,0.06666666666666667,28,24,sin_agentes_pendientes,3602,0,1382,1.9694166329863947
1878,/home/stack/schl/Escape-Torre-IA/maps/open_area.txt,150,30068,ucs,37,113,0,0.24666666666666667,28,27,sin_agentes_pendientes,3238,29,424,2.496802970999852
1879,/home/stack/schl/Escape-Torre-IA/maps/open_area.txt,150,30068,a_star,38,112,0,0.25333333333333335,28,27,sin_agentes_pendientes,3255,30,447,1.265142354008276
1880,/home/stack/schl/Escape-Torre-IA/maps/open_area.txt,150,30068,greedy,34,116,0,0.22666666666666666,28,27,sin_agentes_pendientes,3148,12,732,0.7403194129874464
1881,/home/stack/schl/Escape-Torre-IA/maps/open_area.txt,150,30068,ida_star,36,114,0,0.24,28,27,sin_agentes_pendientes,3197,25,482,6.660476470016874
1882,/home/stack/schl/Escape-Torre-IA/maps/open_area.txt,150,30068,genetico,40,110,0,0.26666666666666666,28,27,sin_agentes_pendientes,3481,61,349,2.1945196720189415
1883,/home/stack/schl/Escape-Torre-IA/maps/open_area.txt,150,30069,bfs,35,115,0,0.23333333333333334,32,30,sin_agentes_pendientes,3200,35,911,1.4149228339956608
1884,/home/stack/schl/Escape-Torre-IA/maps/open_area.txt,150,30069,dfs,10,140,0,0.06666666666666667,32,30,sin_agentes_pendientes,3939,11,1654,2.0362199960218277
1885,/home/stack/schl/Escape-Torre-IA/maps/open_area.txt,150,30069,ucs,37,113,0,0.24666666666666667,32,30,sin_agentes_pendientes,3300,23,772,4.175545825011795
1886,/home/stack/schl/Escape-Torre-IA/maps/open_area.txt,150,30069,a_star,38,112,0,0.25333333333333335,32,30,sin_agentes_pendientes,3280,23,755,1.535712673998205
1887,/home/stack/schl/Escape-Torre-IA/maps/open_area.txt,150,30069,greedy,36,114,0,0.24,32,30,sin_agentes_pendientes,3205,50,878,0.6571823509875685
1888,/home/stack/schl/Escape-Torre-IA/maps/open_area.txt,150,30069,ida_star,36,114,0,0.24,32,30,sin_agentes_pendientes,3293,26,856,11.78877902799286
1889,/home/stack/schl/Escape-Torre-IA/maps/open_area.txt,150,30069,genetico,46,104,0,0.30666666666666664,32,31,sin_agentes_pendientes,3917,60,426,2.4629059929866344
1890,/home/stack/schl/Escape-Torre-IA/maps/open_area.txt,150,30070,bfs,53,97,0,0.35333333333333333,40,39,sin_agentes_pendientes,3264,608,1300,2.957351204007864
1891,/home/stack/schl/Escape-Torre-IA/maps/open_area.txt,150,30070,dfs,10,140,0,0.06666666666666667,40,39,sin_agentes_pendientes,3637,1246,2864,5.68116470699897
1892,/home/stack/schl/Escape-Torre-IA/maps/open_area.txt,150,30070,ucs,52,98,0,0.3466666666666667,40,39,sin_agentes_pendientes,3319,569,1259,7.4753923320095055
1893,/home/stack/schl/Escape-Torre-IA/maps/open_area.txt,150,30070,a_star,52,98,0,0.3466666666666667,40,39,sin_agentes_pendientes,3333,527,1226,4.199168997001834
1894,/home/stack/schl/Escape-Torre-IA/maps/open_area.txt,150,30070,greedy,49,101,0,0.32666666666666666,40,39,sin_agentes_pendientes,3278,316,998,1.4565666179987602
1895,/home/stack/schl/Escape-Torre-IA/maps/open_area.txt,150,30070,ida_star,52,98,0,0.3466666666666667,40,39,sin_agentes_pendientes,3224,424,1139,24.74097419998725
1896,/home/stack/schl/Escape-Torre-IA/maps/open_area.txt,150,30070,genetico,58,92,0,0.38666666666666666,40,39,sin_agentes_pendientes,3552,891,1285,10.16201909200754
1897,/home/stack/schl/Escape-Torre-IA/maps/open_area.txt,150,30071,bfs,89,61,0,0.5933333333333334,56,55,sin_agentes_pendientes,4270,262,547,1.2458550700102933
1898,/home/stack/schl/Escape-Torre-IA/maps/open_area.txt,150,30071,dfs,13,137,0,0.08666666666666667,56,45,sin_agentes_pendientes,5061,1238,3262,4.226036445994396
1899,/home/stack/schl/Escape-Torre-IA/maps/open_area.txt,150,30071,ucs,90,60,0,0.6,56,55,sin_agentes_pendientes,4654,482,567,2.972234651009785
1900,/home/stack/schl/Escape-Torre-IA/maps/open_area.txt,150,30071,a_star,90,60,0,0.6,56,55,sin_agentes_pendientes,4654,482,569,0.8767491450125817
1901,/home/stack/schl/Escape-Torre-IA/maps/open_area.txt,150,30071,greedy,85,65,0,0.5666666666666667,56,55,sin_agentes_pendientes,4238,143,577,0.4032413719978649
1902,/home/stack/schl/Escape-Torre-IA/maps/open_area.txt,150,30071,ida_star,90,60,0,0.6,56,55,sin_agentes_pendientes,4487,419,525,6.292776215996128
1903,/home/stack/schl/Escape-Torre-IA/maps/open_area.txt,150,30071,genetico,89,61,0,0.5933333333333334,56,55,sin_agentes_pendientes,4953,630,873,1.7649742149806116
1904,/home/stack/schl/Escape-Torre-IA/maps/open_area.txt,150,30072,bfs,28,122,0,0.18666666666666668,28,27,sin_agentes_pendientes,3439,70,517,1.2657189260062296
1905,/home/stack/schl/Escape-Torre-IA/maps/open_area.txt,150,30072,dfs,3,147,0,0.02,28,21,sin_agentes_pendientes,3570,10,1622,2.3210233370191418
1906,/home/stack/schl/Escape-Torre-IA/maps/open_area.txt,150,30072,ucs,28,122,0,0.18666666666666668,28,27,sin_agentes_pendientes,3478,51,543,3.1269370850059204
1907,/home/stack/schl/Escape-Torre-IA/maps/open_area.txt,150,30072,a_star,28,122,0,0.18666666666666668,28,27,sin_agentes_pendientes,3482,53,552,1.2430385269981343
1908,/home/stack/schl/Escape-Torre-IA/maps/open_area.txt,150,30072,greedy,27,123,0,0.18,28,27,sin_agentes_pendientes,3465,27,510,0.6722319289983716
1909,/home/stack/schl/Escape-Torre-IA/maps/open_area.txt,150,30072,ida_star,28,122,0,0.18666666666666668,28,27,sin_agentes_pendientes,3449,62,506,6.970775548979873
1910,/home/stack/schl/Escape-Torre-IA/maps/open_area.txt,150,30072,genetico,28,122,0,0.18666666666666668,28,27,sin_agentes_pendientes,3633,66,389,2.429792091017589
1911,/home/stack/schl/Escape-Torre-IA/maps/open_area.txt,150,30073,bfs,69,81,0,0.46,44,43,sin_agentes_pendientes,3973,507,698,1.327777005993994
1912,/home/stack/schl/Escape-Torre-IA/maps/open_area.txt,150,30073,dfs,3,147,0,0.02,44,24,sin_agentes_pendientes,5745,12,2108,2.8314015149953775
1913,/home/stack/schl/Escape-Torre-IA/maps/open_area.txt,150,30073,ucs,69,81,0,0.46,44,43,sin_agentes_pendientes,4049,467,689,3.3232376689848024
1914,/home/stack/schl/Escape-Torre-IA/maps/open_area.txt,150,30073,a_star,69,81,0,0.46,44,43,sin_agentes_pendientes,4033,467,679,1.044428641005652
1915,/home/stack/schl/Escape-Torre-IA/maps/open_area.txt,150,30073,greedy,68,82,0,0.4533333333333333,44,43,sin_agentes_pendientes,3996,405,615,0.4355497810174711
1916,/home/stack/schl/Escape-Torre-IA/maps/open_area.txt,150,30073,ida_star,69,81,0,0.46,44,43,sin_agentes_pendientes,3981,473,658,8.714207997982157
1917,/home/stack/schl/Escape-Torre-IA/maps/open_area.txt,150,30073,genetico,69,81,0,0.46,44,43,sin_agentes_pendientes,4498,498,860,2.836642545997165
1918,/home/stack/schl/Escape-Torre-IA/maps/open_area.txt,150,30074,bfs,114,36,0,0.76,64,64,sin_agentes_pendientes,4033,601,541,1.2876488539914135
1919,/home/stack/schl/Escape-Torre-IA/maps/open_area.txt,150,30074,dfs,34,116,0,0.22666666666666666,72,66,sin_agentes_pendientes,5328,999,2722,2.7072599889943376
1920,/home/stack/schl/Escape-Torre-IA/maps/open_area.txt,150,30074,ucs,118,32,0,0.7866666666666666,64,64,sin_agentes_pendientes,4217,638,499,2.4210117449983954
1921,/home/stack/schl/Escape-Torre-IA/maps/open_area.txt,150,30074,a_star,117,33,0,0.78,64,64,sin_agentes_pendientes,4096,590,454,0.8088809109758586
1922,/home/stack/schl/Escape-Torre-IA/maps/open_area.txt,150,30074,greedy,112,38,0,0.7466666666666667,67,67,sin_agentes_pendientes,3993,463,463,0.44107971800258383
1923,/home/stack/schl/Escape-Torre-IA/maps/open_area.txt,150,30074,ida_star,113,37,0,0.7533333333333333,64,64,sin_agentes_pendientes,3923,533,444,5.715494354983093
1924,/home/stack/schl/Escape-Torre-IA/maps/open_area.txt,150,30074,genetico,132,18,0,0.88,72,71,sin_agentes_pendientes,4926,919,1110,1.7786202499992214
1925,/home/stack/schl/Escape-Torre-IA/maps/open_area.txt,150,30075,bfs,96,54,0,0.64,57,57,sin_agentes_pendientes,4086,461,604,1.2655803060042672
1926,/home/stack/schl/Escape-Torre-IA/maps/open_area.txt,150,30075,dfs,14,136,0,0.09333333333333334,51,50,sin_agentes_pendientes,4612,658,2126,2.855517994990805
1927,/home/stack/schl/Escape-Torre-IA/maps/open_area.txt,150,30075,ucs,97,53,0,0.6466666666666666,58,58,sin_agentes_pendientes,4136,454,534,3.2016433739918284
1928,/home/stack/schl/Escape-Torre-IA/maps/open_area.txt,150,30075,a_star,96,54,0,0.64,57,57,sin_agentes_pendientes,4129,454,541,0.8528744759969413
1929,/home/stack/schl/Escape-Torre-IA/maps/open_area.txt,150,30075,greedy,94,56,0,0.6266666666666667,57,57,sin_agentes_pendientes,4088,411,576,0.4090508340159431
1930,/home/stack/schl/Escape-Torre-IA/maps/open_area.txt,150,30075,ida_star,97,53,0,0.6466666666666666,58,58,sin_agentes_pendientes,4128,470,570,7.041702993010404
1931,/home/stack/schl/Escape-Torre-IA/maps/open_area.txt,150,30075,genetico,104,46,0,0.6933333333333334,62,61,sin_agentes_pendientes,4896,911,1137,2.6943809920048807
1932,/home/stack/schl/Escape-Torre-IA/maps/open_area.txt,150,30076,bfs,58,92,0,0.38666666666666666,52,50,sin_agentes_pendientes,3920,203,1087,2.0177978680003434
1933,/home/stack/schl/Escape-Torre-IA/maps/open_area.txt,150,30076,dfs,13,137,0,0.08666666666666667,52,42,sin_agentes_pendientes,4425,754,2810,3.114528562000487
1934,/home/stack/schl/Escape-Torre-IA/maps/open_area.txt,150,30076,ucs,68,82,0,0.4533333333333333,52,50,sin_agentes_pendientes,4183,151,689,3.4221241530030966
1935,/home/stack/schl/Escape-Torre-IA/maps/open_area.txt,150,30076,a_star,68,82,0,0.4533333333333333,52,50,sin_agentes_pendientes,4159,159,692,1.259378701011883
1936,/home/stack/schl/Escape-Torre-IA/maps/open_area.txt,150,30076,greedy,58,92,0,0.38666666666666666,52,50,sin_agentes_pendientes,3920,126,1031,0.7053205939882901
1937,/home/stack/schl/Escape-Torre-IA/maps/open_area.txt,150,30076,ida_star,64,86,0,0.4266666666666667,52,50,sin_agentes_pendientes,4025,150,782,9.890692638990004
1938,/home/stack/schl/Escape-Torre-IA/maps/open_area.txt,150,30076,genetico,81,69,0,0.54,52,51,sin_agentes_pendientes,4839,391,664,2.5353785929910373
1939,/home/stack/schl/Escape-Torre-IA/maps/open_area.txt,150,30077,bfs,103,47,0,0.6866666666666666,60,59,sin_agentes_pendientes,4085,365,587,1.2144894899975043
1940,/home/stack/schl/Escape-Torre-IA/maps/open_area.txt,150,30077,dfs,28,122,0,0.18666666666666668,65,64,sin_agentes_pendientes,6113,663,2357,2.6413979720091447
1941,/home/stack/schl/Escape-Torre-IA/maps/open_area.txt,150,30077,ucs,114,36,0,0.76,64,64,sin_agentes_pendientes,4319,436,544,3.491062237008009
1942,/home/stack/schl/Escape-Torre-IA/maps/open_area.txt,150,30077,a_star,115,35,0,0.7666666666666667,64,64,sin_agentes_pendientes,4328,443,517,1.1070949620043393
1943,/home/stack/schl/Escape-Torre-IA/maps/open_area.txt,150,30077,greedy,103,47,0,0.6866666666666666,60,59,sin_agentes_pendientes,4088,323,548,0.4332002450246364
1944,/home/stack/schl/Escape-Torre-IA/maps/open_area.txt,150,30077,ida_star,112,38,0,0.7466666666666667,62,62,sin_agentes_pendientes,4251,415,550,7.9969284840044565
1945,/home/stack/schl/Escape-Torre-IA/maps/open_area.txt,150,30077,genetico,139,11,0,0.9266666666666666,76,76,sin_agentes_pendientes,5391,904,1070,1.8897249700094108
1946,/home/stack/schl/Escape-Torre-IA/maps/open_area.txt,150,30078,bfs,128,22,0,0.8533333333333334,74,74,sin_agentes_pendientes,4510,1274,536,0.7822457150032278
1947,/home/stack/schl/Escape-Torre-IA/maps/open_area.txt,150,30078,dfs,36,114,0,0.24,76,75,sin_agentes_pendientes,5079,490,2287,2.152143334998982
1948,/home/stack/schl/Escape-Torre-IA/maps/open_area.txt,150,30078,ucs,131,19,0,0.8733333333333333,76,76,sin_agentes_pendientes,4634,1343,589,1.9632394499785732
1949,/home/stack/schl/Escape-Torre-IA/maps/open_area.txt,150,30078,a_star,131,19,0,0.8733333333333333,76,76,sin_agentes_pendientes,4634,1343,589,0.7142090470006224
1950,/home/stack/schl/Escape-Torre-IA/maps/open_area.txt,150,30078,greedy,128,22,0,0.8533333333333334,74,74,sin_agentes_pendientes,4656,1146,491,0.4145916140114423
1951,/home/stack/schl/Escape-Torre-IA/maps/open_area.txt,150,30078,ida_star,131,19,0,0.8733333333333333,76,76,sin_agentes_pendientes,4632,1345,593,5.332220030017197
1952,/home/stack/schl/Escape-Torre-IA/maps/open_area.txt,150,30078,genetico,142,8,0,0.9466666666666667,81,81,sin_agentes_pendientes,5214,1650,1810,2.1536302820022684
1953,/home/stack/schl/Escape-Torre-IA/maps/open_area.txt,150,30079,bfs,34,116,0,0.22666666666666666,30,29,sin_agentes_pendientes,3643,42,554,1.3032249039970338
1954,/home/stack/schl/Escape-Torre-IA/maps/open_area.txt,150,30079,dfs,4,146,0,0.02666666666666667,30,22,sin_agentes_pendientes,3806,2,1677,1.795737113978248
1955,/home/stack/schl/Escape-Torre-IA/maps/open_area.txt,150,30079,ucs,34,116,0,0.22666666666666666,30,29,sin_agentes_pendientes,3715,48,743,4.228061158995843
1956,/home/stack/schl/Escape-Torre-IA/maps/open_area.txt,150,30079,a_star,34,116,0,0.22666666666666666,30,29,sin_agentes_pendientes,3714,55,756,1.510666472982848
1957,/home/stack/schl/Escape-Torre-IA/maps/open_area.txt,150,30079,greedy,31,119,0,0.20666666666666667,30,29,sin_agentes_pendientes,3668,63,596,0.589227595977718
1958,/home/stack/schl/Escape-Torre-IA/maps/open_area.txt,150,30079,ida_star,34,116,0,0.22666666666666666,30,29,sin_agentes_pendientes,3680,57,730,12.21657938399585
1959,/home/stack/schl/Escape-Torre-IA/maps/open_area.txt,150,30079,genetico,35,115,0,0.23333333333333334,30,29,sin_agentes_pendientes,3900,55,488,3.361326195008587
1960,/home/stack/schl/Escape-Torre-IA/maps/open_area.txt,150,30080,bfs,22,128,0,0.14666666666666667,24,23,sin_agentes_pendientes,2997,19,757,1.7598701019887812
1961,/home/stack/schl/Escape-Torre-IA/maps/open_area.txt,150,30080,dfs,7,143,0,0.04666666666666667,24,14,sin_agentes_pendientes,3259,6,1374,2.1171635199862067
1962,/home/stack/schl/Escape-Torre-IA/maps/open_area.txt,150,30080,ucs,26,124,0,0.17333333333333334,24,23,sin_agentes_pendientes,3049,17,751,4.620405163004762
1963,/home/stack/schl/Escape-Torre-IA/maps/open_area.txt,150,30080,a_star,26,124,0,0.17333333333333334,24,23,sin_agentes_pendientes,3036,14,773,1.9264056429965422
1964,/home/stack/schl/Escape-Torre-IA/maps/open_area.txt,150,30080,greedy,18,132,0,0.12,24,23,sin_agentes_pendientes,2941,4,705,0.8202597649942618
1965,/home/stack/schl/Escape-Torre-IA/maps/open_area.txt,150,30080,ida_star,26,124,0,0.17333333333333334,24,23,sin_agentes_pendientes,2975,11,696,9.725984541000798
1966,/home/stack/schl/Escape-Torre-IA/maps/open_area.txt,150,30080,genetico,26,124,0,0.17333333333333334,24,23,sin_agentes_pendientes,3169,19,359,2.7154876189888455
1967,/home/stack/schl/Escape-Torre-IA/maps/open_area.txt,150,30081,bfs,55,95,0,0.36666666666666664,40,39,sin_agentes_pendientes,4103,149,718,1.2818635329895187
1968,/home/stack/schl/Escape-Torre-IA/maps/open_area.txt,150,30081,dfs,16,134,0,0.10666666666666667,40,37,sin_agentes_pendientes,4854,4,1342,1.7065251099993475
1969,/home/stack/schl/Escape-Torre-IA/maps/open_area.txt,150,30081,ucs,50,100,0,0.3333333333333333,40,38,sin_agentes_pendientes,4322,96,706,3.2378595320042223
1970,/home/stack/schl/Escape-Torre-IA/maps/open_area.txt,150,30081,a_star,50,100,0,0.3333333333333333,40,38,sin_agentes_pendientes,4260,94,670,1.0084676259721164
1971,/home/stack/schl/Escape-Torre-IA/maps/open_area.txt,150,30081,greedy,52,98,0,0.3466666666666667,41,40,sin_agentes_pendientes,4052,112,650,0.5412571250053588
1972,/home/stack/schl/Escape-Torre-IA/maps/open_area.txt,150,30081,ida_star,52,98,0,0.3466666666666667,40,38,sin_agentes_pendientes,4160,91,689,8.723375654983101
1973,/home/stack/schl/Escape-Torre-IA/maps/open_area.txt,150,30081,genetico,56,94,0,0.37333333333333335,40,39,sin_agentes_pendientes,4677,256,569,2.3465177020116244
1974,/home/stack/schl/Escape-Torre-IA/maps/open_area.txt,150,30082,bfs,89,61,0,0.5933333333333334,54,53,sin_agentes_pendientes,3972,332,661,1.2886393209919333
1975,/home/stack/schl/Escape-Torre-IA/maps/open_area.txt,150,30082,dfs,25,125,0,0.16666666666666666,63,62,sin_agentes_pendientes,5066,545,2180,1.994054929993581
1976,/home/stack/schl/Escape-Torre-IA/maps/open_area.txt,150,30082,ucs,95,55,0,0.6333333333333333,56,56,sin_agentes_pendientes,4135,427,574,2.699373628012836
1977,/home/stack/schl/Escape-Torre-IA/maps/open_area.txt,150,30082,a_star,99,51,0,0.66,58,58,sin_agentes_pendientes,4190,488,572,0.8412882330012508
1978,/home/stack/schl/Escape-Torre-IA/maps/open_area.txt,150,30082,greedy,90,60,0,0.6,54,54,sin_agentes_pendientes,4025,370,659,0.42719463899265975
1979,/home/stack/schl/Escape-Torre-IA/maps/open_area.txt,150,30082,ida_star,97,53,0,0.6466666666666666,57,57,sin_agentes_pendientes,4128,478,617,7.616234659973998
1980,/home/stack/schl/Escape-Torre-IA/maps/open_area.txt,150,30082,genetico,117,33,0,0.78,68,67,sin_agentes_pendientes,4994,976,1164,1.6816978679853491
1981,/home/stack/schl/Escape-Torre-IA/maps/open_area.txt,150,30083,bfs,87,63,0,0.58,54,53,sin_agentes_pendientes,3955,441,738,1.2496791599842254
1982,/home/stack/schl/Escape-Torre-IA/maps/open_area.txt,150,30083,dfs,20,130,0,0.13333333333333333,56,50,sin_agentes_pendientes,5353,311,2564,2.3770636199915316
1983,/home/stack/schl/Escape-Torre-IA/maps/open_area.txt,150,30083,ucs,100,50,0,0.6666666666666666,59,59,sin_agentes_pendientes,4200,662,569,2.667144194012508
1984,/home/stack/schl/Escape-Torre-IA/maps/open_area.txt,150,30083,a_star,100,50,0,0.6666666666666666,59,59,sin_agentes_pendientes,4154,662,551,0.8178291479998734
1985,/home/stack/schl/Escape-Torre-IA/maps/open_area.txt,150,30083,greedy,85,65,0,0.5666666666666667,52,52,sin_agentes_pendientes,3876,373,700,0.38086363999173045
1986,/home/stack/schl/Escape-Torre-IA/maps/open_area.txt,150,30083,ida_star,100,50,0,0.6666666666666666,59,59,sin_agentes_pendientes,4033,673,559,6.527787664992502
1987,/home/stack/schl/Escape-Torre-IA/maps/open_area.txt,150,30083,genetico,102,48,0,0.68,61,60,sin_agentes_pendientes,5089,975,1172,1.7303987050254364
1988,/home/stack/schl/Escape-Torre-IA/maps/open_area.txt,150,30084,bfs,85,65,0,0.5666666666666667,58,56,sin_agentes_pendientes,3911,422,688,1.3907474119914696
1989,/home/stack/schl/Escape-Torre-IA/maps/open_area.txt,150,30084,dfs,14,136,0,0.09333333333333334,56,53,sin_agentes_pendientes,4802,448,2541,2.7389849119936116
1990,/home/stack/schl/Escape-Torre-IA/maps/open_area.txt,150,30084,ucs,89,61,0,0.5933333333333334,58,56,sin_agentes_pendientes,3936,457,678,3.596217195998179
1991,/home/stack/schl/Escape-Torre-IA/maps/open_area.txt,150,30084,a_star,89,61,0,0.5933333333333334,58,56,sin_agentes_pendientes,3916,405,616,1.2261957710143179
1992,/home/stack/schl/Escape-Torre-IA/maps/open_area.txt,150,30084,greedy,81,69,0,0.54,58,57,sin_agentes_pendientes,3992,260,578,0.43844410401652567
1993,/home/stack/schl/Escape-Torre-IA/maps/open_area.txt,150,30084,ida_star,89,61,0,0.5933333333333334,58,56,sin_agentes_pendientes,3806,395,597,9.077464950998547
1994,/home/stack/schl/Escape-Torre-IA/maps/open_area.txt,150,30084,genetico,98,52,0,0.6533333333333333,58,57,sin_agentes_pendientes,4749,631,882,2.193133057007799
1995,/home/stack/schl/Escape-Torre-IA/maps/open_area.txt,150,30085,bfs,48,102,0,0.32,34,33,sin_agentes_pendientes,3608,126,685,1.384050119027961
1996,/home/stack/schl/Escape-Torre-IA/maps/open_area.txt,150,30085,dfs,14,136,0,0.09333333333333334,34,33,sin_agentes_pendientes,4269,18,1861,2.090155377984047
1997,/home/stack/schl/Escape-Torre-IA/maps/open_area.txt,150,30085,ucs,48,102,0,0.32,34,33,sin_agentes_pendientes,3790,162,543,2.8215328280057292
1998,/home/stack/schl/Escape-Torre-IA/maps/open_area.txt,150,30085,a_star,48,102,0,0.32,34,33,sin_agentes_pendientes,3770,150,540,1.1452466420014389
1999,/home/stack/schl/Escape-Torre-IA/maps/open_area.txt,150,30085,greedy,48,102,0,0.32,34,33,sin_agentes_pendientes,3481,85,736,0.5649819509999361
2000,/home/stack/schl/Escape-Torre-IA/maps/open_area.txt,150,30085,ida_star,48,102,0,0.32,34,33,sin_agentes_pendientes,3713,81,543,7.040732094988925
2001,/home/stack/schl/Escape-Torre-IA/maps/open_area.txt,150,30085,genetico,48,102,0,0.32,34,33,sin_agentes_pendientes,4144,188,464,2.2724719749821816
2002,/home/stack/schl/Escape-Torre-IA/maps/open_area.txt,150,30086,bfs,131,19,0,0.8733333333333333,72,72,sin_agentes_pendientes,4564,884,408,0.7779356850078329
2003,/home/stack/schl/Escape-Torre-IA/maps/open_area.txt,150,30086,dfs,29,121,0,0.19333333333333333,78,69,sin_agentes_pendientes,5963,576,2771,2.8478258260001894
2004,/home/stack/schl/Escape-Torre-IA/maps/open_area.txt,150,30086,ucs,130,20,0,0.8666666666666667,71,71,sin_agentes_pendientes,4632,829,455,1.8138174089835957
2005,/home/stack/schl/Escape-Torre-IA/maps/open_area.txt,150,30086,a_star,129,21,0,0.86,71,71,sin_agentes_pendientes,4601,818,452,0.6252833869948518
2006,/home/stack/schl/Escape-Torre-IA/maps/open_area.txt,150,30086,greedy,130,20,0,0.8666666666666667,71,71,sin_agentes_pendientes,4620,753,386,0.357025014993269
2007,/home/stack/schl/Escape-Torre-IA/maps/open_area.txt,150,30086,ida_star,129,21,0,0.86,71,71,sin_agentes_pendientes,4561,822,447,5.308642204006901
2008,/home/stack/schl/Escape-Torre-IA/maps/open_area.txt,150,30086,genetico,142,8,0,0.9466666666666667,77,77,sin_agentes_pendientes,5123,1006,1183,1.641308994992869
2009,/home/stack/schl/Escape-Torre-IA/maps/open_area.txt,150,30087,bfs,122,28,0,0.8133333333333334,73,73,sin_agentes_pendientes,4934,774,409,0.7841592880140524
2010,/home/stack/schl/Escape-Torre-IA/maps/open_area.txt,150,30087,dfs,22,128,0,0.14666666666666667,72,60,sin_agentes_pendientes,5728,365,2640,2.565362733002985
2011,/home/stack/schl/Escape-Torre-IA/maps/open_area.txt,150,30087,ucs,118,32,0,0.7866666666666666,71,71,sin_agentes_pendientes,4950,642,431,2.2145162360102404
2012,/home/stack/schl/Escape-Torre-IA/maps/open_area.txt,150,30087,a_star,118,32,0,0.7866666666666666,71,71,sin_agentes_pendientes,4950,642,431,0.684738796990132
2013,/home/stack/schl/Escape-Torre-IA/maps/open_area.txt,150,30087,greedy,121,29,0,0.8066666666666666,74,73,sin_agentes_pendientes,5049,772,410,0.38013742299517617
2014,/home/stack/schl/Escape-Torre-IA/maps/open_area.txt,150,30087,ida_star,117,33,0,0.78,70,70,sin_agentes_pendientes,4837,637,411,5.035930770012783
2015,/home/stack/schl/Escape-Torre-IA/maps/open_area.txt,150,30087,genetico,123,27,0,0.82,74,73,sin_agentes_pendientes,5597,961,1132,1.6859302440134343
2016,/home/stack/schl/Escape-Torre-IA/maps/open_area.txt,150,30088,bfs,51,99,0,0.34,32,31,sin_agentes_pendientes,3589,51,630,1.715694976010127
2017,/home/stack/schl/Escape-Torre-IA/maps/open_area.txt,150,30088,dfs,13,137,0,0.08666666666666667,32,30,sin_agentes_pendientes,4006,5,1940,2.6156141000101343
2018,/home/stack/schl/Escape-Torre-IA/maps/open_area.txt,150,30088,ucs,51,99,0,0.34,32,31,sin_agentes_pendientes,3605,51,781,4.684281796013238
2019,/home/stack/schl/Escape-Torre-IA/maps/open_area.txt,150,30088,a_star,51,99,0,0.34,32,31,sin_agentes_pendientes,3589,51,752,1.8514276079949923
2020,/home/stack/schl/Escape-Torre-IA/maps/open_area.txt,150,30088,greedy,48,102,0,0.32,32,31,sin_agentes_pendientes,3596,35,662,0.7317933749873191
2021,/home/stack/schl/Escape-Torre-IA/maps/open_area.txt,150,30088,ida_star,51,99,0,0.34,32,31,sin_agentes_pendientes,3548,52,749,43.60032450599829
2022,/home/stack/schl/Escape-Torre-IA/maps/open_area.txt,150,30088,genetico,50,100,0,0.3333333333333333,32,31,sin_agentes_pendientes,3818,76,489,3.7882654900022317
2023,/home/stack/schl/Escape-Torre-IA/maps/open_area.txt,150,30089,bfs,108,42,0,0.72,66,65,sin_agentes_pendientes,4618,915,600,1.2882204440247733
2024,/home/stack/schl/Escape-Torre-IA/maps/open_area.txt,150,30089,dfs,13,137,0,0.08666666666666667,66,53,sin_agentes_pendientes,7365,37,2149,2.370567937992746
2025,/home/stack/schl/Escape-Torre-IA/maps/open_area.txt,150,30089,ucs,108,42,0,0.72,66,65,sin_agentes_pendientes,4783,1002,608,2.532797499996377
2026,/home/stack/schl/Escape-Torre-IA/maps/open_area.txt,150,30089,a_star,108,42,0,0.72,66,65,sin_agentes_pendientes,4783,1002,608,0.8889640709967352
2027,/home/stack/schl/Escape-Torre-IA/maps/open_area.txt,150,30089,greedy,106,44,0,0.7066666666666667,66,65,sin_agentes_pendientes,4722,846,552,0.4155363340105396
2028,/home/stack/schl/Escape-Torre-IA/maps/open_area.txt,150,30089,ida_star,106,44,0,0.7066666666666667,66,64,sin_agentes_pendientes,4742,899,582,7.9898407779983245
2029,/home/stack/schl/Escape-Torre-IA/maps/open_area.txt,150,30089,genetico,108,42,0,0.72,66,65,sin_agentes_pendientes,5316,1217,1382,1.8806385780044366
2030,/home/stack/schl/Escape-Torre-IA/maps/open_area.txt,150,30090,bfs,112,38,0,0.7466666666666667,66,65,sin_agentes_pendientes,4747,904,465,0.8111152760102414
2031,/home/stack/schl/Escape-Torre-IA/maps/open_area.txt,150,30090,dfs,19,131,0,0.12666666666666668,66,47,sin_agentes_pendientes,5183,308,2613,2.969890528009273
2032,/home/stack/schl/Escape-Torre-IA/maps/open_area.txt,150,30090,ucs,112,38,0,0.7466666666666667,66,65,sin_agentes_pendientes,4639,768,469,1.8858328849892132
2033,/home/stack/schl/Escape-Torre-IA/maps/open_area.txt,150,30090,a_star,112,38,0,0.7466666666666667,66,65,sin_agentes_pendientes,4639,768,475,0.7038225670112297
2034,/home/stack/schl/Escape-Torre-IA/maps/open_area.txt,150,30090,greedy,112,38,0,0.7466666666666667,66,65,sin_agentes_pendientes,4855,796,484,0.4946981569810305
2035,/home/stack/schl/Escape-Torre-IA/maps/open_area.txt,150,30090,ida_star,112,38,0,0.7466666666666667,66,65,sin_agentes_pendientes,4557,750,463,4.776029926986666
2036,/home/stack/schl/Escape-Torre-IA/maps/open_area.txt,150,30090,genetico,112,38,0,0.7466666666666667,66,65,sin_agentes_pendientes,5210,979,1191,2.059566243988229
2037,/home/stack/schl/Escape-Torre-IA/maps/open_area.txt,150,30091,bfs,34,116,0,0.22666666666666666,26,25,sin_agentes_pendientes,2949,88,682,1.2970105109852739
2038,/home/stack/schl/Escape-Torre-IA/maps/open_area.txt,150,30091,dfs,7,143,0,0.04666666666666667,26,25,sin_agentes_pendientes,3419,14,1420,1.7302324989868794
2039,/home/stack/schl/Escape-Torre-IA/maps/open_area.txt,150,30091,ucs,35,115,0,0.23333333333333334,26,25,sin_agentes_pendientes,2976,59,587,3.0570238690124825
2040,/home/stack/schl/Escape-Torre-IA/maps/open_area.txt,150,30091,a_star,35,115,0,0.23333333333333334,26,25,sin_agentes_pendientes,2969,52,582,1.2214471950137522
2041,/home/stack/schl/Escape-Torre-IA/maps/open_area.txt,150,30091,greedy,31,119,0,0.20666666666666667,26,25,sin_agentes_pendientes,2945,36,672,0.590324235992739
2042,/home/stack/schl/Escape-Torre-IA/maps/open_area.txt,150,30091,ida_star,35,115,0,0.23333333333333334,26,25,sin_agentes_pendientes,2953,56,605,8.014151372015476
2043,/home/stack/schl/Escape-Torre-IA/maps/open_area.txt,150,30091,genetico,37,113,0,0.24666666666666667,26,25,sin_agentes_pendientes,3316,48,311,1.9649937259964645
2044,/home/stack/schl/Escape-Torre-IA/maps/open_area.txt,150,30092,bfs,70,80,0,0.4666666666666667,48,47,sin_agentes_pendientes,3744,94,742,1.4364542569965124
2045,/home/stack/schl/Escape-Torre-IA/maps/open_area.txt,150,30092,dfs,7,143,0,0.04666666666666667,48,42,sin_agentes_pendientes,5236,96,1959,2.0375081379897892
2046,/home/stack/schl/Escape-Torre-IA/maps/open_area.txt,150,30092,ucs,74,76,0,0.49333333333333335,48,47,sin_agentes_pendientes,4195,107,666,3.196960343979299
2047,/home/stack/schl/Escape-Torre-IA/maps/open_area.txt,150,30092,a_star,74,76,0,0.49333333333333335,48,47,sin_agentes_pendientes,4143,107,644,1.062523010012228
2048,/home/stack/schl/Escape-Torre-IA/maps/open_area.txt,150,30092,greedy,70,80,0,0.4666666666666667,48,47,sin_agentes_pendientes,3890,95,761,0.5111781960004009
2049,/home/stack/schl/Escape-Torre-IA/maps/open_area.txt,150,30092,ida_star,72,78,0,0.48,48,47,sin_agentes_pendientes,4001,115,658,8.654804441990564
2050,/home/stack/schl/Escape-Torre-IA/maps/open_area.txt,150,30092,genetico,94,56,0,0.6266666666666667,57,56,sin_agentes_pendientes,5107,790,962,2.472735746006947
2051,/home/stack/schl/Escape-Torre-IA/maps/open_area.txt,150,30093,bfs,68,82,0,0.4533333333333333,51,51,sin_agentes_pendientes,3953,201,678,1.2778089090134017
2052,/home/stack/schl/Escape-Torre-IA/maps/open_area.txt,150,30093,dfs,8,142,0,0.05333333333333334,46,45,sin_agentes_pendientes,4727,350,1839,2.489344539004378
2053,/home/stack/schl/Escape-Torre-IA/maps/open_area.txt,150,30093,ucs,69,81,0,0.46,52,51,sin_agentes_pendientes,4161,226,695,3.950898340001004
2054,/home/stack/schl/Escape-Torre-IA/maps/open_area.txt,150,30093,a_star,69,81,0,0.46,52,51,sin_agentes_pendientes,4147,226,688,1.1996546940063126
2055,/home/stack/schl/Escape-Torre-IA/maps/open_area.txt,150,30093,greedy,69,81,0,0.46,52,52,sin_agentes_pendientes,3965,175,630,0.5347779570147395
2056,/home/stack/schl/Escape-Torre-IA/maps/open_area.txt,150,30093,ida_star,68,82,0,0.4533333333333333,53,53,sin_agentes_pendientes,4038,197,686,7.8501044690201525
2057,/home/stack/schl/Escape-Torre-IA/maps/open_area.txt,150,30093,genetico,81,69,0,0.54,54,53,sin_agentes_pendientes,4798,716,972,3.563115046999883
2058,/home/stack/schl/Escape-Torre-IA/maps/open_area.txt,150,30094,bfs,67,83,0,0.44666666666666666,48,47,sin_agentes_pendientes,4113,92,844,1.444013641012134
2059,/home/stack/schl/Escape-Torre-IA/maps/open_area.txt,150,30094,dfs,7,143,0,0.04666666666666667,47,46,sin_agentes_pendientes,5247,214,1951,2.510355514008552
2060,/home/stack/schl/Escape-Torre-IA/maps/open_area.txt,150,30094,ucs,76,74,0,0.5066666666666667,48,47,sin_agentes_pendientes,4439,254,548,2.44794561600429
2061,/home/stack/schl/Escape-Torre-IA/maps/open_area.txt,150,30094,a_star,76,74,0,0.5066666666666667,48,47,sin_agentes_pendientes,4413,234,530,0.8533178310026415
2062,/home/stack/schl/Escape-Torre-IA/maps/open_area.txt,150,30094,greedy,66,84,0,0.44,48,47,sin_agentes_pendientes,4028,76,842,0.5349802089913283
2063,/home/stack/schl/Escape-Torre-IA/maps/open_area.txt,150,30094,ida_star,76,74,0,0.5066666666666667,48,47,sin_agentes_pendientes,4262,231,554,6.483799223002279
2064,/home/stack/schl/Escape-Torre-IA/maps/open_area.txt,150,30094,genetico,76,74,0,0.5066666666666667,48,47,sin_agentes_pendientes,4862,521,773,2.4141057989909314
2065,/home/stack/schl/Escape-Torre-IA/maps/open_area.txt,150,30095,bfs,116,34,0,0.7733333333333333,66,65,sin_agentes_pendientes,4661,733,431,0.7871026239881758
2066,/home/stack/schl/Escape-Torre-IA/maps/open_area.txt,150,30095,dfs,32,118,0,0.21333333333333335,66,64,sin_agentes_pendientes,6687,23,1812,2.0273414489929564
2067,/home/stack/schl/Escape-Torre-IA/maps/open_area.txt,150,30095,ucs,116,34,0,0.7733333333333333,66,65,sin_agentes_pendientes,4892,864,410,1.459634583996376
2068,/home/stack/schl/Escape-Torre-IA/maps/open_area.txt,150,30095,a_star,116,34,0,0.7733333333333333,66,65,sin_agentes_pendientes,4892,864,411,0.6260818230221048
2069,/home/stack/schl/Escape-Torre-IA/maps/open_area.txt,150,30095,greedy,116,34,0,0.7733333333333333,66,65,sin_agentes_pendientes,4704,624,409,0.3343663830019068
2070,/home/stack/schl/Escape-Torre-IA/maps/open_area.txt,150,30095,ida_star,116,34,0,0.7733333333333333,66,65,sin_agentes_pendientes,4806,858,427,5.206571281014476
2071,/home/stack/schl/Escape-Torre-IA/maps/open_area.txt,150,30095,genetico,116,34,0,0.7733333333333333,66,65,sin_agentes_pendientes,5294,1058,1214,1.720634594996227
2072,/home/stack/schl/Escape-Torre-IA/maps/open_area.txt,150,30096,bfs,88,62,0,0.5866666666666667,54,53,sin_agentes_pendientes,4058,286,551,1.1736442249966785
2073,/home/stack/schl/Escape-Torre-IA/maps/open_area.txt,150,30096,dfs,23,127,0,0.15333333333333332,57,56,sin_agentes_pendientes,5841,464,2566,2.4253884489880875
2074,/home/stack/schl/Escape-Torre-IA/maps/open_area.txt,150,30096,ucs,95,55,0,0.6333333333333333,57,57,sin_agentes_pendientes,4331,369,612,2.8168531869887374
2075,/home/stack/schl/Escape-Torre-IA/maps/open_area.txt,150,30096,a_star,95,55,0,0.6333333333333333,57,57,sin_agentes_pendientes,4331,369,612,1.0031181669910438
2076,/home/stack/schl/Escape-Torre-IA/maps/open_area.txt,150,30096,greedy,91,59,0,0.6066666666666667,58,57,sin_agentes_pendientes,4183,205,541,0.3553888199967332
2077,/home/stack/schl/Escape-Torre-IA/maps/open_area.txt,150,30096,ida_star,91,59,0,0.6066666666666667,56,55,sin_agentes_pendientes,4171,329,567,7.139783018996241
2078,/home/stack/schl/Escape-Torre-IA/maps/open_area.txt,150,30096,genetico,100,50,0,0.6666666666666666,60,59,sin_agentes_pendientes,5034,854,1050,1.894692734000273
2079,/home/stack/schl/Escape-Torre-IA/maps/open_area.txt,150,30097,bfs,110,40,0,0.7333333333333333,64,64,sin_agentes_pendientes,4015,808,610,1.144498001987813
2080,/home/stack/schl/Escape-Torre-IA/maps/open_area.txt,150,30097,dfs,17,133,0,0.11333333333333333,74,55,sin_agentes_pendientes,4972,625,2183,2.054631450009765
2081,/home/stack/schl/Escape-Torre-IA/maps/open_area.txt,150,30097,ucs,113,37,0,0.7533333333333333,65,65,sin_agentes_pendientes,4147,879,572,2.465580337011488
2082,/home/stack/schl/Escape-Torre-IA/maps/open_area.txt,150,30097,a_star,113,37,0,0.7533333333333333,65,65,sin_agentes_pendientes,4145,879,571,0.7702989650133532
2083,/home/stack/schl/Escape-Torre-IA/maps/open_area.txt,150,30097,greedy,110,40,0,0.7333333333333333,64,64,sin_agentes_pendientes,4133,664,559,0.3884022240235936
2084,/home/stack/schl/Escape-Torre-IA/maps/open_area.txt,150,30097,ida_star,113,37,0,0.7533333333333333,65,65,sin_agentes_pendientes,4149,883,590,6.3439776220184285
2085,/home/stack/schl/Escape-Torre-IA/maps/open_area.txt,150,30097,genetico,126,24,0,0.84,72,72,sin_agentes_pendientes,5095,1136,1304,1.8396687479980756
2086,/home/stack/schl/Escape-Torre-IA/maps/open_area.txt,150,30098,bfs,130,20,0,0.8666666666666667,74,74,sin_agentes_pendientes,4488,1317,609,0.889937699015718
2087,/home/stack/schl/Escape-Torre-IA/maps/open_area.txt,150,30098,dfs,30,120,0,0.2,84,80,sin_agentes_pendientes,7106,127,2296,2.225336877978407
2088,/home/stack/schl/Escape-Torre-IA/maps/open_area.txt,150,30098,ucs,131,19,0,0.8733333333333333,75,75,sin_agentes_pendientes,4574,1303,634,2.015114262001589
2089,/home/stack/schl/Escape-Torre-IA/maps/open_area.txt,150,30098,a_star,131,19,0,0.8733333333333333,75,75,sin_agentes_pendientes,4552,1273,595,0.7319798879907466
2090,/home/stack/schl/Escape-Torre-IA/maps/open_area.txt,150,30098,greedy,130,20,0,0.8666666666666667,75,75,sin_agentes_pendientes,4590,1206,540,0.37119400198571384
2091,/home/stack/schl/Escape-Torre-IA/maps/open_area.txt,150,30098,ida_star,131,19,0,0.8733333333333333,75,75,sin_agentes_pendientes,4548,1277,602,6.277878838009201
2092,/home/stack/schl/Escape-Torre-IA/maps/open_area.txt,150,30098,genetico,144,6,0,0.96,84,81,sin_agentes_pendientes,5275,1496,1680,2.2404323569789995
2093,/home/stack/schl/Escape-Torre-IA/maps/open_area.txt,150,30099,bfs,60,90,0,0.4,38,37,sin_agentes_pendientes,3669,85,711,1.719652703992324
2094,/home/stack/schl/Escape-Torre-IA/maps/open_area.txt,150,30099,dfs,19,131,0,0.12666666666666668,38,33,sin_agentes_pendientes,4606,38,1898,3.0331523900094908
2095,/home/stack/schl/Escape-Torre-IA/maps/open_area.txt,150,30099,ucs,57,93,0,0.38,38,37,sin_agentes_pendientes,3834,62,857,5.01433755402104
2096,/home/stack/schl/Escape-Torre-IA/maps/open_area.txt,150,30099,a_star,57,93,0,0.38,38,37,sin_agentes_pendientes,3818,62,849,1.290461538999807
2097,/home/stack/schl/Escape-Torre-IA/maps/open_area.txt,150,30099,greedy,59,91,0,0.3933333333333333,38,37,sin_agentes_pendientes,3753,76,748,0.5056410639954265
2098,/home/stack/schl/Escape-Torre-IA/maps/open_area.txt,150,30099,ida_star,60,90,0,0.4,38,37,sin_agentes_pendientes,3684,74,760,10.413532070000656
2099,/home/stack/schl/Escape-Torre-IA/maps/open_area.txt,150,30099,genetico,60,90,0,0.4,38,37,sin_agentes_pendientes,4362,152,605,3.0849313009821344
